[10Aug2025 21:07:10.155] [main/INFO] [cpw.mods.modlauncher.Launcher/MODLAUNCHER]: ModLauncher running: args [--launchTarget, forgeserver, --fml.forgeVersion, 47.4.0, --fml.mcVersion, 1.20.1, --fml.forgeGroup, net.minecraftforge, --fml.mcpVersion, 20230612.114412, nogui]
[10Aug2025 21:07:10.159] [main/INFO] [cpw.mods.modlauncher.Launcher/MODLAUNCHER]: ModLauncher 10.0.9+10.0.9+main.dcd20f30 starting: java version 17.0.15 by Ubuntu; OS Linux arch amd64 version 6.8.0-1030-azure
[10Aug2025 21:07:10.187] [main/DEBUG] [cpw.mods.modlauncher.LaunchServiceHandler/MODLAUNCHER]: Found launch services [fmlclientdev,forgeclient,minecraft,forgegametestserverdev,fmlserveruserdev,fmlclient,fmldatauserdev,forgeserverdev,forgeserveruserdev,forgeclientdev,forgeclientuserdev,forgeserver,forgedatadev,fmlserver,fmlclientuserdev,fmlserverdev,forgedatauserdev,testharness,forgegametestserveruserdev]
[10Aug2025 21:07:10.200] [main/DEBUG] [cpw.mods.modlauncher.NameMappingServiceHandler/MODLAUNCHER]: Found naming services : [srgtomcp]
[10Aug2025 21:07:10.219] [main/DEBUG] [cpw.mods.modlauncher.LaunchPluginHandler/MODLAUNCHER]: Found launch plugins: [mixin,eventbus,slf4jfixer,object_holder_definalize,runtime_enum_extender,capability_token_subclass,accesstransformer,runtimedistcleaner]
[10Aug2025 21:07:10.230] [main/DEBUG] [cpw.mods.modlauncher.TransformationServicesHandler/MODLAUNCHER]: Discovering transformation services
[10Aug2025 21:07:10.237] [main/DEBUG] [net.minecraftforge.fml.loading.FMLPaths/CORE]: Path GAMEDIR is /workspaces/Server/servidor_minecraft
[10Aug2025 21:07:10.237] [main/DEBUG] [net.minecraftforge.fml.loading.FMLPaths/CORE]: Path MODSDIR is /workspaces/Server/servidor_minecraft/mods
[10Aug2025 21:07:10.238] [main/DEBUG] [net.minecraftforge.fml.loading.FMLPaths/CORE]: Path CONFIGDIR is /workspaces/Server/servidor_minecraft/config
[10Aug2025 21:07:10.238] [main/DEBUG] [net.minecraftforge.fml.loading.FMLPaths/CORE]: Path FMLCONFIG is /workspaces/Server/servidor_minecraft/config/fml.toml
[10Aug2025 21:07:11.753] [main/DEBUG] [cpw.mods.modlauncher.TransformationServicesHandler/MODLAUNCHER]: Found additional transformation services from discovery services: 
[10Aug2025 21:07:11.759] [main/INFO] [net.minecraftforge.fml.loading.ImmediateWindowHandler/]: ImmediateWindowProvider not loading because launch target is forgeserver
[10Aug2025 21:07:11.766] [main/DEBUG] [cpw.mods.modlauncher.TransformationServicesHandler/MODLAUNCHER]: Found transformer services : [mixin,fml]
[10Aug2025 21:07:11.766] [main/DEBUG] [cpw.mods.modlauncher.TransformationServicesHandler/MODLAUNCHER]: Transformation services loading
[10Aug2025 21:07:11.767] [main/DEBUG] [cpw.mods.modlauncher.TransformationServiceDecorator/MODLAUNCHER]: Loading service mixin
[10Aug2025 21:07:11.767] [main/DEBUG] [cpw.mods.modlauncher.TransformationServiceDecorator/MODLAUNCHER]: Loaded service mixin
[10Aug2025 21:07:11.767] [main/DEBUG] [cpw.mods.modlauncher.TransformationServiceDecorator/MODLAUNCHER]: Loading service fml
[10Aug2025 21:07:11.768] [main/DEBUG] [net.minecraftforge.fml.loading.LauncherVersion/CORE]: Found FMLLauncher version 1.0
[10Aug2025 21:07:11.768] [main/DEBUG] [net.minecraftforge.fml.loading.FMLLoader/CORE]: FML 1.0 loading
[10Aug2025 21:07:11.769] [main/DEBUG] [net.minecraftforge.fml.loading.FMLLoader/CORE]: FML found ModLauncher version : 10.0.9+10.0.9+main.dcd20f30
[10Aug2025 21:07:11.769] [main/DEBUG] [net.minecraftforge.fml.loading.FMLLoader/CORE]: Requesting CoreMods to not apply the fix for ASMAPI.findFirstInstructionBefore by default
[10Aug2025 21:07:11.769] [main/DEBUG] [net.minecraftforge.fml.loading.FMLLoader/CORE]: FML found AccessTransformer version : 8.0.4+66+master.c09db6d7
[10Aug2025 21:07:11.770] [main/DEBUG] [net.minecraftforge.fml.loading.FMLLoader/CORE]: FML found EventBus version : 6.0.5+6.0.5+master.eb8e549b
[10Aug2025 21:07:11.770] [main/DEBUG] [net.minecraftforge.fml.loading.FMLLoader/CORE]: Found Runtime Dist Cleaner
[10Aug2025 21:07:11.772] [main/DEBUG] [net.minecraftforge.coremod.CoreModEngine/]: CoreMods will preserve legacy behavior of ASMAPI.findFirstInstructionBefore for backwards-compatibility
[10Aug2025 21:07:11.772] [main/DEBUG] [net.minecraftforge.fml.loading.FMLLoader/CORE]: FML found CoreMod version : 5.2.4
[10Aug2025 21:07:11.772] [main/DEBUG] [net.minecraftforge.fml.loading.FMLLoader/CORE]: Found ForgeSPI package implementation version 7.0.1+7.0.1+master.d2b38bf6
[10Aug2025 21:07:11.772] [main/DEBUG] [net.minecraftforge.fml.loading.FMLLoader/CORE]: Found ForgeSPI package specification 5
[10Aug2025 21:07:11.772] [main/DEBUG] [cpw.mods.modlauncher.TransformationServiceDecorator/MODLAUNCHER]: Loaded service fml
[10Aug2025 21:07:11.773] [main/DEBUG] [cpw.mods.modlauncher.TransformationServicesHandler/MODLAUNCHER]: Configuring option handling for services
[10Aug2025 21:07:11.780] [main/DEBUG] [cpw.mods.modlauncher.TransformationServicesHandler/MODLAUNCHER]: Transformation services initializing
[10Aug2025 21:07:11.780] [main/DEBUG] [cpw.mods.modlauncher.TransformationServiceDecorator/MODLAUNCHER]: Initializing transformation service mixin
[10Aug2025 21:07:11.794] [main/DEBUG] [mixin/]: MixinService [ModLauncher] was successfully booted in cpw.mods.cl.ModuleClassLoader@1e7c7811
[10Aug2025 21:07:11.815] [main/INFO] [mixin/]: SpongePowered MIXIN Subsystem Version=0.8.5 Source=union:/workspaces/Server/servidor_minecraft/libraries/org/spongepowered/mixin/0.8.5/mixin-0.8.5.jar%2365!/ Service=ModLauncher Env=SERVER
[10Aug2025 21:07:11.819] [main/DEBUG] [mixin/]: Initialising Mixin Platform Manager
[10Aug2025 21:07:11.819] [main/DEBUG] [mixin/]: Adding mixin platform agents for container ModLauncher Root Container(ModLauncher:4f56a0a2)
[10Aug2025 21:07:11.820] [main/DEBUG] [mixin/]: Instancing new MixinPlatformAgentMinecraftForge for ModLauncher Root Container(ModLauncher:4f56a0a2)
[10Aug2025 21:07:11.820] [main/DEBUG] [mixin/]: MixinPlatformAgentMinecraftForge rejected container ModLauncher Root Container(ModLauncher:4f56a0a2)
[10Aug2025 21:07:11.821] [main/DEBUG] [mixin/]: Instancing new MixinPlatformAgentDefault for ModLauncher Root Container(ModLauncher:4f56a0a2)
[10Aug2025 21:07:11.821] [main/DEBUG] [mixin/]: MixinPlatformAgentDefault accepted container ModLauncher Root Container(ModLauncher:4f56a0a2)
[10Aug2025 21:07:11.824] [main/DEBUG] [cpw.mods.modlauncher.TransformationServiceDecorator/MODLAUNCHER]: Initialized transformation service mixin
[10Aug2025 21:07:11.824] [main/DEBUG] [cpw.mods.modlauncher.TransformationServiceDecorator/MODLAUNCHER]: Initializing transformation service fml
[10Aug2025 21:07:11.824] [main/DEBUG] [net.minecraftforge.fml.loading.FMLServiceProvider/CORE]: Setting up basic FML game directories
[10Aug2025 21:07:11.825] [main/DEBUG] [net.minecraftforge.fml.loading.FMLPaths/CORE]: Path GAMEDIR is /workspaces/Server/servidor_minecraft
[10Aug2025 21:07:11.825] [main/DEBUG] [net.minecraftforge.fml.loading.FMLPaths/CORE]: Path MODSDIR is /workspaces/Server/servidor_minecraft/mods
[10Aug2025 21:07:11.825] [main/DEBUG] [net.minecraftforge.fml.loading.FMLPaths/CORE]: Path CONFIGDIR is /workspaces/Server/servidor_minecraft/config
[10Aug2025 21:07:11.825] [main/DEBUG] [net.minecraftforge.fml.loading.FMLPaths/CORE]: Path FMLCONFIG is /workspaces/Server/servidor_minecraft/config/fml.toml
[10Aug2025 21:07:11.825] [main/DEBUG] [net.minecraftforge.fml.loading.FMLServiceProvider/CORE]: Loading configuration
[10Aug2025 21:07:11.828] [main/DEBUG] [net.minecraftforge.fml.loading.FMLServiceProvider/CORE]: Preparing ModFile
[10Aug2025 21:07:11.830] [main/DEBUG] [net.minecraftforge.fml.loading.FMLServiceProvider/CORE]: Preparing launch handler
[10Aug2025 21:07:11.831] [main/DEBUG] [net.minecraftforge.fml.loading.FMLLoader/CORE]: Using forgeserver as launch service
[10Aug2025 21:07:11.844] [main/DEBUG] [net.minecraftforge.fml.loading.FMLLoader/CORE]: Received command line version data  : VersionInfo[forgeVersion=47.4.0, mcVersion=1.20.1, mcpVersion=20230612.114412, forgeGroup=net.minecraftforge]
[10Aug2025 21:07:11.845] [main/DEBUG] [cpw.mods.modlauncher.TransformationServiceDecorator/MODLAUNCHER]: Initialized transformation service fml
[10Aug2025 21:07:11.845] [main/DEBUG] [cpw.mods.modlauncher.NameMappingServiceHandler/MODLAUNCHER]: Current naming domain is 'srg'
[10Aug2025 21:07:11.846] [main/DEBUG] [cpw.mods.modlauncher.NameMappingServiceHandler/MODLAUNCHER]: Identified name mapping providers {}
[10Aug2025 21:07:11.846] [main/DEBUG] [cpw.mods.modlauncher.TransformationServicesHandler/MODLAUNCHER]: Transformation services begin scanning
[10Aug2025 21:07:11.846] [main/DEBUG] [cpw.mods.modlauncher.TransformationServiceDecorator/MODLAUNCHER]: Beginning scan trigger - transformation service mixin
[10Aug2025 21:07:11.847] [main/DEBUG] [cpw.mods.modlauncher.TransformationServiceDecorator/MODLAUNCHER]: End scan trigger - transformation service mixin
[10Aug2025 21:07:11.847] [main/DEBUG] [cpw.mods.modlauncher.TransformationServiceDecorator/MODLAUNCHER]: Beginning scan trigger - transformation service fml
[10Aug2025 21:07:11.847] [main/DEBUG] [net.minecraftforge.fml.loading.FMLServiceProvider/CORE]: Initiating mod scan
[10Aug2025 21:07:11.855] [main/DEBUG] [net.minecraftforge.fml.loading.moddiscovery.ModListHandler/CORE]: Found mod coordinates from lists: []
[10Aug2025 21:07:11.859] [main/DEBUG] [net.minecraftforge.fml.loading.moddiscovery.ModDiscoverer/CORE]: Found Mod Locators : (mods folder:null),(maven libs:null),(exploded directory:null),(minecraft:null),(userdev classpath:null)
[10Aug2025 21:07:11.860] [main/DEBUG] [net.minecraftforge.fml.loading.moddiscovery.ModDiscoverer/CORE]: Found Dependency Locators : (JarInJar:null)
[10Aug2025 21:07:11.870] [main/DEBUG] [net.minecraftforge.fml.loading.moddiscovery.ModFileParser/LOADING]: Considering mod file candidate /workspaces/Server/servidor_minecraft/mods/[1.20.1] SecurityCraft v1.10.0.1.jar
[10Aug2025 21:07:11.907] [main/DEBUG] [net.minecraftforge.fml.loading.moddiscovery.ModFileInfo/LOADING]: Found valid mod file [1.20.1] SecurityCraft v1.10.0.1.jar with {securitycraft} mods - versions {1.10.0.1}
[10Aug2025 21:07:11.908] [main/DEBUG] [net.minecraftforge.fml.loading.moddiscovery.ModFileParser/LOADING]: Considering mod file candidate /workspaces/Server/servidor_minecraft/mods/addonslib-1.20.1-1.4.jar
[10Aug2025 21:07:11.910] [main/DEBUG] [net.minecraftforge.fml.loading.moddiscovery.ModFileInfo/LOADING]: Found valid mod file addonslib-1.20.1-1.4.jar with {addonslib} mods - versions {1.20.1-1.4}
[10Aug2025 21:07:11.910] [main/DEBUG] [net.minecraftforge.fml.loading.moddiscovery.ModFileParser/LOADING]: Considering mod file candidate /workspaces/Server/servidor_minecraft/mods/amendments-1.20-1.2.19.jar
[10Aug2025 21:07:11.913] [main/DEBUG] [net.minecraftforge.fml.loading.moddiscovery.ModFileInfo/LOADING]: Found valid mod file amendments-1.20-1.2.19.jar with {amendments} mods - versions {1.20-1.2.19}
[10Aug2025 21:07:11.913] [main/DEBUG] [net.minecraftforge.fml.loading.moddiscovery.ModFileParser/LOADING]: Considering mod file candidate /workspaces/Server/servidor_minecraft/mods/animal_feeding_trough-1.1.0+1.20.1-forge.jar
[10Aug2025 21:07:11.914] [main/DEBUG] [net.minecraftforge.fml.loading.moddiscovery.ModFileInfo/LOADING]: Found valid mod file animal_feeding_trough-1.1.0+1.20.1-forge.jar with {animal_feeding_trough} mods - versions {1.1.0+1.20.1-forge}
[10Aug2025 21:07:11.915] [main/DEBUG] [net.minecraftforge.fml.loading.moddiscovery.ModFileParser/LOADING]: Considering mod file candidate /workspaces/Server/servidor_minecraft/mods/architectury-9.2.14-forge.jar
[10Aug2025 21:07:11.916] [main/DEBUG] [net.minecraftforge.fml.loading.moddiscovery.ModFileInfo/LOADING]: Found valid mod file architectury-9.2.14-forge.jar with {architectury} mods - versions {9.2.14}
[10Aug2025 21:07:11.917] [main/DEBUG] [net.minecraftforge.fml.loading.moddiscovery.ModFileParser/LOADING]: Considering mod file candidate /workspaces/Server/servidor_minecraft/mods/artifacts-forge-9.5.16.jar
[10Aug2025 21:07:11.918] [main/DEBUG] [net.minecraftforge.fml.loading.moddiscovery.ModFileInfo/LOADING]: Found valid mod file artifacts-forge-9.5.16.jar with {artifacts} mods - versions {9.5.16}
[10Aug2025 21:07:11.918] [main/DEBUG] [net.minecraftforge.fml.loading.moddiscovery.ModFileParser/LOADING]: Considering mod file candidate /workspaces/Server/servidor_minecraft/mods/ATi_structures_1.3.0_forge_1.20.jar
[10Aug2025 21:07:11.919] [main/DEBUG] [net.minecraftforge.fml.loading.moddiscovery.ModFileInfo/LOADING]: Found valid mod file ATi_structures_1.3.0_forge_1.20.jar with {ati_structuresv} mods - versions {1.0.0}
[10Aug2025 21:07:11.920] [main/DEBUG] [net.minecraftforge.fml.loading.moddiscovery.ModFileParser/LOADING]: Considering mod file candidate /workspaces/Server/servidor_minecraft/mods/balm-forge-1.20.1-7.3.31-all.jar
[10Aug2025 21:07:11.921] [main/DEBUG] [net.minecraftforge.fml.loading.moddiscovery.ModFileInfo/LOADING]: Found valid mod file balm-forge-1.20.1-7.3.31-all.jar with {balm} mods - versions {7.3.31}
[10Aug2025 21:07:11.922] [main/DEBUG] [net.minecraftforge.fml.loading.moddiscovery.ModFileParser/LOADING]: Considering mod file candidate /workspaces/Server/servidor_minecraft/mods/BiomesOPlenty-forge-1.20.1-19.0.0.96.jar
[10Aug2025 21:07:11.923] [main/DEBUG] [net.minecraftforge.fml.loading.moddiscovery.ModFileInfo/LOADING]: Found valid mod file BiomesOPlenty-forge-1.20.1-19.0.0.96.jar with {biomesoplenty} mods - versions {19.0.0.96}
[10Aug2025 21:07:11.924] [main/DEBUG] [net.minecraftforge.fml.loading.moddiscovery.ModFileParser/LOADING]: Considering mod file candidate /workspaces/Server/servidor_minecraft/mods/carryon-forge-1.20.1-2.1.2.7.jar
[10Aug2025 21:07:11.925] [main/DEBUG] [net.minecraftforge.fml.loading.moddiscovery.ModFileInfo/LOADING]: Found valid mod file carryon-forge-1.20.1-2.1.2.7.jar with {carryon} mods - versions {2.1.2.7}
[10Aug2025 21:07:11.925] [main/DEBUG] [net.minecraftforge.fml.loading.moddiscovery.ModFileParser/LOADING]: Considering mod file candidate /workspaces/Server/servidor_minecraft/mods/cloth-config-11.1.136-forge.jar
[10Aug2025 21:07:11.926] [main/DEBUG] [net.minecraftforge.fml.loading.moddiscovery.ModFileInfo/LOADING]: Found valid mod file cloth-config-11.1.136-forge.jar with {cloth_config} mods - versions {11.1.136}
[10Aug2025 21:07:11.927] [main/DEBUG] [net.minecraftforge.fml.loading.moddiscovery.ModFileParser/LOADING]: Considering mod file candidate /workspaces/Server/servidor_minecraft/mods/collective-1.20.1-8.3.jar
[10Aug2025 21:07:11.927] [main/DEBUG] [net.minecraftforge.fml.loading.moddiscovery.ModFileInfo/LOADING]: Found valid mod file collective-1.20.1-8.3.jar with {collective} mods - versions {8.3}
[10Aug2025 21:07:11.928] [main/DEBUG] [net.minecraftforge.fml.loading.moddiscovery.ModFileParser/LOADING]: Considering mod file candidate /workspaces/Server/servidor_minecraft/mods/curios-forge-5.14.1+1.20.1.jar
[10Aug2025 21:07:11.928] [main/DEBUG] [net.minecraftforge.fml.loading.moddiscovery.ModFileInfo/LOADING]: Found valid mod file curios-forge-5.14.1+1.20.1.jar with {curios} mods - versions {5.14.1+1.20.1}
[10Aug2025 21:07:11.930] [main/DEBUG] [net.minecraftforge.fml.loading.moddiscovery.ModFileParser/LOADING]: Considering mod file candidate /workspaces/Server/servidor_minecraft/mods/dungeons-and-taverns-3.0.3.f.jar
[10Aug2025 21:07:11.931] [main/DEBUG] [net.minecraftforge.fml.loading.moddiscovery.ModFileInfo/LOADING]: Found valid mod file dungeons-and-taverns-3.0.3.f.jar with {mr_dungeons_andtaverns} mods - versions {3.0.3.f}
[10Aug2025 21:07:11.931] [main/DEBUG] [net.minecraftforge.fml.loading.moddiscovery.ModFileParser/LOADING]: Considering mod file candidate /workspaces/Server/servidor_minecraft/mods/DungeonsArise-1.20.x-2.1.58-release.jar
[10Aug2025 21:07:11.932] [main/DEBUG] [net.minecraftforge.fml.loading.moddiscovery.ModFileInfo/LOADING]: Found valid mod file DungeonsArise-1.20.x-2.1.58-release.jar with {dungeons_arise} mods - versions {2.1.58-1.20.x}
[10Aug2025 21:07:11.933] [main/DEBUG] [net.minecraftforge.fml.loading.moddiscovery.ModFileParser/LOADING]: Considering mod file candidate /workspaces/Server/servidor_minecraft/mods/DungeonsAriseSevenSeas-1.19.2-1.0.2-forge.jar
[10Aug2025 21:07:11.934] [main/DEBUG] [net.minecraftforge.fml.loading.moddiscovery.ModFileInfo/LOADING]: Found valid mod file DungeonsAriseSevenSeas-1.19.2-1.0.2-forge.jar with {dungeons_arise_seven_seas} mods - versions {1.0.2}
[10Aug2025 21:07:11.934] [main/DEBUG] [net.minecraftforge.fml.loading.moddiscovery.ModFileParser/LOADING]: Considering mod file candidate /workspaces/Server/servidor_minecraft/mods/dynamiclights-v1.8.7-mc1.17-1.21.6-mod.jar
[10Aug2025 21:07:11.935] [main/DEBUG] [net.minecraftforge.fml.loading.moddiscovery.ModFileInfo/LOADING]: Found valid mod file dynamiclights-v1.8.7-mc1.17-1.21.6-mod.jar with {dynamiclights} mods - versions {1.8.7+mod}
[10Aug2025 21:07:11.937] [main/DEBUG] [net.minecraftforge.fml.loading.moddiscovery.ModFileParser/LOADING]: Considering mod file candidate /workspaces/Server/servidor_minecraft/mods/EasyAnvils-v8.0.2-1.20.1-Forge.jar
[10Aug2025 21:07:11.938] [main/DEBUG] [net.minecraftforge.fml.loading.moddiscovery.ModFileInfo/LOADING]: Found valid mod file EasyAnvils-v8.0.2-1.20.1-Forge.jar with {easyanvils} mods - versions {8.0.2}
[10Aug2025 21:07:11.939] [main/DEBUG] [net.minecraftforge.fml.loading.moddiscovery.ModFileParser/LOADING]: Considering mod file candidate /workspaces/Server/servidor_minecraft/mods/EasyMagic-v8.0.1-1.20.1-Forge.jar
[10Aug2025 21:07:11.940] [main/DEBUG] [net.minecraftforge.fml.loading.moddiscovery.ModFileInfo/LOADING]: Found valid mod file EasyMagic-v8.0.1-1.20.1-Forge.jar with {easymagic} mods - versions {8.0.1}
[10Aug2025 21:07:11.941] [main/DEBUG] [net.minecraftforge.fml.loading.moddiscovery.ModFileParser/LOADING]: Considering mod file candidate /workspaces/Server/servidor_minecraft/mods/everycomp-1.20-2.8.8-forge.jar
[10Aug2025 21:07:11.943] [main/DEBUG] [net.minecraftforge.fml.loading.moddiscovery.ModFileInfo/LOADING]: Found valid mod file everycomp-1.20-2.8.8-forge.jar with {everycomp} mods - versions {1.20-2.8.8}
[10Aug2025 21:07:11.944] [main/DEBUG] [net.minecraftforge.fml.loading.moddiscovery.ModFileParser/LOADING]: Considering mod file candidate /workspaces/Server/servidor_minecraft/mods/FarmersDelight-1.20.1-1.2.8.jar
[10Aug2025 21:07:11.945] [main/DEBUG] [net.minecraftforge.fml.loading.moddiscovery.ModFileInfo/LOADING]: Found valid mod file FarmersDelight-1.20.1-1.2.8.jar with {farmersdelight} mods - versions {1.20.1-1.2.8}
[10Aug2025 21:07:11.945] [main/DEBUG] [net.minecraftforge.fml.loading.moddiscovery.ModFileParser/LOADING]: Considering mod file candidate /workspaces/Server/servidor_minecraft/mods/geckolib-forge-1.20.1-4.7.2.jar
[10Aug2025 21:07:11.946] [main/DEBUG] [net.minecraftforge.fml.loading.moddiscovery.ModFileInfo/LOADING]: Found valid mod file geckolib-forge-1.20.1-4.7.2.jar with {geckolib} mods - versions {4.7.2}
[10Aug2025 21:07:11.947] [main/DEBUG] [net.minecraftforge.fml.loading.moddiscovery.ModFileParser/LOADING]: Considering mod file candidate /workspaces/Server/servidor_minecraft/mods/GlitchCore-forge-1.20.1-0.0.1.1.jar
[10Aug2025 21:07:11.947] [main/DEBUG] [net.minecraftforge.fml.loading.moddiscovery.ModFileInfo/LOADING]: Found valid mod file GlitchCore-forge-1.20.1-0.0.1.1.jar with {glitchcore} mods - versions {0.0.1.1}
[10Aug2025 21:07:11.949] [main/DEBUG] [net.minecraftforge.fml.loading.moddiscovery.ModFileParser/LOADING]: Considering mod file candidate /workspaces/Server/servidor_minecraft/mods/Incendium_1.20.x_v5.3.5.jar
[10Aug2025 21:07:11.950] [main/DEBUG] [net.minecraftforge.fml.loading.moddiscovery.ModFileInfo/LOADING]: Found valid mod file Incendium_1.20.x_v5.3.5.jar with {incendium} mods - versions {5.3.5}
[10Aug2025 21:07:11.951] [main/DEBUG] [net.minecraftforge.fml.loading.moddiscovery.ModFileParser/LOADING]: Considering mod file candidate /workspaces/Server/servidor_minecraft/mods/InventoryProfilesNext-forge-1.20-1.10.14.jar
[10Aug2025 21:07:11.952] [main/DEBUG] [net.minecraftforge.fml.loading.moddiscovery.ModFileInfo/LOADING]: Found valid mod file InventoryProfilesNext-forge-1.20-1.10.14.jar with {inventoryprofilesnext} mods - versions {1.10.14}
[10Aug2025 21:07:11.954] [main/DEBUG] [net.minecraftforge.fml.loading.moddiscovery.ModFileParser/LOADING]: Considering mod file candidate /workspaces/Server/servidor_minecraft/mods/Jade-1.20.1-Forge-11.13.1.jar
[10Aug2025 21:07:11.954] [main/DEBUG] [net.minecraftforge.fml.loading.moddiscovery.ModFileInfo/LOADING]: Found valid mod file Jade-1.20.1-Forge-11.13.1.jar with {jade} mods - versions {11.13.1+forge}
[10Aug2025 21:07:11.955] [main/DEBUG] [net.minecraftforge.fml.loading.moddiscovery.ModFileParser/LOADING]: Considering mod file candidate /workspaces/Server/servidor_minecraft/mods/JadeAddons-1.20.1-Forge-5.5.0.jar
[10Aug2025 21:07:11.956] [main/DEBUG] [net.minecraftforge.fml.loading.moddiscovery.ModFileInfo/LOADING]: Found valid mod file JadeAddons-1.20.1-Forge-5.5.0.jar with {jadeaddons} mods - versions {5.5.0+forge}
[10Aug2025 21:07:11.957] [main/DEBUG] [net.minecraftforge.fml.loading.moddiscovery.ModFileParser/LOADING]: Considering mod file candidate /workspaces/Server/servidor_minecraft/mods/jei-1.20.1-forge-15.20.0.112.jar
[10Aug2025 21:07:11.958] [main/DEBUG] [net.minecraftforge.fml.loading.moddiscovery.ModFileInfo/LOADING]: Found valid mod file jei-1.20.1-forge-15.20.0.112.jar with {jei} mods - versions {15.20.0.112}
[10Aug2025 21:07:11.960] [main/DEBUG] [net.minecraftforge.fml.loading.moddiscovery.ModFileParser/LOADING]: Considering mod file candidate /workspaces/Server/servidor_minecraft/mods/journeymap-1.20.1-5.10.3-forge.jar
[10Aug2025 21:07:11.961] [main/DEBUG] [net.minecraftforge.fml.loading.moddiscovery.ModFileInfo/LOADING]: Found valid mod file journeymap-1.20.1-5.10.3-forge.jar with {journeymap} mods - versions {5.10.3}
[10Aug2025 21:07:11.961] [main/DEBUG] [net.minecraftforge.fml.loading.moddiscovery.ModFileParser/LOADING]: Considering mod file candidate /workspaces/Server/servidor_minecraft/mods/JustEnoughResources-1.20.1-1.4.0.247.jar
[10Aug2025 21:07:11.962] [main/DEBUG] [net.minecraftforge.fml.loading.moddiscovery.ModFileInfo/LOADING]: Found valid mod file JustEnoughResources-1.20.1-1.4.0.247.jar with {jeresources} mods - versions {1.4.0.247}
[10Aug2025 21:07:11.993] [main/DEBUG] [net.minecraftforge.fml.loading.moddiscovery.ModFileParser/LOADING]: Considering mod file candidate /workspaces/Server/servidor_minecraft/mods/L_Enders_Cataclysm-3.04.jar
[10Aug2025 21:07:11.994] [main/DEBUG] [net.minecraftforge.fml.loading.moddiscovery.ModFileInfo/LOADING]: Found valid mod file L_Enders_Cataclysm-3.04.jar with {cataclysm} mods - versions {3.04}
[10Aug2025 21:07:11.995] [main/DEBUG] [net.minecraftforge.fml.loading.moddiscovery.ModFileParser/LOADING]: Considering mod file candidate /workspaces/Server/servidor_minecraft/mods/libIPN-forge-1.20-4.0.2.jar
[10Aug2025 21:07:11.995] [main/DEBUG] [net.minecraftforge.fml.loading.moddiscovery.ModFileInfo/LOADING]: Found valid mod file libIPN-forge-1.20-4.0.2.jar with {libipn} mods - versions {4.0.2}
[10Aug2025 21:07:11.996] [main/DEBUG] [net.minecraftforge.fml.loading.moddiscovery.ModFileParser/LOADING]: Considering mod file candidate /workspaces/Server/servidor_minecraft/mods/lionfishapi-2.4.jar
[10Aug2025 21:07:11.996] [main/DEBUG] [net.minecraftforge.fml.loading.moddiscovery.ModFileInfo/LOADING]: Found valid mod file lionfishapi-2.4.jar with {lionfishapi} mods - versions {2.4}
[10Aug2025 21:07:11.997] [main/DEBUG] [net.minecraftforge.fml.loading.moddiscovery.ModFileParser/LOADING]: Considering mod file candidate /workspaces/Server/servidor_minecraft/mods/mcw-bridges-3.1.0-mc1.20.1forge.jar
[10Aug2025 21:07:11.998] [main/DEBUG] [net.minecraftforge.fml.loading.moddiscovery.ModFileInfo/LOADING]: Found valid mod file mcw-bridges-3.1.0-mc1.20.1forge.jar with {mcwbridges} mods - versions {3.1.0}
[10Aug2025 21:07:11.999] [main/DEBUG] [net.minecraftforge.fml.loading.moddiscovery.ModFileParser/LOADING]: Considering mod file candidate /workspaces/Server/servidor_minecraft/mods/mcw-doors-1.1.2-mc1.20.1forge.jar
[10Aug2025 21:07:12.000] [main/DEBUG] [net.minecraftforge.fml.loading.moddiscovery.ModFileInfo/LOADING]: Found valid mod file mcw-doors-1.1.2-mc1.20.1forge.jar with {mcwdoors} mods - versions {1.1.2}
[10Aug2025 21:07:12.001] [main/DEBUG] [net.minecraftforge.fml.loading.moddiscovery.ModFileParser/LOADING]: Considering mod file candidate /workspaces/Server/servidor_minecraft/mods/mcw-fences-1.2.0-1.20.1forge.jar
[10Aug2025 21:07:12.001] [main/DEBUG] [net.minecraftforge.fml.loading.moddiscovery.ModFileInfo/LOADING]: Found valid mod file mcw-fences-1.2.0-1.20.1forge.jar with {mcwfences} mods - versions {1.2.0}
[10Aug2025 21:07:12.003] [main/DEBUG] [net.minecraftforge.fml.loading.moddiscovery.ModFileParser/LOADING]: Considering mod file candidate /workspaces/Server/servidor_minecraft/mods/mcw-furniture-3.3.0-mc1.20.1forge.jar
[10Aug2025 21:07:12.003] [main/DEBUG] [net.minecraftforge.fml.loading.moddiscovery.ModFileInfo/LOADING]: Found valid mod file mcw-furniture-3.3.0-mc1.20.1forge.jar with {mcwfurnitures} mods - versions {3.3.0}
[10Aug2025 21:07:12.004] [main/DEBUG] [net.minecraftforge.fml.loading.moddiscovery.ModFileParser/LOADING]: Considering mod file candidate /workspaces/Server/servidor_minecraft/mods/mcw-lights-1.1.2-mc1.20.1forge.jar
[10Aug2025 21:07:12.005] [main/DEBUG] [net.minecraftforge.fml.loading.moddiscovery.ModFileInfo/LOADING]: Found valid mod file mcw-lights-1.1.2-mc1.20.1forge.jar with {mcwlights} mods - versions {1.1.2}
[10Aug2025 21:07:12.005] [main/DEBUG] [net.minecraftforge.fml.loading.moddiscovery.ModFileParser/LOADING]: Considering mod file candidate /workspaces/Server/servidor_minecraft/mods/mcw-paintings-1.0.5-1.20.1forge.jar
[10Aug2025 21:07:12.006] [main/DEBUG] [net.minecraftforge.fml.loading.moddiscovery.ModFileInfo/LOADING]: Found valid mod file mcw-paintings-1.0.5-1.20.1forge.jar with {mcwpaintings} mods - versions {1.0.5}
[10Aug2025 21:07:12.007] [main/DEBUG] [net.minecraftforge.fml.loading.moddiscovery.ModFileParser/LOADING]: Considering mod file candidate /workspaces/Server/servidor_minecraft/mods/mcw-paths-1.1.0forge-mc1.20.1.jar
[10Aug2025 21:07:12.007] [main/DEBUG] [net.minecraftforge.fml.loading.moddiscovery.ModFileInfo/LOADING]: Found valid mod file mcw-paths-1.1.0forge-mc1.20.1.jar with {mcwpaths} mods - versions {1.1.0}
[10Aug2025 21:07:12.009] [main/DEBUG] [net.minecraftforge.fml.loading.moddiscovery.ModFileParser/LOADING]: Considering mod file candidate /workspaces/Server/servidor_minecraft/mods/mcw-roofs-2.3.2-mc1.20.1forge.jar
[10Aug2025 21:07:12.010] [main/DEBUG] [net.minecraftforge.fml.loading.moddiscovery.ModFileInfo/LOADING]: Found valid mod file mcw-roofs-2.3.2-mc1.20.1forge.jar with {mcwroofs} mods - versions {2.3.2}
[10Aug2025 21:07:12.010] [main/DEBUG] [net.minecraftforge.fml.loading.moddiscovery.ModFileParser/LOADING]: Considering mod file candidate /workspaces/Server/servidor_minecraft/mods/mcw-stairs-1.0.1-1.20.1forge.jar
[10Aug2025 21:07:12.011] [main/DEBUG] [net.minecraftforge.fml.loading.moddiscovery.ModFileInfo/LOADING]: Found valid mod file mcw-stairs-1.0.1-1.20.1forge.jar with {mcwstairs} mods - versions {1.0.1}
[10Aug2025 21:07:12.011] [main/DEBUG] [net.minecraftforge.fml.loading.moddiscovery.ModFileParser/LOADING]: Considering mod file candidate /workspaces/Server/servidor_minecraft/mods/mcw-trapdoors-1.1.4-mc1.20.1forge.jar
[10Aug2025 21:07:12.012] [main/DEBUG] [net.minecraftforge.fml.loading.moddiscovery.ModFileInfo/LOADING]: Found valid mod file mcw-trapdoors-1.1.4-mc1.20.1forge.jar with {mcwtrpdoors} mods - versions {1.1.4}
[10Aug2025 21:07:12.013] [main/DEBUG] [net.minecraftforge.fml.loading.moddiscovery.ModFileParser/LOADING]: Considering mod file candidate /workspaces/Server/servidor_minecraft/mods/mcw-windows-2.3.0-mc1.20.1forge.jar
[10Aug2025 21:07:12.013] [main/DEBUG] [net.minecraftforge.fml.loading.moddiscovery.ModFileInfo/LOADING]: Found valid mod file mcw-windows-2.3.0-mc1.20.1forge.jar with {mcwwindows} mods - versions {2.3.0}
[10Aug2025 21:07:12.018] [main/DEBUG] [net.minecraftforge.fml.loading.moddiscovery.ModFileParser/LOADING]: Considering mod file candidate /workspaces/Server/servidor_minecraft/mods/mcwbiomesoplenty-1.20.1-1.2.1.jar
[10Aug2025 21:07:12.019] [main/DEBUG] [net.minecraftforge.fml.loading.moddiscovery.ModFileInfo/LOADING]: Found valid mod file mcwbiomesoplenty-1.20.1-1.2.1.jar with {mcwbiomesoplenty} mods - versions {1.20.1-1.2.1}
[10Aug2025 21:07:12.020] [main/DEBUG] [net.minecraftforge.fml.loading.moddiscovery.ModFileParser/LOADING]: Considering mod file candidate /workspaces/Server/servidor_minecraft/mods/moonlight-1.20-2.14.11-forge.jar
[10Aug2025 21:07:12.021] [main/DEBUG] [net.minecraftforge.fml.loading.moddiscovery.ModFileInfo/LOADING]: Found valid mod file moonlight-1.20-2.14.11-forge.jar with {moonlight} mods - versions {1.20-2.14.11}
[10Aug2025 21:07:12.022] [main/DEBUG] [net.minecraftforge.fml.loading.moddiscovery.ModFileParser/LOADING]: Considering mod file candidate /workspaces/Server/servidor_minecraft/mods/mowziesmobs-1.7.3.jar
[10Aug2025 21:07:12.023] [main/DEBUG] [net.minecraftforge.fml.loading.moddiscovery.ModFileInfo/LOADING]: Found valid mod file mowziesmobs-1.7.3.jar with {mowziesmobs} mods - versions {1.7.3}
[10Aug2025 21:07:12.033] [main/DEBUG] [net.minecraftforge.fml.loading.moddiscovery.ModFileParser/LOADING]: Considering mod file candidate /workspaces/Server/servidor_minecraft/mods/PuzzlesLib-v8.1.32-1.20.1-Forge.jar
[10Aug2025 21:07:12.033] [main/DEBUG] [net.minecraftforge.fml.loading.moddiscovery.ModFileInfo/LOADING]: Found valid mod file PuzzlesLib-v8.1.32-1.20.1-Forge.jar with {puzzleslib} mods - versions {8.1.32}
[10Aug2025 21:07:12.036] [main/DEBUG] [net.minecraftforge.fml.loading.moddiscovery.ModFileParser/LOADING]: Considering mod file candidate /workspaces/Server/servidor_minecraft/mods/RegionsUnexploredForge-0.5.6+1.20.1.jar
[10Aug2025 21:07:12.037] [main/DEBUG] [net.minecraftforge.fml.loading.moddiscovery.ModFileInfo/LOADING]: Found valid mod file RegionsUnexploredForge-0.5.6+1.20.1.jar with {regions_unexplored} mods - versions {0.5.6}
[10Aug2025 21:07:12.038] [main/DEBUG] [net.minecraftforge.fml.loading.moddiscovery.ModFileParser/LOADING]: Considering mod file candidate /workspaces/Server/servidor_minecraft/mods/sophisticatedbackpacks-1.20.1-3.23.19.1263.jar
[10Aug2025 21:07:12.038] [main/DEBUG] [net.minecraftforge.fml.loading.moddiscovery.ModFileInfo/LOADING]: Found valid mod file sophisticatedbackpacks-1.20.1-3.23.19.1263.jar with {sophisticatedbackpacks} mods - versions {3.23.19.1263}
[10Aug2025 21:07:12.039] [main/DEBUG] [net.minecraftforge.fml.loading.moddiscovery.ModFileParser/LOADING]: Considering mod file candidate /workspaces/Server/servidor_minecraft/mods/sophisticatedcore-1.20.1-1.2.71.1022.jar
[10Aug2025 21:07:12.040] [main/DEBUG] [net.minecraftforge.fml.loading.moddiscovery.ModFileInfo/LOADING]: Found valid mod file sophisticatedcore-1.20.1-1.2.71.1022.jar with {sophisticatedcore} mods - versions {1.2.71.1022}
[10Aug2025 21:07:12.040] [main/DEBUG] [net.minecraftforge.fml.loading.moddiscovery.ModFileParser/LOADING]: Considering mod file candidate /workspaces/Server/servidor_minecraft/mods/stackrefill-1.20.1-4.7.jar
[10Aug2025 21:07:12.041] [main/DEBUG] [net.minecraftforge.fml.loading.moddiscovery.ModFileInfo/LOADING]: Found valid mod file stackrefill-1.20.1-4.7.jar with {stackrefill} mods - versions {4.7}
[10Aug2025 21:07:12.044] [main/DEBUG] [net.minecraftforge.fml.loading.moddiscovery.ModFileParser/LOADING]: Considering mod file candidate /workspaces/Server/servidor_minecraft/mods/supplementaries-1.20-3.1.31.jar
[10Aug2025 21:07:12.045] [main/DEBUG] [net.minecraftforge.fml.loading.moddiscovery.ModFileInfo/LOADING]: Found valid mod file supplementaries-1.20-3.1.31.jar with {supplementaries} mods - versions {1.20-3.1.31}
[10Aug2025 21:07:12.046] [main/DEBUG] [net.minecraftforge.fml.loading.moddiscovery.ModFileParser/LOADING]: Considering mod file candidate /workspaces/Server/servidor_minecraft/mods/suppsquared-1.20-1.1.21.jar
[10Aug2025 21:07:12.046] [main/DEBUG] [net.minecraftforge.fml.loading.moddiscovery.ModFileInfo/LOADING]: Found valid mod file suppsquared-1.20-1.1.21.jar with {suppsquared} mods - versions {1.20-1.1.21}
[10Aug2025 21:07:12.047] [main/DEBUG] [net.minecraftforge.fml.loading.moddiscovery.ModFileParser/LOADING]: Considering mod file candidate /workspaces/Server/servidor_minecraft/mods/TerraBlender-forge-1.20.1-3.0.1.10.jar
[10Aug2025 21:07:12.047] [main/DEBUG] [net.minecraftforge.fml.loading.moddiscovery.ModFileInfo/LOADING]: Found valid mod file TerraBlender-forge-1.20.1-3.0.1.10.jar with {terrablender} mods - versions {3.0.1.10}
[10Aug2025 21:07:12.049] [main/DEBUG] [net.minecraftforge.fml.loading.moddiscovery.ModFileParser/LOADING]: Considering mod file candidate /workspaces/Server/servidor_minecraft/mods/Terralith_1.20.x_v2.5.4.jar
[10Aug2025 21:07:12.050] [main/DEBUG] [net.minecraftforge.fml.loading.moddiscovery.ModFileInfo/LOADING]: Found valid mod file Terralith_1.20.x_v2.5.4.jar with {terralith} mods - versions {2.5.4}
[10Aug2025 21:07:12.051] [main/DEBUG] [net.minecraftforge.fml.loading.moddiscovery.ModFileParser/LOADING]: Considering mod file candidate /workspaces/Server/servidor_minecraft/mods/tombstone-1.20.1-8.9.8.jar
[10Aug2025 21:07:12.052] [main/DEBUG] [net.minecraftforge.fml.loading.moddiscovery.ModFileInfo/LOADING]: Found valid mod file tombstone-1.20.1-8.9.8.jar with {tombstone} mods - versions {8.9.8}
[10Aug2025 21:07:12.052] [main/DEBUG] [net.minecraftforge.fml.loading.moddiscovery.ModFileParser/LOADING]: Considering mod file candidate /workspaces/Server/servidor_minecraft/mods/trade-cycling-forge-1.20.1-1.0.18.jar
[10Aug2025 21:07:12.053] [main/DEBUG] [net.minecraftforge.fml.loading.moddiscovery.ModFileInfo/LOADING]: Found valid mod file trade-cycling-forge-1.20.1-1.0.18.jar with {trade_cycling} mods - versions {1.20.1-1.0.18}
[10Aug2025 21:07:12.054] [main/DEBUG] [net.minecraftforge.fml.loading.moddiscovery.ModFileParser/LOADING]: Considering mod file candidate /workspaces/Server/servidor_minecraft/mods/travelersbackpack-forge-1.20.1-9.1.39.jar
[10Aug2025 21:07:12.054] [main/DEBUG] [net.minecraftforge.fml.loading.moddiscovery.ModFileInfo/LOADING]: Found valid mod file travelersbackpack-forge-1.20.1-9.1.39.jar with {travelersbackpack} mods - versions {9.1.39}
[10Aug2025 21:07:12.055] [main/DEBUG] [net.minecraftforge.fml.loading.moddiscovery.ModFileParser/LOADING]: Considering mod file candidate /workspaces/Server/servidor_minecraft/mods/waystones-forge-1.20.1-14.1.13.jar
[10Aug2025 21:07:12.056] [main/DEBUG] [net.minecraftforge.fml.loading.moddiscovery.ModFileInfo/LOADING]: Found valid mod file waystones-forge-1.20.1-14.1.13.jar with {waystones} mods - versions {14.1.13}
[10Aug2025 21:07:12.056] [main/DEBUG] [net.minecraftforge.fml.loading.moddiscovery.ModFileParser/LOADING]: Considering mod file candidate /workspaces/Server/servidor_minecraft/mods/YungsApi-1.20-Forge-4.0.6.jar
[10Aug2025 21:07:12.057] [main/DEBUG] [net.minecraftforge.fml.loading.moddiscovery.ModFileInfo/LOADING]: Found valid mod file YungsApi-1.20-Forge-4.0.6.jar with {yungsapi} mods - versions {1.20-Forge-4.0.6}
[10Aug2025 21:07:12.057] [main/DEBUG] [net.minecraftforge.fml.loading.moddiscovery.ModFileParser/LOADING]: Considering mod file candidate /workspaces/Server/servidor_minecraft/mods/YungsBetterDungeons-1.20-Forge-4.0.4.jar
[10Aug2025 21:07:12.058] [main/DEBUG] [net.minecraftforge.fml.loading.moddiscovery.ModFileInfo/LOADING]: Found valid mod file YungsBetterDungeons-1.20-Forge-4.0.4.jar with {betterdungeons} mods - versions {1.20-Forge-4.0.4}
[10Aug2025 21:07:12.132] [main/DEBUG] [net.minecraftforge.fml.loading.moddiscovery.ModFileInfo/LOADING]: Found valid mod file server-1.20.1-20230612.114412-srg.jar with {minecraft} mods - versions {1.20.1}
[10Aug2025 21:07:12.135] [main/DEBUG] [net.minecraftforge.fml.loading.moddiscovery.ModFileParser/LOADING]: Considering mod file candidate /workspaces/Server/servidor_minecraft/libraries/net/minecraftforge/fmlcore/1.20.1-47.4.0/fmlcore-1.20.1-47.4.0.jar
[10Aug2025 21:07:12.135] [main/WARN] [net.minecraftforge.fml.loading.moddiscovery.ModFileParser/LOADING]: Mod file /workspaces/Server/servidor_minecraft/libraries/net/minecraftforge/fmlcore/1.20.1-47.4.0/fmlcore-1.20.1-47.4.0.jar is missing mods.toml file
[10Aug2025 21:07:12.141] [main/DEBUG] [net.minecraftforge.fml.loading.moddiscovery.ModFileParser/LOADING]: Considering mod file candidate /workspaces/Server/servidor_minecraft/libraries/net/minecraftforge/javafmllanguage/1.20.1-47.4.0/javafmllanguage-1.20.1-47.4.0.jar
[10Aug2025 21:07:12.141] [main/WARN] [net.minecraftforge.fml.loading.moddiscovery.ModFileParser/LOADING]: Mod file /workspaces/Server/servidor_minecraft/libraries/net/minecraftforge/javafmllanguage/1.20.1-47.4.0/javafmllanguage-1.20.1-47.4.0.jar is missing mods.toml file
[10Aug2025 21:07:12.142] [main/DEBUG] [net.minecraftforge.fml.loading.moddiscovery.ModFileParser/LOADING]: Considering mod file candidate /workspaces/Server/servidor_minecraft/libraries/net/minecraftforge/lowcodelanguage/1.20.1-47.4.0/lowcodelanguage-1.20.1-47.4.0.jar
[10Aug2025 21:07:12.142] [main/WARN] [net.minecraftforge.fml.loading.moddiscovery.ModFileParser/LOADING]: Mod file /workspaces/Server/servidor_minecraft/libraries/net/minecraftforge/lowcodelanguage/1.20.1-47.4.0/lowcodelanguage-1.20.1-47.4.0.jar is missing mods.toml file
[10Aug2025 21:07:12.143] [main/DEBUG] [net.minecraftforge.fml.loading.moddiscovery.ModFileParser/LOADING]: Considering mod file candidate /workspaces/Server/servidor_minecraft/libraries/net/minecraftforge/mclanguage/1.20.1-47.4.0/mclanguage-1.20.1-47.4.0.jar
[10Aug2025 21:07:12.144] [main/WARN] [net.minecraftforge.fml.loading.moddiscovery.ModFileParser/LOADING]: Mod file /workspaces/Server/servidor_minecraft/libraries/net/minecraftforge/mclanguage/1.20.1-47.4.0/mclanguage-1.20.1-47.4.0.jar is missing mods.toml file
[10Aug2025 21:07:12.200] [main/DEBUG] [net.minecraftforge.fml.loading.moddiscovery.ModFileParser/LOADING]: Considering mod file candidate /workspaces/Server/servidor_minecraft/libraries/net/minecraftforge/forge/1.20.1-47.4.0/forge-1.20.1-47.4.0-universal.jar
[10Aug2025 21:07:12.201] [main/DEBUG] [net.minecraftforge.fml.loading.moddiscovery.ModFileInfo/LOADING]: Found valid mod file forge-1.20.1-47.4.0-universal.jar with {forge} mods - versions {47.4.0}
[10Aug2025 21:07:12.214] [main/DEBUG] [net.minecraftforge.fml.loading.moddiscovery.AbstractJarFileDependencyLocator/]: Failed to load resource META-INF/jarjar/metadata.json from YungsBetterDungeons-1.20-Forge-4.0.4.jar, it does not contain dependency information.
[10Aug2025 21:07:12.214] [main/DEBUG] [net.minecraftforge.fml.loading.moddiscovery.AbstractJarFileDependencyLocator/]: Failed to load resource META-INF/jarjar/metadata.json from mowziesmobs-1.7.3.jar, it does not contain dependency information.
[10Aug2025 21:07:12.214] [main/DEBUG] [net.minecraftforge.fml.loading.moddiscovery.AbstractJarFileDependencyLocator/]: Failed to load resource META-INF/jarjar/metadata.json from jei-1.20.1-forge-15.20.0.112.jar, it does not contain dependency information.
[10Aug2025 21:07:12.214] [main/DEBUG] [net.minecraftforge.fml.loading.moddiscovery.AbstractJarFileDependencyLocator/]: Failed to load resource META-INF/jarjar/metadata.json from mcw-windows-2.3.0-mc1.20.1forge.jar, it does not contain dependency information.
[10Aug2025 21:07:12.214] [main/DEBUG] [net.minecraftforge.fml.loading.moddiscovery.AbstractJarFileDependencyLocator/]: Failed to load resource META-INF/jarjar/metadata.json from dynamiclights-v1.8.7-mc1.17-1.21.6-mod.jar, it does not contain dependency information.
[10Aug2025 21:07:12.214] [main/DEBUG] [net.minecraftforge.fml.loading.moddiscovery.AbstractJarFileDependencyLocator/]: Failed to load resource META-INF/jarjar/metadata.json from Incendium_1.20.x_v5.3.5.jar, it does not contain dependency information.
[10Aug2025 21:07:12.215] [main/DEBUG] [net.minecraftforge.fml.loading.moddiscovery.AbstractJarFileDependencyLocator/]: Failed to load resource META-INF/jarjar/metadata.json from sophisticatedcore-1.20.1-1.2.71.1022.jar, it does not contain dependency information.
[10Aug2025 21:07:12.215] [main/DEBUG] [net.minecraftforge.fml.loading.moddiscovery.AbstractJarFileDependencyLocator/]: Failed to load resource META-INF/jarjar/metadata.json from waystones-forge-1.20.1-14.1.13.jar, it does not contain dependency information.
[10Aug2025 21:07:12.215] [main/DEBUG] [net.minecraftforge.fml.loading.moddiscovery.AbstractJarFileDependencyLocator/]: Failed to load resource META-INF/jarjar/metadata.json from mcw-paintings-1.0.5-1.20.1forge.jar, it does not contain dependency information.
[10Aug2025 21:07:12.215] [main/DEBUG] [net.minecraftforge.fml.loading.moddiscovery.AbstractJarFileDependencyLocator/]: Failed to load resource META-INF/jarjar/metadata.json from journeymap-1.20.1-5.10.3-forge.jar, it does not contain dependency information.
[10Aug2025 21:07:12.215] [main/DEBUG] [net.minecraftforge.fml.loading.moddiscovery.AbstractJarFileDependencyLocator/]: Failed to load resource META-INF/jarjar/metadata.json from travelersbackpack-forge-1.20.1-9.1.39.jar, it does not contain dependency information.
[10Aug2025 21:07:12.215] [main/DEBUG] [net.minecraftforge.fml.loading.moddiscovery.AbstractJarFileDependencyLocator/]: Failed to load resource META-INF/jarjar/metadata.json from YungsApi-1.20-Forge-4.0.6.jar, it does not contain dependency information.
[10Aug2025 21:07:12.215] [main/DEBUG] [net.minecraftforge.fml.loading.moddiscovery.AbstractJarFileDependencyLocator/]: Failed to load resource META-INF/jarjar/metadata.json from mcw-stairs-1.0.1-1.20.1forge.jar, it does not contain dependency information.
[10Aug2025 21:07:12.216] [main/DEBUG] [net.minecraftforge.fml.loading.moddiscovery.AbstractJarFileDependencyLocator/]: Failed to load resource META-INF/jarjar/metadata.json from GlitchCore-forge-1.20.1-0.0.1.1.jar, it does not contain dependency information.
[10Aug2025 21:07:12.216] [main/DEBUG] [net.minecraftforge.fml.loading.moddiscovery.AbstractJarFileDependencyLocator/]: Failed to load resource META-INF/jarjar/metadata.json from sophisticatedbackpacks-1.20.1-3.23.19.1263.jar, it does not contain dependency information.
[10Aug2025 21:07:12.216] [main/DEBUG] [net.minecraftforge.fml.loading.moddiscovery.AbstractJarFileDependencyLocator/]: Failed to load resource META-INF/jarjar/metadata.json from mcw-doors-1.1.2-mc1.20.1forge.jar, it does not contain dependency information.
[10Aug2025 21:07:12.216] [main/DEBUG] [net.minecraftforge.fml.loading.moddiscovery.AbstractJarFileDependencyLocator/]: Failed to load resource META-INF/jarjar/metadata.json from Terralith_1.20.x_v2.5.4.jar, it does not contain dependency information.
[10Aug2025 21:07:12.216] [main/DEBUG] [net.minecraftforge.fml.loading.moddiscovery.AbstractJarFileDependencyLocator/]: Failed to load resource META-INF/jarjar/metadata.json from JustEnoughResources-1.20.1-1.4.0.247.jar, it does not contain dependency information.
[10Aug2025 21:07:12.216] [main/DEBUG] [net.minecraftforge.fml.loading.moddiscovery.AbstractJarFileDependencyLocator/]: Failed to load resource META-INF/jarjar/metadata.json from DungeonsAriseSevenSeas-1.19.2-1.0.2-forge.jar, it does not contain dependency information.
[10Aug2025 21:07:12.217] [main/DEBUG] [net.minecraftforge.fml.loading.moddiscovery.AbstractJarFileDependencyLocator/]: Failed to load resource META-INF/jarjar/metadata.json from cloth-config-11.1.136-forge.jar, it does not contain dependency information.
[10Aug2025 21:07:12.217] [main/DEBUG] [net.minecraftforge.fml.loading.moddiscovery.AbstractJarFileDependencyLocator/]: Failed to load resource META-INF/jarjar/metadata.json from forge-1.20.1-47.4.0-universal.jar, it does not contain dependency information.
[10Aug2025 21:07:12.217] [main/DEBUG] [net.minecraftforge.fml.loading.moddiscovery.AbstractJarFileDependencyLocator/]: Failed to load resource META-INF/jarjar/metadata.json from stackrefill-1.20.1-4.7.jar, it does not contain dependency information.
[10Aug2025 21:07:12.217] [main/DEBUG] [net.minecraftforge.fml.loading.moddiscovery.AbstractJarFileDependencyLocator/]: Failed to load resource META-INF/jarjar/metadata.json from ATi_structures_1.3.0_forge_1.20.jar, it does not contain dependency information.
[10Aug2025 21:07:12.217] [main/DEBUG] [net.minecraftforge.fml.loading.moddiscovery.AbstractJarFileDependencyLocator/]: Failed to load resource META-INF/jarjar/metadata.json from mcw-paths-1.1.0forge-mc1.20.1.jar, it does not contain dependency information.
[10Aug2025 21:07:12.217] [main/DEBUG] [net.minecraftforge.fml.loading.moddiscovery.AbstractJarFileDependencyLocator/]: Failed to load resource META-INF/jarjar/metadata.json from DungeonsArise-1.20.x-2.1.58-release.jar, it does not contain dependency information.
[10Aug2025 21:07:12.218] [main/DEBUG] [net.minecraftforge.fml.loading.moddiscovery.AbstractJarFileDependencyLocator/]: Failed to load resource META-INF/jarjar/metadata.json from server-1.20.1-20230612.114412-srg.jar, it does not contain dependency information.
[10Aug2025 21:07:12.218] [main/DEBUG] [net.minecraftforge.fml.loading.moddiscovery.AbstractJarFileDependencyLocator/]: Failed to load resource META-INF/jarjar/metadata.json from mcw-bridges-3.1.0-mc1.20.1forge.jar, it does not contain dependency information.
[10Aug2025 21:07:12.218] [main/DEBUG] [net.minecraftforge.fml.loading.moddiscovery.AbstractJarFileDependencyLocator/]: Failed to load resource META-INF/jarjar/metadata.json from FarmersDelight-1.20.1-1.2.8.jar, it does not contain dependency information.
[10Aug2025 21:07:12.218] [main/DEBUG] [net.minecraftforge.fml.loading.moddiscovery.AbstractJarFileDependencyLocator/]: Failed to load resource META-INF/jarjar/metadata.json from trade-cycling-forge-1.20.1-1.0.18.jar, it does not contain dependency information.
[10Aug2025 21:07:12.219] [main/DEBUG] [net.minecraftforge.fml.loading.moddiscovery.AbstractJarFileDependencyLocator/]: Failed to load resource META-INF/jarjar/metadata.json from libIPN-forge-1.20-4.0.2.jar, it does not contain dependency information.
[10Aug2025 21:07:12.219] [main/DEBUG] [net.minecraftforge.fml.loading.moddiscovery.AbstractJarFileDependencyLocator/]: Failed to load resource META-INF/jarjar/metadata.json from TerraBlender-forge-1.20.1-3.0.1.10.jar, it does not contain dependency information.
[10Aug2025 21:07:12.219] [main/DEBUG] [net.minecraftforge.fml.loading.moddiscovery.AbstractJarFileDependencyLocator/]: Failed to load resource META-INF/jarjar/metadata.json from RegionsUnexploredForge-0.5.6+1.20.1.jar, it does not contain dependency information.
[10Aug2025 21:07:12.219] [main/DEBUG] [net.minecraftforge.fml.loading.moddiscovery.AbstractJarFileDependencyLocator/]: Failed to load resource META-INF/jarjar/metadata.json from BiomesOPlenty-forge-1.20.1-19.0.0.96.jar, it does not contain dependency information.
[10Aug2025 21:07:12.219] [main/DEBUG] [net.minecraftforge.fml.loading.moddiscovery.AbstractJarFileDependencyLocator/]: Failed to load resource META-INF/jarjar/metadata.json from Jade-1.20.1-Forge-11.13.1.jar, it does not contain dependency information.
[10Aug2025 21:07:12.219] [main/DEBUG] [net.minecraftforge.fml.loading.moddiscovery.AbstractJarFileDependencyLocator/]: Failed to load resource META-INF/jarjar/metadata.json from animal_feeding_trough-1.1.0+1.20.1-forge.jar, it does not contain dependency information.
[10Aug2025 21:07:12.219] [main/DEBUG] [net.minecraftforge.fml.loading.moddiscovery.AbstractJarFileDependencyLocator/]: Failed to load resource META-INF/jarjar/metadata.json from mcw-trapdoors-1.1.4-mc1.20.1forge.jar, it does not contain dependency information.
[10Aug2025 21:07:12.219] [main/DEBUG] [net.minecraftforge.fml.loading.moddiscovery.AbstractJarFileDependencyLocator/]: Failed to load resource META-INF/jarjar/metadata.json from mcw-fences-1.2.0-1.20.1forge.jar, it does not contain dependency information.
[10Aug2025 21:07:12.220] [main/DEBUG] [net.minecraftforge.fml.loading.moddiscovery.AbstractJarFileDependencyLocator/]: Failed to load resource META-INF/jarjar/metadata.json from lionfishapi-2.4.jar, it does not contain dependency information.
[10Aug2025 21:07:12.220] [main/DEBUG] [net.minecraftforge.fml.loading.moddiscovery.AbstractJarFileDependencyLocator/]: Failed to load resource META-INF/jarjar/metadata.json from mcwbiomesoplenty-1.20.1-1.2.1.jar, it does not contain dependency information.
[10Aug2025 21:07:12.220] [main/DEBUG] [net.minecraftforge.fml.loading.moddiscovery.AbstractJarFileDependencyLocator/]: Failed to load resource META-INF/jarjar/metadata.json from L_Enders_Cataclysm-3.04.jar, it does not contain dependency information.
[10Aug2025 21:07:12.220] [main/DEBUG] [net.minecraftforge.fml.loading.moddiscovery.AbstractJarFileDependencyLocator/]: Failed to load resource META-INF/jarjar/metadata.json from curios-forge-5.14.1+1.20.1.jar, it does not contain dependency information.
[10Aug2025 21:07:12.220] [main/DEBUG] [net.minecraftforge.fml.loading.moddiscovery.AbstractJarFileDependencyLocator/]: Failed to load resource META-INF/jarjar/metadata.json from collective-1.20.1-8.3.jar, it does not contain dependency information.
[10Aug2025 21:07:12.220] [main/DEBUG] [net.minecraftforge.fml.loading.moddiscovery.AbstractJarFileDependencyLocator/]: Failed to load resource META-INF/jarjar/metadata.json from [1.20.1] SecurityCraft v1.10.0.1.jar, it does not contain dependency information.
[10Aug2025 21:07:12.220] [main/DEBUG] [net.minecraftforge.fml.loading.moddiscovery.AbstractJarFileDependencyLocator/]: Failed to load resource META-INF/jarjar/metadata.json from dungeons-and-taverns-3.0.3.f.jar, it does not contain dependency information.
[10Aug2025 21:07:12.221] [main/DEBUG] [net.minecraftforge.fml.loading.moddiscovery.AbstractJarFileDependencyLocator/]: Failed to load resource META-INF/jarjar/metadata.json from tombstone-1.20.1-8.9.8.jar, it does not contain dependency information.
[10Aug2025 21:07:12.221] [main/DEBUG] [net.minecraftforge.fml.loading.moddiscovery.AbstractJarFileDependencyLocator/]: Failed to load resource META-INF/jarjar/metadata.json from mcw-roofs-2.3.2-mc1.20.1forge.jar, it does not contain dependency information.
[10Aug2025 21:07:12.221] [main/DEBUG] [net.minecraftforge.fml.loading.moddiscovery.AbstractJarFileDependencyLocator/]: Failed to load resource META-INF/jarjar/metadata.json from InventoryProfilesNext-forge-1.20-1.10.14.jar, it does not contain dependency information.
[10Aug2025 21:07:12.221] [main/DEBUG] [net.minecraftforge.fml.loading.moddiscovery.AbstractJarFileDependencyLocator/]: Failed to load resource META-INF/jarjar/metadata.json from architectury-9.2.14-forge.jar, it does not contain dependency information.
[10Aug2025 21:07:12.221] [main/DEBUG] [net.minecraftforge.fml.loading.moddiscovery.AbstractJarFileDependencyLocator/]: Failed to load resource META-INF/jarjar/metadata.json from mcw-furniture-3.3.0-mc1.20.1forge.jar, it does not contain dependency information.
[10Aug2025 21:07:12.221] [main/DEBUG] [net.minecraftforge.fml.loading.moddiscovery.AbstractJarFileDependencyLocator/]: Failed to load resource META-INF/jarjar/metadata.json from addonslib-1.20.1-1.4.jar, it does not contain dependency information.
[10Aug2025 21:07:12.222] [main/DEBUG] [net.minecraftforge.fml.loading.moddiscovery.AbstractJarFileDependencyLocator/]: Failed to load resource META-INF/jarjar/metadata.json from JadeAddons-1.20.1-Forge-5.5.0.jar, it does not contain dependency information.
[10Aug2025 21:07:12.222] [main/DEBUG] [net.minecraftforge.fml.loading.moddiscovery.AbstractJarFileDependencyLocator/]: Failed to load resource META-INF/jarjar/metadata.json from mcw-lights-1.1.2-mc1.20.1forge.jar, it does not contain dependency information.
[10Aug2025 21:07:12.222] [main/DEBUG] [net.minecraftforge.fml.loading.moddiscovery.AbstractJarFileDependencyLocator/]: Failed to load resource META-INF/jarjar/metadata.json from mclanguage-1.20.1-47.4.0.jar, it does not contain dependency information.
[10Aug2025 21:07:12.222] [main/DEBUG] [net.minecraftforge.fml.loading.moddiscovery.AbstractJarFileDependencyLocator/]: Failed to load resource META-INF/jarjar/metadata.json from javafmllanguage-1.20.1-47.4.0.jar, it does not contain dependency information.
[10Aug2025 21:07:12.222] [main/DEBUG] [net.minecraftforge.fml.loading.moddiscovery.AbstractJarFileDependencyLocator/]: Failed to load resource META-INF/jarjar/metadata.json from fmlcore-1.20.1-47.4.0.jar, it does not contain dependency information.
[10Aug2025 21:07:12.222] [main/DEBUG] [net.minecraftforge.fml.loading.moddiscovery.AbstractJarFileDependencyLocator/]: Failed to load resource META-INF/jarjar/metadata.json from lowcodelanguage-1.20.1-47.4.0.jar, it does not contain dependency information.
[10Aug2025 21:07:12.273] [main/DEBUG] [net.minecraftforge.fml.loading.moddiscovery.ModFileParser/LOADING]: Considering mod file candidate 
[10Aug2025 21:07:12.273] [main/DEBUG] [net.minecraftforge.fml.loading.moddiscovery.ModFileInfo/LOADING]: Found valid mod file mixinextras-forge-0.3.6.jar with {mixinextras} mods - versions {0.3.6}
[10Aug2025 21:07:12.275] [main/DEBUG] [net.minecraftforge.fml.loading.moddiscovery.ModFileParser/LOADING]: Considering mod file candidate 
[10Aug2025 21:07:12.275] [main/DEBUG] [net.minecraftforge.fml.loading.moddiscovery.ModFileInfo/LOADING]: Found valid mod file mixinsquared-forge-0.1.1.jar with {mixinsquared} mods - versions {0.1.1}
[10Aug2025 21:07:12.283] [main/DEBUG] [net.minecraftforge.fml.loading.moddiscovery.ModFileParser/LOADING]: Considering mod file candidate 
[10Aug2025 21:07:12.284] [main/DEBUG] [net.minecraftforge.fml.loading.moddiscovery.ModFileInfo/LOADING]: Found valid mod file mixinextras-forge-0.3.6.jar with {mixinextras} mods - versions {0.3.6}
[10Aug2025 21:07:12.287] [main/DEBUG] [net.minecraftforge.fml.loading.moddiscovery.ModFileParser/LOADING]: Considering mod file candidate 
[10Aug2025 21:07:12.287] [main/DEBUG] [net.minecraftforge.fml.loading.moddiscovery.ModFileInfo/LOADING]: Found valid mod file mixinextras-forge-0.3.6.jar with {mixinextras} mods - versions {0.3.6}
[10Aug2025 21:07:12.289] [main/DEBUG] [net.minecraftforge.fml.loading.moddiscovery.ModFileParser/LOADING]: Considering mod file candidate 
[10Aug2025 21:07:12.290] [main/DEBUG] [net.minecraftforge.fml.loading.moddiscovery.ModFileInfo/LOADING]: Found valid mod file expandability-forge-9.0.4.jar with {expandability} mods - versions {9.0.4}
[10Aug2025 21:07:12.291] [main/DEBUG] [net.minecraftforge.fml.loading.moddiscovery.ModFileParser/LOADING]: Considering mod file candidate 
[10Aug2025 21:07:12.292] [main/DEBUG] [net.minecraftforge.fml.loading.moddiscovery.ModFileInfo/LOADING]: Found valid mod file mixinextras-forge-0.3.5.jar with {mixinextras} mods - versions {0.3.5}
[10Aug2025 21:07:12.294] [main/DEBUG] [net.minecraftforge.fml.loading.moddiscovery.ModFileParser/LOADING]: Considering mod file candidate 
[10Aug2025 21:07:12.294] [main/DEBUG] [net.minecraftforge.fml.loading.moddiscovery.ModFileInfo/LOADING]: Found valid mod file mixinextras-forge-0.4.1.jar with {mixinextras} mods - versions {0.4.1}
[10Aug2025 21:07:12.296] [main/DEBUG] [net.minecraftforge.fml.loading.moddiscovery.ModFileParser/LOADING]: Considering mod file candidate 
[10Aug2025 21:07:12.297] [main/DEBUG] [net.minecraftforge.fml.loading.moddiscovery.ModFileInfo/LOADING]: Found valid mod file mixinextras-forge-0.4.0.jar with {mixinextras} mods - versions {0.4.0}
[10Aug2025 21:07:12.299] [main/DEBUG] [net.minecraftforge.fml.loading.moddiscovery.ModFileParser/LOADING]: Considering mod file candidate 
[10Aug2025 21:07:12.300] [main/DEBUG] [net.minecraftforge.fml.loading.moddiscovery.ModFileInfo/LOADING]: Found valid mod file mixinextras-forge-0.2.0-beta.6.jar with {mixinextras} mods - versions {0.2.0-beta.6}
[10Aug2025 21:07:12.302] [main/DEBUG] [net.minecraftforge.fml.loading.moddiscovery.ModFileParser/LOADING]: Considering mod file candidate 
[10Aug2025 21:07:12.302] [main/DEBUG] [net.minecraftforge.fml.loading.moddiscovery.ModFileInfo/LOADING]: Found valid mod file puzzlesaccessapi-forge-20.1.1.jar with {puzzlesaccessapi} mods - versions {20.1.1}
[10Aug2025 21:07:12.304] [main/DEBUG] [net.minecraftforge.fml.loading.moddiscovery.ModFileParser/LOADING]: Considering mod file candidate 
[10Aug2025 21:07:12.305] [main/DEBUG] [net.minecraftforge.fml.loading.moddiscovery.ModFileInfo/LOADING]: Found valid mod file mixinextras-forge-0.4.1.jar with {mixinextras} mods - versions {0.4.1}
[10Aug2025 21:07:12.315] [main/DEBUG] [net.minecraftforge.fml.loading.moddiscovery.ModFileParser/LOADING]: Considering mod file candidate 
[10Aug2025 21:07:12.315] [main/DEBUG] [net.minecraftforge.fml.loading.moddiscovery.ModFileInfo/LOADING]: Found valid mod file kffmod-4.11.0.jar with {kotlinforforge} mods - versions {4.11.0}
[10Aug2025 21:07:12.317] [main/DEBUG] [net.minecraftforge.fml.loading.moddiscovery.ModFileParser/LOADING]: Considering mod file candidate 
[10Aug2025 21:07:12.317] [main/DEBUG] [net.minecraftforge.fml.loading.moddiscovery.ModFileInfo/LOADING]: Found valid mod file kuma-api-forge-20.1.10+1.20.1.jar with {kuma_api} mods - versions {20.1.10}
[10Aug2025 21:07:12.324] [main/DEBUG] [net.minecraftforge.fml.loading.moddiscovery.AbstractJarFileDependencyLocator/]: Failed to load resource META-INF/jarjar/metadata.json from mclib-20.jar, it does not contain dependency information.
[10Aug2025 21:07:12.354] [main/DEBUG] [net.minecraftforge.fml.loading.moddiscovery.AbstractJarFileDependencyLocator/]: Failed to load resource META-INF/jarjar/metadata.json from puzzlesaccessapi-forge-20.1.1.jar, it does not contain dependency information.
[10Aug2025 21:07:12.359] [main/DEBUG] [net.minecraftforge.fml.loading.moddiscovery.AbstractJarFileDependencyLocator/]: Failed to load resource META-INF/jarjar/metadata.json from kfflang-4.11.0.jar, it does not contain dependency information.
[10Aug2025 21:07:12.359] [main/DEBUG] [net.minecraftforge.fml.loading.moddiscovery.AbstractJarFileDependencyLocator/]: Failed to load resource META-INF/jarjar/metadata.json from kfflib-4.11.0.jar, it does not contain dependency information.
[10Aug2025 21:07:12.359] [main/DEBUG] [net.minecraftforge.fml.loading.moddiscovery.AbstractJarFileDependencyLocator/]: Failed to load resource META-INF/jarjar/metadata.json from kffmod-4.11.0.jar, it does not contain dependency information.
[10Aug2025 21:07:12.359] [main/DEBUG] [net.minecraftforge.fml.loading.moddiscovery.AbstractJarFileDependencyLocator/]: Failed to load resource META-INF/jarjar/metadata.json from kuma-api-forge-20.1.10+1.20.1.jar, it does not contain dependency information.
[10Aug2025 21:07:12.359] [main/DEBUG] [net.minecraftforge.fml.loading.moddiscovery.AbstractJarFileDependencyLocator/]: Failed to load resource META-INF/jarjar/metadata.json from MixinExtras-0.3.6.jar, it does not contain dependency information.
[10Aug2025 21:07:12.359] [main/DEBUG] [net.minecraftforge.fml.loading.moddiscovery.AbstractJarFileDependencyLocator/]: Failed to load resource META-INF/jarjar/metadata.json from MixinSquared-0.1.1.jar, it does not contain dependency information.
[10Aug2025 21:07:12.360] [main/DEBUG] [net.minecraftforge.fml.loading.moddiscovery.AbstractJarFileDependencyLocator/]: Failed to load resource META-INF/jarjar/metadata.json from MixinExtras-0.3.6.jar, it does not contain dependency information.
[10Aug2025 21:07:12.360] [main/DEBUG] [net.minecraftforge.fml.loading.moddiscovery.AbstractJarFileDependencyLocator/]: Failed to load resource META-INF/jarjar/metadata.json from MixinExtras-0.3.6.jar, it does not contain dependency information.
[10Aug2025 21:07:12.360] [main/DEBUG] [net.minecraftforge.fml.loading.moddiscovery.AbstractJarFileDependencyLocator/]: Failed to load resource META-INF/jarjar/metadata.json from MixinExtras-0.1.1.jar, it does not contain dependency information.
[10Aug2025 21:07:12.360] [main/DEBUG] [net.minecraftforge.fml.loading.moddiscovery.AbstractJarFileDependencyLocator/]: Failed to load resource META-INF/jarjar/metadata.json from MixinExtras-0.3.5.jar, it does not contain dependency information.
[10Aug2025 21:07:12.360] [main/DEBUG] [net.minecraftforge.fml.loading.moddiscovery.AbstractJarFileDependencyLocator/]: Failed to load resource META-INF/jarjar/metadata.json from MixinExtras-0.4.1.jar, it does not contain dependency information.
[10Aug2025 21:07:12.360] [main/DEBUG] [net.minecraftforge.fml.loading.moddiscovery.AbstractJarFileDependencyLocator/]: Failed to load resource META-INF/jarjar/metadata.json from MixinExtras-0.4.0.jar, it does not contain dependency information.
[10Aug2025 21:07:12.360] [main/DEBUG] [net.minecraftforge.fml.loading.moddiscovery.AbstractJarFileDependencyLocator/]: Failed to load resource META-INF/jarjar/metadata.json from MixinExtras-0.2.0-beta.6.jar, it does not contain dependency information.
[10Aug2025 21:07:12.360] [main/DEBUG] [net.minecraftforge.fml.loading.moddiscovery.AbstractJarFileDependencyLocator/]: Failed to load resource META-INF/jarjar/metadata.json from MixinExtras-0.4.1.jar, it does not contain dependency information.
[10Aug2025 21:07:12.387] [main/DEBUG] [net.minecraftforge.fml.loading.moddiscovery.ModFileParser/LOADING]: Considering mod file candidate 
[10Aug2025 21:07:12.388] [main/DEBUG] [net.minecraftforge.fml.loading.moddiscovery.ModFileInfo/LOADING]: Found valid mod file puzzlesaccessapi-forge-20.1.1.jar with {puzzlesaccessapi} mods - versions {20.1.1}
[10Aug2025 21:07:12.389] [main/DEBUG] [net.minecraftforge.fml.loading.moddiscovery.ModFileParser/LOADING]: Considering mod file candidate 
[10Aug2025 21:07:12.389] [main/DEBUG] [net.minecraftforge.fml.loading.moddiscovery.ModFileInfo/LOADING]: Found valid mod file mixinsquared-forge-0.1.1.jar with {mixinsquared} mods - versions {0.1.1}
[10Aug2025 21:07:12.391] [main/DEBUG] [net.minecraftforge.fml.loading.moddiscovery.ModFileParser/LOADING]: Considering mod file candidate 
[10Aug2025 21:07:12.392] [main/DEBUG] [net.minecraftforge.fml.loading.moddiscovery.ModFileInfo/LOADING]: Found valid mod file mixinextras-forge-0.4.1.jar with {mixinextras} mods - versions {0.4.1}
[10Aug2025 21:07:12.393] [main/DEBUG] [net.minecraftforge.fml.loading.moddiscovery.ModFileParser/LOADING]: Considering mod file candidate 
[10Aug2025 21:07:12.393] [main/DEBUG] [net.minecraftforge.fml.loading.moddiscovery.ModFileInfo/LOADING]: Found valid mod file kffmod-4.11.0.jar with {kotlinforforge} mods - versions {4.11.0}
[10Aug2025 21:07:12.395] [main/DEBUG] [net.minecraftforge.fml.loading.moddiscovery.ModFileParser/LOADING]: Considering mod file candidate 
[10Aug2025 21:07:12.395] [main/DEBUG] [net.minecraftforge.fml.loading.moddiscovery.ModFileInfo/LOADING]: Found valid mod file expandability-forge-9.0.4.jar with {expandability} mods - versions {9.0.4}
[10Aug2025 21:07:12.399] [main/DEBUG] [net.minecraftforge.fml.loading.moddiscovery.ModFileParser/LOADING]: Considering mod file candidate 
[10Aug2025 21:07:12.400] [main/DEBUG] [net.minecraftforge.fml.loading.moddiscovery.ModFileInfo/LOADING]: Found valid mod file kuma-api-forge-20.1.10+1.20.1.jar with {kuma_api} mods - versions {20.1.10}
[10Aug2025 21:07:12.402] [main/DEBUG] [net.minecraftforge.fml.loading.moddiscovery.ModFileParser/LOADING]: Considering mod file candidate 
[10Aug2025 21:07:12.402] [main/DEBUG] [net.minecraftforge.fml.loading.moddiscovery.ModFileInfo/LOADING]: Found valid mod file mixinextras-forge-0.2.0-beta.6.jar with {mixinextras} mods - versions {0.2.0-beta.6}
[10Aug2025 21:07:12.403] [main/WARN] [net.minecraftforge.jarjar.selection.JarSelector/]: Attempted to select two dependency jars from JarJar which have the same identification: Mod File:  and Mod File: . Using Mod File: 
[10Aug2025 21:07:12.404] [main/INFO] [net.minecraftforge.fml.loading.moddiscovery.JarInJarDependencyLocator/]: Found 11 dependencies adding them to mods collection
[10Aug2025 21:07:12.406] [main/DEBUG] [net.minecraftforge.fml.loading.moddiscovery.ModFileParser/LOADING]: Considering mod file candidate 
[10Aug2025 21:07:12.407] [main/DEBUG] [net.minecraftforge.fml.loading.moddiscovery.ModFileInfo/LOADING]: Found valid mod file kuma-api-forge-20.1.10+1.20.1.jar with {kuma_api} mods - versions {20.1.10}
[10Aug2025 21:07:12.409] [main/DEBUG] [net.minecraftforge.fml.loading.moddiscovery.ModFile/LOADING]: Loading mod file  with languages [LanguageSpec[languageName=javafml, acceptedVersions=[47,)]]
[10Aug2025 21:07:12.410] [main/DEBUG] [net.minecraftforge.fml.loading.moddiscovery.ModFileParser/LOADING]: Considering mod file candidate /workspaces/Server/servidor_minecraft/mods/mowziesmobs-1.7.3.jar
[10Aug2025 21:07:12.410] [main/DEBUG] [net.minecraftforge.fml.loading.moddiscovery.ModFileInfo/LOADING]: Found valid mod file mowziesmobs-1.7.3.jar with {mowziesmobs} mods - versions {1.7.3}
[10Aug2025 21:07:12.410] [main/DEBUG] [net.minecraftforge.fml.loading.moddiscovery.ModFile/LOADING]: Loading mod file /workspaces/Server/servidor_minecraft/mods/mowziesmobs-1.7.3.jar with languages [LanguageSpec[languageName=javafml, acceptedVersions=[43,)]]
[10Aug2025 21:07:12.411] [main/DEBUG] [net.minecraftforge.fml.loading.moddiscovery.ModFileParser/LOADING]: Considering mod file candidate /workspaces/Server/servidor_minecraft/mods/YungsBetterDungeons-1.20-Forge-4.0.4.jar
[10Aug2025 21:07:12.411] [main/DEBUG] [net.minecraftforge.fml.loading.moddiscovery.ModFileInfo/LOADING]: Found valid mod file YungsBetterDungeons-1.20-Forge-4.0.4.jar with {betterdungeons} mods - versions {1.20-Forge-4.0.4}
[10Aug2025 21:07:12.411] [main/DEBUG] [net.minecraftforge.fml.loading.moddiscovery.ModFile/LOADING]: Loading mod file /workspaces/Server/servidor_minecraft/mods/YungsBetterDungeons-1.20-Forge-4.0.4.jar with languages [LanguageSpec[languageName=javafml, acceptedVersions=[46,)]]
[10Aug2025 21:07:12.411] [main/DEBUG] [net.minecraftforge.fml.loading.moddiscovery.ModFileParser/LOADING]: Considering mod file candidate /workspaces/Server/servidor_minecraft/mods/EasyAnvils-v8.0.2-1.20.1-Forge.jar
[10Aug2025 21:07:12.412] [main/DEBUG] [net.minecraftforge.fml.loading.moddiscovery.ModFileInfo/LOADING]: Found valid mod file EasyAnvils-v8.0.2-1.20.1-Forge.jar with {easyanvils} mods - versions {8.0.2}
[10Aug2025 21:07:12.412] [main/DEBUG] [net.minecraftforge.fml.loading.moddiscovery.ModFile/LOADING]: Loading mod file /workspaces/Server/servidor_minecraft/mods/EasyAnvils-v8.0.2-1.20.1-Forge.jar with languages [LanguageSpec[languageName=javafml, acceptedVersions=[47,)]]
[10Aug2025 21:07:12.412] [main/DEBUG] [net.minecraftforge.fml.loading.moddiscovery.ModFileParser/LOADING]: Considering mod file candidate /workspaces/Server/servidor_minecraft/mods/amendments-1.20-1.2.19.jar
[10Aug2025 21:07:12.413] [main/DEBUG] [net.minecraftforge.fml.loading.moddiscovery.ModFileInfo/LOADING]: Found valid mod file amendments-1.20-1.2.19.jar with {amendments} mods - versions {1.20-1.2.19}
[10Aug2025 21:07:12.413] [main/DEBUG] [net.minecraftforge.fml.loading.moddiscovery.ModFile/LOADING]: Loading mod file /workspaces/Server/servidor_minecraft/mods/amendments-1.20-1.2.19.jar with languages [LanguageSpec[languageName=javafml, acceptedVersions=[47,)]]
[10Aug2025 21:07:12.413] [main/DEBUG] [net.minecraftforge.fml.loading.moddiscovery.ModFileParser/LOADING]: Considering mod file candidate /workspaces/Server/servidor_minecraft/mods/geckolib-forge-1.20.1-4.7.2.jar
[10Aug2025 21:07:12.413] [main/DEBUG] [net.minecraftforge.fml.loading.moddiscovery.ModFileInfo/LOADING]: Found valid mod file geckolib-forge-1.20.1-4.7.2.jar with {geckolib} mods - versions {4.7.2}
[10Aug2025 21:07:12.413] [main/DEBUG] [net.minecraftforge.fml.loading.moddiscovery.ModFile/LOADING]: Loading mod file /workspaces/Server/servidor_minecraft/mods/geckolib-forge-1.20.1-4.7.2.jar with languages [LanguageSpec[languageName=javafml, acceptedVersions=[47,)]]
[10Aug2025 21:07:12.414] [main/DEBUG] [net.minecraftforge.fml.loading.moddiscovery.ModFileParser/LOADING]: Considering mod file candidate /workspaces/Server/servidor_minecraft/mods/EasyMagic-v8.0.1-1.20.1-Forge.jar
[10Aug2025 21:07:12.414] [main/DEBUG] [net.minecraftforge.fml.loading.moddiscovery.ModFileInfo/LOADING]: Found valid mod file EasyMagic-v8.0.1-1.20.1-Forge.jar with {easymagic} mods - versions {8.0.1}
[10Aug2025 21:07:12.414] [main/DEBUG] [net.minecraftforge.fml.loading.moddiscovery.ModFile/LOADING]: Loading mod file /workspaces/Server/servidor_minecraft/mods/EasyMagic-v8.0.1-1.20.1-Forge.jar with languages [LanguageSpec[languageName=javafml, acceptedVersions=[47,)]]
[10Aug2025 21:07:12.414] [main/DEBUG] [net.minecraftforge.fml.loading.moddiscovery.ModFileParser/LOADING]: Considering mod file candidate /workspaces/Server/servidor_minecraft/mods/jei-1.20.1-forge-15.20.0.112.jar
[10Aug2025 21:07:12.415] [main/DEBUG] [net.minecraftforge.fml.loading.moddiscovery.ModFileInfo/LOADING]: Found valid mod file jei-1.20.1-forge-15.20.0.112.jar with {jei} mods - versions {15.20.0.112}
[10Aug2025 21:07:12.415] [main/DEBUG] [net.minecraftforge.fml.loading.moddiscovery.ModFile/LOADING]: Loading mod file /workspaces/Server/servidor_minecraft/mods/jei-1.20.1-forge-15.20.0.112.jar with languages [LanguageSpec[languageName=javafml, acceptedVersions=[47,)]]
[10Aug2025 21:07:12.415] [main/DEBUG] [net.minecraftforge.fml.loading.moddiscovery.ModFileParser/LOADING]: Considering mod file candidate /workspaces/Server/servidor_minecraft/mods/dynamiclights-v1.8.7-mc1.17-1.21.6-mod.jar
[10Aug2025 21:07:12.416] [main/DEBUG] [net.minecraftforge.fml.loading.moddiscovery.ModFileInfo/LOADING]: Found valid mod file dynamiclights-v1.8.7-mc1.17-1.21.6-mod.jar with {dynamiclights} mods - versions {1.8.7+mod}
[10Aug2025 21:07:12.416] [main/DEBUG] [net.minecraftforge.fml.loading.moddiscovery.ModFile/LOADING]: Loading mod file /workspaces/Server/servidor_minecraft/mods/dynamiclights-v1.8.7-mc1.17-1.21.6-mod.jar with languages [LanguageSpec[languageName=javafml, acceptedVersions=[35,)]]
[10Aug2025 21:07:12.416] [main/DEBUG] [net.minecraftforge.fml.loading.moddiscovery.ModFileParser/LOADING]: Considering mod file candidate /workspaces/Server/servidor_minecraft/mods/mcw-windows-2.3.0-mc1.20.1forge.jar
[10Aug2025 21:07:12.417] [main/DEBUG] [net.minecraftforge.fml.loading.moddiscovery.ModFileInfo/LOADING]: Found valid mod file mcw-windows-2.3.0-mc1.20.1forge.jar with {mcwwindows} mods - versions {2.3.0}
[10Aug2025 21:07:12.417] [main/DEBUG] [net.minecraftforge.fml.loading.moddiscovery.ModFile/LOADING]: Loading mod file /workspaces/Server/servidor_minecraft/mods/mcw-windows-2.3.0-mc1.20.1forge.jar with languages [LanguageSpec[languageName=javafml, acceptedVersions=[28,)]]
[10Aug2025 21:07:12.417] [main/DEBUG] [net.minecraftforge.fml.loading.moddiscovery.ModFileParser/LOADING]: Considering mod file candidate /workspaces/Server/servidor_minecraft/mods/Incendium_1.20.x_v5.3.5.jar
[10Aug2025 21:07:12.417] [main/DEBUG] [net.minecraftforge.fml.loading.moddiscovery.ModFileInfo/LOADING]: Found valid mod file Incendium_1.20.x_v5.3.5.jar with {incendium} mods - versions {5.3.5}
[10Aug2025 21:07:12.417] [main/DEBUG] [net.minecraftforge.fml.loading.moddiscovery.ModFile/LOADING]: Loading mod file /workspaces/Server/servidor_minecraft/mods/Incendium_1.20.x_v5.3.5.jar with languages [LanguageSpec[languageName=lowcodefml, acceptedVersions=[1,)]]
[10Aug2025 21:07:12.418] [main/DEBUG] [net.minecraftforge.fml.loading.moddiscovery.ModFileParser/LOADING]: Considering mod file candidate /workspaces/Server/servidor_minecraft/mods/sophisticatedcore-1.20.1-1.2.71.1022.jar
[10Aug2025 21:07:12.418] [main/DEBUG] [net.minecraftforge.fml.loading.moddiscovery.ModFileInfo/LOADING]: Found valid mod file sophisticatedcore-1.20.1-1.2.71.1022.jar with {sophisticatedcore} mods - versions {1.2.71.1022}
[10Aug2025 21:07:12.418] [main/DEBUG] [net.minecraftforge.fml.loading.moddiscovery.ModFile/LOADING]: Loading mod file /workspaces/Server/servidor_minecraft/mods/sophisticatedcore-1.20.1-1.2.71.1022.jar with languages [LanguageSpec[languageName=javafml, acceptedVersions=[47,)]]
[10Aug2025 21:07:12.418] [main/DEBUG] [net.minecraftforge.fml.loading.moddiscovery.ModFileParser/LOADING]: Considering mod file candidate /workspaces/Server/servidor_minecraft/mods/waystones-forge-1.20.1-14.1.13.jar
[10Aug2025 21:07:12.419] [main/DEBUG] [net.minecraftforge.fml.loading.moddiscovery.ModFileInfo/LOADING]: Found valid mod file waystones-forge-1.20.1-14.1.13.jar with {waystones} mods - versions {14.1.13}
[10Aug2025 21:07:12.419] [main/DEBUG] [net.minecraftforge.fml.loading.moddiscovery.ModFile/LOADING]: Loading mod file /workspaces/Server/servidor_minecraft/mods/waystones-forge-1.20.1-14.1.13.jar with languages [LanguageSpec[languageName=javafml, acceptedVersions=[46,)]]
[10Aug2025 21:07:12.419] [main/DEBUG] [net.minecraftforge.fml.loading.moddiscovery.ModFileParser/LOADING]: Considering mod file candidate /workspaces/Server/servidor_minecraft/mods/mcw-paintings-1.0.5-1.20.1forge.jar
[10Aug2025 21:07:12.420] [main/DEBUG] [net.minecraftforge.fml.loading.moddiscovery.ModFileInfo/LOADING]: Found valid mod file mcw-paintings-1.0.5-1.20.1forge.jar with {mcwpaintings} mods - versions {1.0.5}
[10Aug2025 21:07:12.420] [main/DEBUG] [net.minecraftforge.fml.loading.moddiscovery.ModFile/LOADING]: Loading mod file /workspaces/Server/servidor_minecraft/mods/mcw-paintings-1.0.5-1.20.1forge.jar with languages [LanguageSpec[languageName=javafml, acceptedVersions=[28,)]]
[10Aug2025 21:07:12.420] [main/DEBUG] [net.minecraftforge.fml.loading.moddiscovery.ModFileParser/LOADING]: Considering mod file candidate /workspaces/Server/servidor_minecraft/mods/journeymap-1.20.1-5.10.3-forge.jar
[10Aug2025 21:07:12.420] [main/DEBUG] [net.minecraftforge.fml.loading.moddiscovery.ModFileInfo/LOADING]: Found valid mod file journeymap-1.20.1-5.10.3-forge.jar with {journeymap} mods - versions {5.10.3}
[10Aug2025 21:07:12.420] [main/DEBUG] [net.minecraftforge.fml.loading.moddiscovery.ModFile/LOADING]: Loading mod file /workspaces/Server/servidor_minecraft/mods/journeymap-1.20.1-5.10.3-forge.jar with languages [LanguageSpec[languageName=javafml, acceptedVersions=[44,)]]
[10Aug2025 21:07:12.423] [main/DEBUG] [net.minecraftforge.fml.loading.moddiscovery.ModFileParser/LOADING]: Found coremod journeymap potion effect transformer with Javascript path potion-effects-shift.js
[10Aug2025 21:07:12.423] [main/DEBUG] [net.minecraftforge.fml.loading.moddiscovery.ModFile/LOADING]: Found coremod potion-effects-shift.js
[10Aug2025 21:07:12.423] [main/DEBUG] [net.minecraftforge.fml.loading.moddiscovery.ModFileParser/LOADING]: Considering mod file candidate /workspaces/Server/servidor_minecraft/mods/artifacts-forge-9.5.16.jar
[10Aug2025 21:07:12.424] [main/DEBUG] [net.minecraftforge.fml.loading.moddiscovery.ModFileInfo/LOADING]: Found valid mod file artifacts-forge-9.5.16.jar with {artifacts} mods - versions {9.5.16}
[10Aug2025 21:07:12.424] [main/DEBUG] [net.minecraftforge.fml.loading.moddiscovery.ModFile/LOADING]: Loading mod file /workspaces/Server/servidor_minecraft/mods/artifacts-forge-9.5.16.jar with languages [LanguageSpec[languageName=javafml, acceptedVersions=[47,)]]
[10Aug2025 21:07:12.424] [main/DEBUG] [net.minecraftforge.fml.loading.moddiscovery.ModFileParser/LOADING]: Considering mod file candidate /workspaces/Server/servidor_minecraft/mods/travelersbackpack-forge-1.20.1-9.1.39.jar
[10Aug2025 21:07:12.424] [main/DEBUG] [net.minecraftforge.fml.loading.moddiscovery.ModFileInfo/LOADING]: Found valid mod file travelersbackpack-forge-1.20.1-9.1.39.jar with {travelersbackpack} mods - versions {9.1.39}
[10Aug2025 21:07:12.425] [main/DEBUG] [net.minecraftforge.fml.loading.moddiscovery.ModFile/LOADING]: Loading mod file /workspaces/Server/servidor_minecraft/mods/travelersbackpack-forge-1.20.1-9.1.39.jar with languages [LanguageSpec[languageName=javafml, acceptedVersions=[46,)]]
[10Aug2025 21:07:12.425] [main/DEBUG] [net.minecraftforge.fml.loading.moddiscovery.ModFileParser/LOADING]: Considering mod file candidate /workspaces/Server/servidor_minecraft/mods/mcw-stairs-1.0.1-1.20.1forge.jar
[10Aug2025 21:07:12.425] [main/DEBUG] [net.minecraftforge.fml.loading.moddiscovery.ModFileInfo/LOADING]: Found valid mod file mcw-stairs-1.0.1-1.20.1forge.jar with {mcwstairs} mods - versions {1.0.1}
[10Aug2025 21:07:12.425] [main/DEBUG] [net.minecraftforge.fml.loading.moddiscovery.ModFile/LOADING]: Loading mod file /workspaces/Server/servidor_minecraft/mods/mcw-stairs-1.0.1-1.20.1forge.jar with languages [LanguageSpec[languageName=javafml, acceptedVersions=[28,)]]
[10Aug2025 21:07:12.425] [main/DEBUG] [net.minecraftforge.fml.loading.moddiscovery.ModFileParser/LOADING]: Considering mod file candidate /workspaces/Server/servidor_minecraft/mods/YungsApi-1.20-Forge-4.0.6.jar
[10Aug2025 21:07:12.426] [main/DEBUG] [net.minecraftforge.fml.loading.moddiscovery.ModFileInfo/LOADING]: Found valid mod file YungsApi-1.20-Forge-4.0.6.jar with {yungsapi} mods - versions {1.20-Forge-4.0.6}
[10Aug2025 21:07:12.426] [main/DEBUG] [net.minecraftforge.fml.loading.moddiscovery.ModFile/LOADING]: Loading mod file /workspaces/Server/servidor_minecraft/mods/YungsApi-1.20-Forge-4.0.6.jar with languages [LanguageSpec[languageName=javafml, acceptedVersions=[46,)]]
[10Aug2025 21:07:12.426] [main/DEBUG] [net.minecraftforge.fml.loading.moddiscovery.ModFileParser/LOADING]: Considering mod file candidate /workspaces/Server/servidor_minecraft/mods/GlitchCore-forge-1.20.1-0.0.1.1.jar
[10Aug2025 21:07:12.426] [main/DEBUG] [net.minecraftforge.fml.loading.moddiscovery.ModFileInfo/LOADING]: Found valid mod file GlitchCore-forge-1.20.1-0.0.1.1.jar with {glitchcore} mods - versions {0.0.1.1}
[10Aug2025 21:07:12.427] [main/DEBUG] [net.minecraftforge.fml.loading.moddiscovery.ModFile/LOADING]: Loading mod file /workspaces/Server/servidor_minecraft/mods/GlitchCore-forge-1.20.1-0.0.1.1.jar with languages [LanguageSpec[languageName=javafml, acceptedVersions=[47,)]]
[10Aug2025 21:07:12.427] [main/DEBUG] [net.minecraftforge.fml.loading.moddiscovery.ModFileParser/LOADING]: Considering mod file candidate /workspaces/Server/servidor_minecraft/mods/sophisticatedbackpacks-1.20.1-3.23.19.1263.jar
[10Aug2025 21:07:12.427] [main/DEBUG] [net.minecraftforge.fml.loading.moddiscovery.ModFileInfo/LOADING]: Found valid mod file sophisticatedbackpacks-1.20.1-3.23.19.1263.jar with {sophisticatedbackpacks} mods - versions {3.23.19.1263}
[10Aug2025 21:07:12.427] [main/DEBUG] [net.minecraftforge.fml.loading.moddiscovery.ModFile/LOADING]: Loading mod file /workspaces/Server/servidor_minecraft/mods/sophisticatedbackpacks-1.20.1-3.23.19.1263.jar with languages [LanguageSpec[languageName=javafml, acceptedVersions=[47,)]]
[10Aug2025 21:07:12.428] [main/DEBUG] [net.minecraftforge.fml.loading.moddiscovery.ModFileParser/LOADING]: Considering mod file candidate /workspaces/Server/servidor_minecraft/mods/everycomp-1.20-2.8.8-forge.jar
[10Aug2025 21:07:12.428] [main/DEBUG] [net.minecraftforge.fml.loading.moddiscovery.ModFileInfo/LOADING]: Found valid mod file everycomp-1.20-2.8.8-forge.jar with {everycomp} mods - versions {1.20-2.8.8}
[10Aug2025 21:07:12.429] [main/DEBUG] [net.minecraftforge.fml.loading.moddiscovery.ModFile/LOADING]: Loading mod file /workspaces/Server/servidor_minecraft/mods/everycomp-1.20-2.8.8-forge.jar with languages [LanguageSpec[languageName=javafml, acceptedVersions=[40,)]]
[10Aug2025 21:07:12.429] [main/DEBUG] [net.minecraftforge.fml.loading.moddiscovery.ModFileParser/LOADING]: Considering mod file candidate /workspaces/Server/servidor_minecraft/mods/mcw-doors-1.1.2-mc1.20.1forge.jar
[10Aug2025 21:07:12.429] [main/DEBUG] [net.minecraftforge.fml.loading.moddiscovery.ModFileInfo/LOADING]: Found valid mod file mcw-doors-1.1.2-mc1.20.1forge.jar with {mcwdoors} mods - versions {1.1.2}
[10Aug2025 21:07:12.429] [main/DEBUG] [net.minecraftforge.fml.loading.moddiscovery.ModFile/LOADING]: Loading mod file /workspaces/Server/servidor_minecraft/mods/mcw-doors-1.1.2-mc1.20.1forge.jar with languages [LanguageSpec[languageName=javafml, acceptedVersions=[28,)]]
[10Aug2025 21:07:12.429] [main/DEBUG] [net.minecraftforge.fml.loading.moddiscovery.ModFileParser/LOADING]: Considering mod file candidate /workspaces/Server/servidor_minecraft/mods/balm-forge-1.20.1-7.3.31-all.jar
[10Aug2025 21:07:12.430] [main/DEBUG] [net.minecraftforge.fml.loading.moddiscovery.ModFileInfo/LOADING]: Found valid mod file balm-forge-1.20.1-7.3.31-all.jar with {balm} mods - versions {7.3.31}
[10Aug2025 21:07:12.430] [main/DEBUG] [net.minecraftforge.fml.loading.moddiscovery.ModFile/LOADING]: Loading mod file /workspaces/Server/servidor_minecraft/mods/balm-forge-1.20.1-7.3.31-all.jar with languages [LanguageSpec[languageName=javafml, acceptedVersions=[46,)]]
[10Aug2025 21:07:12.430] [main/DEBUG] [net.minecraftforge.fml.loading.moddiscovery.ModFileParser/LOADING]: Considering mod file candidate /workspaces/Server/servidor_minecraft/mods/Terralith_1.20.x_v2.5.4.jar
[10Aug2025 21:07:12.430] [main/DEBUG] [net.minecraftforge.fml.loading.moddiscovery.ModFileInfo/LOADING]: Found valid mod file Terralith_1.20.x_v2.5.4.jar with {terralith} mods - versions {2.5.4}
[10Aug2025 21:07:12.431] [main/DEBUG] [net.minecraftforge.fml.loading.moddiscovery.ModFile/LOADING]: Loading mod file /workspaces/Server/servidor_minecraft/mods/Terralith_1.20.x_v2.5.4.jar with languages [LanguageSpec[languageName=lowcodefml, acceptedVersions=[1,)]]
[10Aug2025 21:07:12.431] [main/DEBUG] [net.minecraftforge.fml.loading.moddiscovery.ModFileParser/LOADING]: Considering mod file candidate /workspaces/Server/servidor_minecraft/mods/carryon-forge-1.20.1-2.1.2.7.jar
[10Aug2025 21:07:12.431] [main/DEBUG] [net.minecraftforge.fml.loading.moddiscovery.ModFileInfo/LOADING]: Found valid mod file carryon-forge-1.20.1-2.1.2.7.jar with {carryon} mods - versions {2.1.2.7}
[10Aug2025 21:07:12.431] [main/DEBUG] [net.minecraftforge.fml.loading.moddiscovery.ModFile/LOADING]: Loading mod file /workspaces/Server/servidor_minecraft/mods/carryon-forge-1.20.1-2.1.2.7.jar with languages [LanguageSpec[languageName=javafml, acceptedVersions=[46,)]]
[10Aug2025 21:07:12.431] [main/DEBUG] [net.minecraftforge.fml.loading.moddiscovery.ModFileParser/LOADING]: Considering mod file candidate /workspaces/Server/servidor_minecraft/mods/JustEnoughResources-1.20.1-1.4.0.247.jar
[10Aug2025 21:07:12.432] [main/DEBUG] [net.minecraftforge.fml.loading.moddiscovery.ModFileInfo/LOADING]: Found valid mod file JustEnoughResources-1.20.1-1.4.0.247.jar with {jeresources} mods - versions {1.4.0.247}
[10Aug2025 21:07:12.432] [main/DEBUG] [net.minecraftforge.fml.loading.moddiscovery.ModFile/LOADING]: Loading mod file /workspaces/Server/servidor_minecraft/mods/JustEnoughResources-1.20.1-1.4.0.247.jar with languages [LanguageSpec[languageName=javafml, acceptedVersions=[47,)]]
[10Aug2025 21:07:12.432] [main/DEBUG] [net.minecraftforge.fml.loading.moddiscovery.ModFileParser/LOADING]: Considering mod file candidate 
[10Aug2025 21:07:12.433] [main/DEBUG] [net.minecraftforge.fml.loading.moddiscovery.ModFileInfo/LOADING]: Found valid mod file puzzlesaccessapi-forge-20.1.1.jar with {puzzlesaccessapi} mods - versions {20.1.1}
[10Aug2025 21:07:12.433] [main/DEBUG] [net.minecraftforge.fml.loading.moddiscovery.ModFile/LOADING]: Loading mod file  with languages [LanguageSpec[languageName=javafml, acceptedVersions=*]]
[10Aug2025 21:07:12.433] [main/DEBUG] [net.minecraftforge.fml.loading.moddiscovery.ModFileParser/LOADING]: Considering mod file candidate /workspaces/Server/servidor_minecraft/mods/cloth-config-11.1.136-forge.jar
[10Aug2025 21:07:12.433] [main/DEBUG] [net.minecraftforge.fml.loading.moddiscovery.ModFileInfo/LOADING]: Found valid mod file cloth-config-11.1.136-forge.jar with {cloth_config} mods - versions {11.1.136}
[10Aug2025 21:07:12.433] [main/DEBUG] [net.minecraftforge.fml.loading.moddiscovery.ModFile/LOADING]: Loading mod file /workspaces/Server/servidor_minecraft/mods/cloth-config-11.1.136-forge.jar with languages [LanguageSpec[languageName=javafml, acceptedVersions=[34,)]]
[10Aug2025 21:07:12.434] [main/DEBUG] [net.minecraftforge.fml.loading.moddiscovery.ModFileParser/LOADING]: Considering mod file candidate /workspaces/Server/servidor_minecraft/mods/DungeonsAriseSevenSeas-1.19.2-1.0.2-forge.jar
[10Aug2025 21:07:12.434] [main/DEBUG] [net.minecraftforge.fml.loading.moddiscovery.ModFileInfo/LOADING]: Found valid mod file DungeonsAriseSevenSeas-1.19.2-1.0.2-forge.jar with {dungeons_arise_seven_seas} mods - versions {1.0.2}
[10Aug2025 21:07:12.434] [main/DEBUG] [net.minecraftforge.fml.loading.moddiscovery.ModFile/LOADING]: Loading mod file /workspaces/Server/servidor_minecraft/mods/DungeonsAriseSevenSeas-1.19.2-1.0.2-forge.jar with languages [LanguageSpec[languageName=javafml, acceptedVersions=[43,)]]
[10Aug2025 21:07:12.434] [main/DEBUG] [net.minecraftforge.fml.loading.moddiscovery.ModFileParser/LOADING]: Considering mod file candidate /workspaces/Server/servidor_minecraft/mods/stackrefill-1.20.1-4.7.jar
[10Aug2025 21:07:12.435] [main/DEBUG] [net.minecraftforge.fml.loading.moddiscovery.ModFileInfo/LOADING]: Found valid mod file stackrefill-1.20.1-4.7.jar with {stackrefill} mods - versions {4.7}
[10Aug2025 21:07:12.435] [main/DEBUG] [net.minecraftforge.fml.loading.moddiscovery.ModFile/LOADING]: Loading mod file /workspaces/Server/servidor_minecraft/mods/stackrefill-1.20.1-4.7.jar with languages [LanguageSpec[languageName=javafml, acceptedVersions=*]]
[10Aug2025 21:07:12.435] [main/DEBUG] [net.minecraftforge.fml.loading.moddiscovery.ModFileParser/LOADING]: Considering mod file candidate /workspaces/Server/servidor_minecraft/libraries/net/minecraftforge/forge/1.20.1-47.4.0/forge-1.20.1-47.4.0-universal.jar
[10Aug2025 21:07:12.435] [main/DEBUG] [net.minecraftforge.fml.loading.moddiscovery.ModFileInfo/LOADING]: Found valid mod file forge-1.20.1-47.4.0-universal.jar with {forge} mods - versions {47.4.0}
[10Aug2025 21:07:12.435] [main/DEBUG] [net.minecraftforge.fml.loading.moddiscovery.ModFile/LOADING]: Loading mod file /workspaces/Server/servidor_minecraft/libraries/net/minecraftforge/forge/1.20.1-47.4.0/forge-1.20.1-47.4.0-universal.jar with languages [LanguageSpec[languageName=javafml, acceptedVersions=[24,]]]
[10Aug2025 21:07:12.436] [main/DEBUG] [net.minecraftforge.fml.loading.moddiscovery.ModFileParser/LOADING]: Found coremod field_to_method with Javascript path coremods/field_to_method.js
[10Aug2025 21:07:12.436] [main/DEBUG] [net.minecraftforge.fml.loading.moddiscovery.ModFileParser/LOADING]: Found coremod field_to_instanceof with Javascript path coremods/field_to_instanceof.js
[10Aug2025 21:07:12.436] [main/DEBUG] [net.minecraftforge.fml.loading.moddiscovery.ModFileParser/LOADING]: Found coremod add_bouncer_method with Javascript path coremods/add_bouncer_method.js
[10Aug2025 21:07:12.436] [main/DEBUG] [net.minecraftforge.fml.loading.moddiscovery.ModFileParser/LOADING]: Found coremod method_redirector with Javascript path coremods/method_redirector.js
[10Aug2025 21:07:12.436] [main/DEBUG] [net.minecraftforge.fml.loading.moddiscovery.ModFile/LOADING]: Found coremod coremods/field_to_method.js
[10Aug2025 21:07:12.436] [main/DEBUG] [net.minecraftforge.fml.loading.moddiscovery.ModFile/LOADING]: Found coremod coremods/field_to_instanceof.js
[10Aug2025 21:07:12.436] [main/DEBUG] [net.minecraftforge.fml.loading.moddiscovery.ModFile/LOADING]: Found coremod coremods/add_bouncer_method.js
[10Aug2025 21:07:12.436] [main/DEBUG] [net.minecraftforge.fml.loading.moddiscovery.ModFile/LOADING]: Found coremod coremods/method_redirector.js
[10Aug2025 21:07:12.437] [main/DEBUG] [net.minecraftforge.fml.loading.moddiscovery.ModFileParser/LOADING]: Considering mod file candidate /workspaces/Server/servidor_minecraft/mods/ATi_structures_1.3.0_forge_1.20.jar
[10Aug2025 21:07:12.437] [main/DEBUG] [net.minecraftforge.fml.loading.moddiscovery.ModFileInfo/LOADING]: Found valid mod file ATi_structures_1.3.0_forge_1.20.jar with {ati_structuresv} mods - versions {1.0.0}
[10Aug2025 21:07:12.437] [main/DEBUG] [net.minecraftforge.fml.loading.moddiscovery.ModFile/LOADING]: Loading mod file /workspaces/Server/servidor_minecraft/mods/ATi_structures_1.3.0_forge_1.20.jar with languages [LanguageSpec[languageName=javafml, acceptedVersions=[47,)]]
[10Aug2025 21:07:12.437] [main/DEBUG] [net.minecraftforge.fml.loading.moddiscovery.ModFileParser/LOADING]: Considering mod file candidate /workspaces/Server/servidor_minecraft/mods/supplementaries-1.20-3.1.31.jar
[10Aug2025 21:07:12.438] [main/DEBUG] [net.minecraftforge.fml.loading.moddiscovery.ModFileInfo/LOADING]: Found valid mod file supplementaries-1.20-3.1.31.jar with {supplementaries} mods - versions {1.20-3.1.31}
[10Aug2025 21:07:12.438] [main/DEBUG] [net.minecraftforge.fml.loading.moddiscovery.ModFile/LOADING]: Loading mod file /workspaces/Server/servidor_minecraft/mods/supplementaries-1.20-3.1.31.jar with languages [LanguageSpec[languageName=javafml, acceptedVersions=[4,)]]
[10Aug2025 21:07:12.438] [main/DEBUG] [net.minecraftforge.fml.loading.moddiscovery.ModFileParser/LOADING]: Considering mod file candidate /workspaces/Server/servidor_minecraft/mods/mcw-paths-1.1.0forge-mc1.20.1.jar
[10Aug2025 21:07:12.438] [main/DEBUG] [net.minecraftforge.fml.loading.moddiscovery.ModFileInfo/LOADING]: Found valid mod file mcw-paths-1.1.0forge-mc1.20.1.jar with {mcwpaths} mods - versions {1.1.0}
[10Aug2025 21:07:12.439] [main/DEBUG] [net.minecraftforge.fml.loading.moddiscovery.ModFile/LOADING]: Loading mod file /workspaces/Server/servidor_minecraft/mods/mcw-paths-1.1.0forge-mc1.20.1.jar with languages [LanguageSpec[languageName=javafml, acceptedVersions=[28,)]]
[10Aug2025 21:07:12.439] [main/DEBUG] [net.minecraftforge.fml.loading.moddiscovery.ModFileParser/LOADING]: Considering mod file candidate /workspaces/Server/servidor_minecraft/mods/DungeonsArise-1.20.x-2.1.58-release.jar
[10Aug2025 21:07:12.439] [main/DEBUG] [net.minecraftforge.fml.loading.moddiscovery.ModFileInfo/LOADING]: Found valid mod file DungeonsArise-1.20.x-2.1.58-release.jar with {dungeons_arise} mods - versions {2.1.58-1.20.x}
[10Aug2025 21:07:12.439] [main/DEBUG] [net.minecraftforge.fml.loading.moddiscovery.ModFile/LOADING]: Loading mod file /workspaces/Server/servidor_minecraft/mods/DungeonsArise-1.20.x-2.1.58-release.jar with languages [LanguageSpec[languageName=javafml, acceptedVersions=[41,)]]
[10Aug2025 21:07:12.439] [main/DEBUG] [net.minecraftforge.fml.loading.moddiscovery.ModFileParser/LOADING]: Considering mod file candidate /workspaces/Server/servidor_minecraft/mods/FarmersDelight-1.20.1-1.2.8.jar
[10Aug2025 21:07:12.440] [main/DEBUG] [net.minecraftforge.fml.loading.moddiscovery.ModFileInfo/LOADING]: Found valid mod file FarmersDelight-1.20.1-1.2.8.jar with {farmersdelight} mods - versions {1.20.1-1.2.8}
[10Aug2025 21:07:12.440] [main/DEBUG] [net.minecraftforge.fml.loading.moddiscovery.ModFile/LOADING]: Loading mod file /workspaces/Server/servidor_minecraft/mods/FarmersDelight-1.20.1-1.2.8.jar with languages [LanguageSpec[languageName=javafml, acceptedVersions=[46,)]]
[10Aug2025 21:07:12.440] [main/DEBUG] [net.minecraftforge.fml.loading.moddiscovery.ModFileParser/LOADING]: Considering mod file candidate /workspaces/Server/servidor_minecraft/mods/mcw-bridges-3.1.0-mc1.20.1forge.jar
[10Aug2025 21:07:12.441] [main/DEBUG] [net.minecraftforge.fml.loading.moddiscovery.ModFileInfo/LOADING]: Found valid mod file mcw-bridges-3.1.0-mc1.20.1forge.jar with {mcwbridges} mods - versions {3.1.0}
[10Aug2025 21:07:12.441] [main/DEBUG] [net.minecraftforge.fml.loading.moddiscovery.ModFile/LOADING]: Loading mod file /workspaces/Server/servidor_minecraft/mods/mcw-bridges-3.1.0-mc1.20.1forge.jar with languages [LanguageSpec[languageName=javafml, acceptedVersions=[28,)]]
[10Aug2025 21:07:12.441] [main/DEBUG] [net.minecraftforge.fml.loading.moddiscovery.ModFileInfo/LOADING]: Found valid mod file server-1.20.1-20230612.114412-srg.jar with {minecraft} mods - versions {1.20.1}
[10Aug2025 21:07:12.441] [main/DEBUG] [net.minecraftforge.fml.loading.moddiscovery.ModFile/LOADING]: Loading mod file /workspaces/Server/servidor_minecraft/libraries/net/minecraft/server/1.20.1-20230612.114412/server-1.20.1-20230612.114412-srg.jar with languages [LanguageSpec[languageName=minecraft, acceptedVersions=1]]
[10Aug2025 21:07:12.441] [main/DEBUG] [net.minecraftforge.fml.loading.moddiscovery.ModFileParser/LOADING]: Considering mod file candidate /workspaces/Server/servidor_minecraft/mods/libIPN-forge-1.20-4.0.2.jar
[10Aug2025 21:07:12.442] [main/DEBUG] [net.minecraftforge.fml.loading.moddiscovery.ModFileInfo/LOADING]: Found valid mod file libIPN-forge-1.20-4.0.2.jar with {libipn} mods - versions {4.0.2}
[10Aug2025 21:07:12.442] [main/DEBUG] [net.minecraftforge.fml.loading.moddiscovery.ModFile/LOADING]: Loading mod file /workspaces/Server/servidor_minecraft/mods/libIPN-forge-1.20-4.0.2.jar with languages [LanguageSpec[languageName=kotlinforforge, acceptedVersions=[4.3,)]]
[10Aug2025 21:07:12.442] [main/DEBUG] [net.minecraftforge.fml.loading.moddiscovery.ModFileParser/LOADING]: Considering mod file candidate /workspaces/Server/servidor_minecraft/mods/trade-cycling-forge-1.20.1-1.0.18.jar
[10Aug2025 21:07:12.442] [main/DEBUG] [net.minecraftforge.fml.loading.moddiscovery.ModFileInfo/LOADING]: Found valid mod file trade-cycling-forge-1.20.1-1.0.18.jar with {trade_cycling} mods - versions {1.20.1-1.0.18}
[10Aug2025 21:07:12.443] [main/DEBUG] [net.minecraftforge.fml.loading.moddiscovery.ModFile/LOADING]: Loading mod file /workspaces/Server/servidor_minecraft/mods/trade-cycling-forge-1.20.1-1.0.18.jar with languages [LanguageSpec[languageName=javafml, acceptedVersions=*]]
[10Aug2025 21:07:12.443] [main/DEBUG] [net.minecraftforge.fml.loading.moddiscovery.ModFileParser/LOADING]: Considering mod file candidate /workspaces/Server/servidor_minecraft/mods/moonlight-1.20-2.14.11-forge.jar
[10Aug2025 21:07:12.443] [main/DEBUG] [net.minecraftforge.fml.loading.moddiscovery.ModFileInfo/LOADING]: Found valid mod file moonlight-1.20-2.14.11-forge.jar with {moonlight} mods - versions {1.20-2.14.11}
[10Aug2025 21:07:12.443] [main/DEBUG] [net.minecraftforge.fml.loading.moddiscovery.ModFile/LOADING]: Loading mod file /workspaces/Server/servidor_minecraft/mods/moonlight-1.20-2.14.11-forge.jar with languages [LanguageSpec[languageName=javafml, acceptedVersions=[40,)]]
[10Aug2025 21:07:12.443] [main/DEBUG] [net.minecraftforge.fml.loading.moddiscovery.ModFileParser/LOADING]: Considering mod file candidate /workspaces/Server/servidor_minecraft/mods/TerraBlender-forge-1.20.1-3.0.1.10.jar
[10Aug2025 21:07:12.444] [main/DEBUG] [net.minecraftforge.fml.loading.moddiscovery.ModFileInfo/LOADING]: Found valid mod file TerraBlender-forge-1.20.1-3.0.1.10.jar with {terrablender} mods - versions {3.0.1.10}
[10Aug2025 21:07:12.444] [main/DEBUG] [net.minecraftforge.fml.loading.moddiscovery.ModFile/LOADING]: Loading mod file /workspaces/Server/servidor_minecraft/mods/TerraBlender-forge-1.20.1-3.0.1.10.jar with languages [LanguageSpec[languageName=javafml, acceptedVersions=[47,)]]
[10Aug2025 21:07:12.444] [main/DEBUG] [net.minecraftforge.fml.loading.moddiscovery.ModFileParser/LOADING]: Considering mod file candidate /workspaces/Server/servidor_minecraft/mods/RegionsUnexploredForge-0.5.6+1.20.1.jar
[10Aug2025 21:07:12.445] [main/DEBUG] [net.minecraftforge.fml.loading.moddiscovery.ModFileInfo/LOADING]: Found valid mod file RegionsUnexploredForge-0.5.6+1.20.1.jar with {regions_unexplored} mods - versions {0.5.6}
[10Aug2025 21:07:12.445] [main/DEBUG] [net.minecraftforge.fml.loading.moddiscovery.ModFile/LOADING]: Loading mod file /workspaces/Server/servidor_minecraft/mods/RegionsUnexploredForge-0.5.6+1.20.1.jar with languages [LanguageSpec[languageName=javafml, acceptedVersions=[47,)]]
[10Aug2025 21:07:12.445] [main/DEBUG] [net.minecraftforge.fml.loading.moddiscovery.ModFileParser/LOADING]: Considering mod file candidate /workspaces/Server/servidor_minecraft/mods/BiomesOPlenty-forge-1.20.1-19.0.0.96.jar
[10Aug2025 21:07:12.445] [main/DEBUG] [net.minecraftforge.fml.loading.moddiscovery.ModFileInfo/LOADING]: Found valid mod file BiomesOPlenty-forge-1.20.1-19.0.0.96.jar with {biomesoplenty} mods - versions {19.0.0.96}
[10Aug2025 21:07:12.445] [main/DEBUG] [net.minecraftforge.fml.loading.moddiscovery.ModFile/LOADING]: Loading mod file /workspaces/Server/servidor_minecraft/mods/BiomesOPlenty-forge-1.20.1-19.0.0.96.jar with languages [LanguageSpec[languageName=javafml, acceptedVersions=[47,)]]
[10Aug2025 21:07:12.445] [main/DEBUG] [net.minecraftforge.fml.loading.moddiscovery.ModFileParser/LOADING]: Considering mod file candidate /workspaces/Server/servidor_minecraft/mods/animal_feeding_trough-1.1.0+1.20.1-forge.jar
[10Aug2025 21:07:12.446] [main/DEBUG] [net.minecraftforge.fml.loading.moddiscovery.ModFileInfo/LOADING]: Found valid mod file animal_feeding_trough-1.1.0+1.20.1-forge.jar with {animal_feeding_trough} mods - versions {1.1.0+1.20.1-forge}
[10Aug2025 21:07:12.446] [main/DEBUG] [net.minecraftforge.fml.loading.moddiscovery.ModFile/LOADING]: Loading mod file /workspaces/Server/servidor_minecraft/mods/animal_feeding_trough-1.1.0+1.20.1-forge.jar with languages [LanguageSpec[languageName=javafml, acceptedVersions=[46,)]]
[10Aug2025 21:07:12.446] [main/DEBUG] [net.minecraftforge.fml.loading.moddiscovery.ModFileParser/LOADING]: Considering mod file candidate /workspaces/Server/servidor_minecraft/mods/Jade-1.20.1-Forge-11.13.1.jar
[10Aug2025 21:07:12.447] [main/DEBUG] [net.minecraftforge.fml.loading.moddiscovery.ModFileInfo/LOADING]: Found valid mod file Jade-1.20.1-Forge-11.13.1.jar with {jade} mods - versions {11.13.1+forge}
[10Aug2025 21:07:12.447] [main/DEBUG] [net.minecraftforge.fml.loading.moddiscovery.ModFile/LOADING]: Loading mod file /workspaces/Server/servidor_minecraft/mods/Jade-1.20.1-Forge-11.13.1.jar with languages [LanguageSpec[languageName=javafml, acceptedVersions=[46,)]]
[10Aug2025 21:07:12.447] [main/DEBUG] [net.minecraftforge.fml.loading.moddiscovery.ModFileParser/LOADING]: Considering mod file candidate /workspaces/Server/servidor_minecraft/mods/mcw-fences-1.2.0-1.20.1forge.jar
[10Aug2025 21:07:12.447] [main/DEBUG] [net.minecraftforge.fml.loading.moddiscovery.ModFileInfo/LOADING]: Found valid mod file mcw-fences-1.2.0-1.20.1forge.jar with {mcwfences} mods - versions {1.2.0}
[10Aug2025 21:07:12.447] [main/DEBUG] [net.minecraftforge.fml.loading.moddiscovery.ModFile/LOADING]: Loading mod file /workspaces/Server/servidor_minecraft/mods/mcw-fences-1.2.0-1.20.1forge.jar with languages [LanguageSpec[languageName=javafml, acceptedVersions=[28,)]]
[10Aug2025 21:07:12.447] [main/DEBUG] [net.minecraftforge.fml.loading.moddiscovery.ModFileParser/LOADING]: Considering mod file candidate /workspaces/Server/servidor_minecraft/mods/mcw-trapdoors-1.1.4-mc1.20.1forge.jar
[10Aug2025 21:07:12.448] [main/DEBUG] [net.minecraftforge.fml.loading.moddiscovery.ModFileInfo/LOADING]: Found valid mod file mcw-trapdoors-1.1.4-mc1.20.1forge.jar with {mcwtrpdoors} mods - versions {1.1.4}
[10Aug2025 21:07:12.448] [main/DEBUG] [net.minecraftforge.fml.loading.moddiscovery.ModFile/LOADING]: Loading mod file /workspaces/Server/servidor_minecraft/mods/mcw-trapdoors-1.1.4-mc1.20.1forge.jar with languages [LanguageSpec[languageName=javafml, acceptedVersions=[28,)]]
[10Aug2025 21:07:12.448] [main/DEBUG] [net.minecraftforge.fml.loading.moddiscovery.ModFileParser/LOADING]: Considering mod file candidate /workspaces/Server/servidor_minecraft/mods/lionfishapi-2.4.jar
[10Aug2025 21:07:12.448] [main/DEBUG] [net.minecraftforge.fml.loading.moddiscovery.ModFileInfo/LOADING]: Found valid mod file lionfishapi-2.4.jar with {lionfishapi} mods - versions {2.4}
[10Aug2025 21:07:12.448] [main/DEBUG] [net.minecraftforge.fml.loading.moddiscovery.ModFile/LOADING]: Loading mod file /workspaces/Server/servidor_minecraft/mods/lionfishapi-2.4.jar with languages [LanguageSpec[languageName=javafml, acceptedVersions=[47,)]]
[10Aug2025 21:07:12.448] [main/DEBUG] [net.minecraftforge.fml.loading.moddiscovery.ModFileParser/LOADING]: Considering mod file candidate 
[10Aug2025 21:07:12.449] [main/DEBUG] [net.minecraftforge.fml.loading.moddiscovery.ModFileInfo/LOADING]: Found valid mod file kffmod-4.11.0.jar with {kotlinforforge} mods - versions {4.11.0}
[10Aug2025 21:07:12.449] [main/DEBUG] [net.minecraftforge.fml.loading.moddiscovery.ModFile/LOADING]: Loading mod file  with languages [LanguageSpec[languageName=kotlinforforge, acceptedVersions=[4,)]]
[10Aug2025 21:07:12.449] [main/DEBUG] [net.minecraftforge.fml.loading.moddiscovery.ModFileParser/LOADING]: Considering mod file candidate /workspaces/Server/servidor_minecraft/mods/curios-forge-5.14.1+1.20.1.jar
[10Aug2025 21:07:12.450] [main/DEBUG] [net.minecraftforge.fml.loading.moddiscovery.ModFileInfo/LOADING]: Found valid mod file curios-forge-5.14.1+1.20.1.jar with {curios} mods - versions {5.14.1+1.20.1}
[10Aug2025 21:07:12.450] [main/DEBUG] [net.minecraftforge.fml.loading.moddiscovery.ModFile/LOADING]: Loading mod file /workspaces/Server/servidor_minecraft/mods/curios-forge-5.14.1+1.20.1.jar with languages [LanguageSpec[languageName=javafml, acceptedVersions=[41,)]]
[10Aug2025 21:07:12.450] [main/DEBUG] [net.minecraftforge.fml.loading.moddiscovery.ModFileParser/LOADING]: Considering mod file candidate /workspaces/Server/servidor_minecraft/mods/L_Enders_Cataclysm-3.04.jar
[10Aug2025 21:07:12.451] [main/DEBUG] [net.minecraftforge.fml.loading.moddiscovery.ModFileInfo/LOADING]: Found valid mod file L_Enders_Cataclysm-3.04.jar with {cataclysm} mods - versions {3.04}
[10Aug2025 21:07:12.451] [main/DEBUG] [net.minecraftforge.fml.loading.moddiscovery.ModFile/LOADING]: Loading mod file /workspaces/Server/servidor_minecraft/mods/L_Enders_Cataclysm-3.04.jar with languages [LanguageSpec[languageName=javafml, acceptedVersions=[47,)]]
[10Aug2025 21:07:12.451] [main/DEBUG] [net.minecraftforge.fml.loading.moddiscovery.ModFileParser/LOADING]: Considering mod file candidate /workspaces/Server/servidor_minecraft/mods/mcwbiomesoplenty-1.20.1-1.2.1.jar
[10Aug2025 21:07:12.452] [main/DEBUG] [net.minecraftforge.fml.loading.moddiscovery.ModFileInfo/LOADING]: Found valid mod file mcwbiomesoplenty-1.20.1-1.2.1.jar with {mcwbiomesoplenty} mods - versions {1.20.1-1.2.1}
[10Aug2025 21:07:12.452] [main/DEBUG] [net.minecraftforge.fml.loading.moddiscovery.ModFile/LOADING]: Loading mod file /workspaces/Server/servidor_minecraft/mods/mcwbiomesoplenty-1.20.1-1.2.1.jar with languages [LanguageSpec[languageName=javafml, acceptedVersions=[47,)]]
[10Aug2025 21:07:12.452] [main/DEBUG] [net.minecraftforge.fml.loading.moddiscovery.ModFileParser/LOADING]: Considering mod file candidate /workspaces/Server/servidor_minecraft/mods/suppsquared-1.20-1.1.21.jar
[10Aug2025 21:07:12.453] [main/DEBUG] [net.minecraftforge.fml.loading.moddiscovery.ModFileInfo/LOADING]: Found valid mod file suppsquared-1.20-1.1.21.jar with {suppsquared} mods - versions {1.20-1.1.21}
[10Aug2025 21:07:12.453] [main/DEBUG] [net.minecraftforge.fml.loading.moddiscovery.ModFile/LOADING]: Loading mod file /workspaces/Server/servidor_minecraft/mods/suppsquared-1.20-1.1.21.jar with languages [LanguageSpec[languageName=javafml, acceptedVersions=[40,)]]
[10Aug2025 21:07:12.453] [main/DEBUG] [net.minecraftforge.fml.loading.moddiscovery.ModFileParser/LOADING]: Considering mod file candidate /workspaces/Server/servidor_minecraft/mods/collective-1.20.1-8.3.jar
[10Aug2025 21:07:12.454] [main/DEBUG] [net.minecraftforge.fml.loading.moddiscovery.ModFileInfo/LOADING]: Found valid mod file collective-1.20.1-8.3.jar with {collective} mods - versions {8.3}
[10Aug2025 21:07:12.454] [main/DEBUG] [net.minecraftforge.fml.loading.moddiscovery.ModFile/LOADING]: Loading mod file /workspaces/Server/servidor_minecraft/mods/collective-1.20.1-8.3.jar with languages [LanguageSpec[languageName=javafml, acceptedVersions=*]]
[10Aug2025 21:07:12.454] [main/DEBUG] [net.minecraftforge.fml.loading.moddiscovery.ModFileParser/LOADING]: Considering mod file candidate /workspaces/Server/servidor_minecraft/mods/[1.20.1] SecurityCraft v1.10.0.1.jar
[10Aug2025 21:07:12.455] [main/DEBUG] [net.minecraftforge.fml.loading.moddiscovery.ModFileInfo/LOADING]: Found valid mod file [1.20.1] SecurityCraft v1.10.0.1.jar with {securitycraft} mods - versions {1.10.0.1}
[10Aug2025 21:07:12.455] [main/DEBUG] [net.minecraftforge.fml.loading.moddiscovery.ModFile/LOADING]: Loading mod file /workspaces/Server/servidor_minecraft/mods/[1.20.1] SecurityCraft v1.10.0.1.jar with languages [LanguageSpec[languageName=javafml, acceptedVersions=[46,)]]
[10Aug2025 21:07:12.455] [main/DEBUG] [net.minecraftforge.fml.loading.moddiscovery.ModFileParser/LOADING]: Considering mod file candidate /workspaces/Server/servidor_minecraft/mods/dungeons-and-taverns-3.0.3.f.jar
[10Aug2025 21:07:12.455] [main/DEBUG] [net.minecraftforge.fml.loading.moddiscovery.ModFileInfo/LOADING]: Found valid mod file dungeons-and-taverns-3.0.3.f.jar with {mr_dungeons_andtaverns} mods - versions {3.0.3.f}
[10Aug2025 21:07:12.455] [main/DEBUG] [net.minecraftforge.fml.loading.moddiscovery.ModFile/LOADING]: Loading mod file /workspaces/Server/servidor_minecraft/mods/dungeons-and-taverns-3.0.3.f.jar with languages [LanguageSpec[languageName=lowcodefml, acceptedVersions=[40,)]]
[10Aug2025 21:07:12.455] [main/DEBUG] [net.minecraftforge.fml.loading.moddiscovery.ModFileParser/LOADING]: Considering mod file candidate /workspaces/Server/servidor_minecraft/mods/tombstone-1.20.1-8.9.8.jar
[10Aug2025 21:07:12.456] [main/DEBUG] [net.minecraftforge.fml.loading.moddiscovery.ModFileInfo/LOADING]: Found valid mod file tombstone-1.20.1-8.9.8.jar with {tombstone} mods - versions {8.9.8}
[10Aug2025 21:07:12.456] [main/DEBUG] [net.minecraftforge.fml.loading.moddiscovery.ModFile/LOADING]: Loading mod file /workspaces/Server/servidor_minecraft/mods/tombstone-1.20.1-8.9.8.jar with languages [LanguageSpec[languageName=javafml, acceptedVersions=[46,)]]
[10Aug2025 21:07:12.456] [main/DEBUG] [net.minecraftforge.fml.loading.moddiscovery.ModFileParser/LOADING]: Considering mod file candidate /workspaces/Server/servidor_minecraft/mods/InventoryProfilesNext-forge-1.20-1.10.14.jar
[10Aug2025 21:07:12.457] [main/DEBUG] [net.minecraftforge.fml.loading.moddiscovery.ModFileInfo/LOADING]: Found valid mod file InventoryProfilesNext-forge-1.20-1.10.14.jar with {inventoryprofilesnext} mods - versions {1.10.14}
[10Aug2025 21:07:12.457] [main/DEBUG] [net.minecraftforge.fml.loading.moddiscovery.ModFile/LOADING]: Loading mod file /workspaces/Server/servidor_minecraft/mods/InventoryProfilesNext-forge-1.20-1.10.14.jar with languages [LanguageSpec[languageName=kotlinforforge, acceptedVersions=[4.3,)]]
[10Aug2025 21:07:12.457] [main/DEBUG] [net.minecraftforge.fml.loading.moddiscovery.ModFileParser/LOADING]: Considering mod file candidate /workspaces/Server/servidor_minecraft/mods/mcw-roofs-2.3.2-mc1.20.1forge.jar
[10Aug2025 21:07:12.457] [main/DEBUG] [net.minecraftforge.fml.loading.moddiscovery.ModFileInfo/LOADING]: Found valid mod file mcw-roofs-2.3.2-mc1.20.1forge.jar with {mcwroofs} mods - versions {2.3.2}
[10Aug2025 21:07:12.458] [main/DEBUG] [net.minecraftforge.fml.loading.moddiscovery.ModFile/LOADING]: Loading mod file /workspaces/Server/servidor_minecraft/mods/mcw-roofs-2.3.2-mc1.20.1forge.jar with languages [LanguageSpec[languageName=javafml, acceptedVersions=[28,)]]
[10Aug2025 21:07:12.458] [main/DEBUG] [net.minecraftforge.fml.loading.moddiscovery.ModFileParser/LOADING]: Considering mod file candidate /workspaces/Server/servidor_minecraft/mods/architectury-9.2.14-forge.jar
[10Aug2025 21:07:12.458] [main/DEBUG] [net.minecraftforge.fml.loading.moddiscovery.ModFileInfo/LOADING]: Found valid mod file architectury-9.2.14-forge.jar with {architectury} mods - versions {9.2.14}
[10Aug2025 21:07:12.459] [main/DEBUG] [net.minecraftforge.fml.loading.moddiscovery.ModFile/LOADING]: Loading mod file /workspaces/Server/servidor_minecraft/mods/architectury-9.2.14-forge.jar with languages [LanguageSpec[languageName=javafml, acceptedVersions=[46,)]]
[10Aug2025 21:07:12.459] [main/DEBUG] [net.minecraftforge.fml.loading.moddiscovery.ModFileParser/LOADING]: Considering mod file candidate /workspaces/Server/servidor_minecraft/mods/mcw-furniture-3.3.0-mc1.20.1forge.jar
[10Aug2025 21:07:12.459] [main/DEBUG] [net.minecraftforge.fml.loading.moddiscovery.ModFileInfo/LOADING]: Found valid mod file mcw-furniture-3.3.0-mc1.20.1forge.jar with {mcwfurnitures} mods - versions {3.3.0}
[10Aug2025 21:07:12.459] [main/DEBUG] [net.minecraftforge.fml.loading.moddiscovery.ModFile/LOADING]: Loading mod file /workspaces/Server/servidor_minecraft/mods/mcw-furniture-3.3.0-mc1.20.1forge.jar with languages [LanguageSpec[languageName=javafml, acceptedVersions=[28,)]]
[10Aug2025 21:07:12.459] [main/DEBUG] [net.minecraftforge.fml.loading.moddiscovery.ModFileParser/LOADING]: Considering mod file candidate /workspaces/Server/servidor_minecraft/mods/PuzzlesLib-v8.1.32-1.20.1-Forge.jar
[10Aug2025 21:07:12.460] [main/DEBUG] [net.minecraftforge.fml.loading.moddiscovery.ModFileInfo/LOADING]: Found valid mod file PuzzlesLib-v8.1.32-1.20.1-Forge.jar with {puzzleslib} mods - versions {8.1.32}
[10Aug2025 21:07:12.460] [main/DEBUG] [net.minecraftforge.fml.loading.moddiscovery.ModFile/LOADING]: Loading mod file /workspaces/Server/servidor_minecraft/mods/PuzzlesLib-v8.1.32-1.20.1-Forge.jar with languages [LanguageSpec[languageName=javafml, acceptedVersions=[47,)]]
[10Aug2025 21:07:12.460] [main/DEBUG] [net.minecraftforge.fml.loading.moddiscovery.ModFileParser/LOADING]: Considering mod file candidate /workspaces/Server/servidor_minecraft/mods/addonslib-1.20.1-1.4.jar
[10Aug2025 21:07:12.460] [main/DEBUG] [net.minecraftforge.fml.loading.moddiscovery.ModFileInfo/LOADING]: Found valid mod file addonslib-1.20.1-1.4.jar with {addonslib} mods - versions {1.20.1-1.4}
[10Aug2025 21:07:12.460] [main/DEBUG] [net.minecraftforge.fml.loading.moddiscovery.ModFile/LOADING]: Loading mod file /workspaces/Server/servidor_minecraft/mods/addonslib-1.20.1-1.4.jar with languages [LanguageSpec[languageName=javafml, acceptedVersions=[47,)]]
[10Aug2025 21:07:12.461] [main/DEBUG] [net.minecraftforge.fml.loading.moddiscovery.ModFileParser/LOADING]: Considering mod file candidate /workspaces/Server/servidor_minecraft/mods/JadeAddons-1.20.1-Forge-5.5.0.jar
[10Aug2025 21:07:12.461] [main/DEBUG] [net.minecraftforge.fml.loading.moddiscovery.ModFileInfo/LOADING]: Found valid mod file JadeAddons-1.20.1-Forge-5.5.0.jar with {jadeaddons} mods - versions {5.5.0+forge}
[10Aug2025 21:07:12.461] [main/DEBUG] [net.minecraftforge.fml.loading.moddiscovery.ModFile/LOADING]: Loading mod file /workspaces/Server/servidor_minecraft/mods/JadeAddons-1.20.1-Forge-5.5.0.jar with languages [LanguageSpec[languageName=javafml, acceptedVersions=[46,)]]
[10Aug2025 21:07:12.461] [main/DEBUG] [net.minecraftforge.fml.loading.moddiscovery.ModFileParser/LOADING]: Considering mod file candidate 
[10Aug2025 21:07:12.461] [main/DEBUG] [net.minecraftforge.fml.loading.moddiscovery.ModFileInfo/LOADING]: Found valid mod file expandability-forge-9.0.4.jar with {expandability} mods - versions {9.0.4}
[10Aug2025 21:07:12.461] [main/DEBUG] [net.minecraftforge.fml.loading.moddiscovery.ModFile/LOADING]: Loading mod file  with languages [LanguageSpec[languageName=javafml, acceptedVersions=[46,)]]
[10Aug2025 21:07:12.462] [main/DEBUG] [net.minecraftforge.fml.loading.moddiscovery.ModFileParser/LOADING]: Considering mod file candidate /workspaces/Server/servidor_minecraft/mods/mcw-lights-1.1.2-mc1.20.1forge.jar
[10Aug2025 21:07:12.462] [main/DEBUG] [net.minecraftforge.fml.loading.moddiscovery.ModFileInfo/LOADING]: Found valid mod file mcw-lights-1.1.2-mc1.20.1forge.jar with {mcwlights} mods - versions {1.1.2}
[10Aug2025 21:07:12.462] [main/DEBUG] [net.minecraftforge.fml.loading.moddiscovery.ModFile/LOADING]: Loading mod file /workspaces/Server/servidor_minecraft/mods/mcw-lights-1.1.2-mc1.20.1forge.jar with languages [LanguageSpec[languageName=javafml, acceptedVersions=[28,)]]
[10Aug2025 21:07:12.462] [main/DEBUG] [net.minecraftforge.fml.loading.moddiscovery.ModFile/LOADING]: Loading mod file  with languages []
[10Aug2025 21:07:12.462] [main/DEBUG] [net.minecraftforge.fml.loading.moddiscovery.ModFileParser/LOADING]: Considering mod file candidate 
[10Aug2025 21:07:12.462] [main/DEBUG] [net.minecraftforge.fml.loading.moddiscovery.ModFileInfo/LOADING]: Found valid mod file mixinextras-forge-0.4.1.jar with {mixinextras} mods - versions {0.4.1}
[10Aug2025 21:07:12.463] [main/DEBUG] [net.minecraftforge.fml.loading.moddiscovery.ModFile/LOADING]: Loading mod file  with languages [LanguageSpec[languageName=javafml, acceptedVersions=*]]
[10Aug2025 21:07:12.463] [main/DEBUG] [net.minecraftforge.fml.loading.moddiscovery.ModFileParser/LOADING]: Considering mod file candidate 
[10Aug2025 21:07:12.463] [main/DEBUG] [net.minecraftforge.fml.loading.moddiscovery.ModFileInfo/LOADING]: Found valid mod file mixinsquared-forge-0.1.1.jar with {mixinsquared} mods - versions {0.1.1}
[10Aug2025 21:07:12.463] [main/DEBUG] [net.minecraftforge.fml.loading.moddiscovery.ModFile/LOADING]: Loading mod file  with languages [LanguageSpec[languageName=javafml, acceptedVersions=*]]
[10Aug2025 21:07:12.463] [main/DEBUG] [net.minecraftforge.fml.loading.moddiscovery.ModFile/LOADING]: Loading mod file  with languages []
[10Aug2025 21:07:12.463] [main/DEBUG] [net.minecraftforge.fml.loading.moddiscovery.ModFile/LOADING]: Loading mod file  with languages []
[10Aug2025 21:07:12.463] [main/DEBUG] [net.minecraftforge.fml.loading.moddiscovery.ModFile/LOADING]: Loading mod file  with languages []
[10Aug2025 21:07:12.463] [main/DEBUG] [net.minecraftforge.fml.loading.moddiscovery.ModFile/LOADING]: Loading mod file  with languages []
[10Aug2025 21:07:12.464] [main/DEBUG] [net.minecraftforge.fml.loading.moddiscovery.ModFileParser/LOADING]: Considering mod file candidate 
[10Aug2025 21:07:12.464] [main/DEBUG] [net.minecraftforge.fml.loading.moddiscovery.ModFileInfo/LOADING]: Found valid mod file mixinextras-forge-0.4.1.jar with {mixinextras} mods - versions {0.4.1}
[10Aug2025 21:07:12.464] [main/DEBUG] [net.minecraftforge.fml.loading.moddiscovery.ModFile/LOADING]: Loading mod file  with languages [LanguageSpec[languageName=javafml, acceptedVersions=*]]
[10Aug2025 21:07:12.464] [main/DEBUG] [net.minecraftforge.fml.loading.moddiscovery.ModFileParser/LOADING]: Considering mod file candidate 
[10Aug2025 21:07:12.464] [main/DEBUG] [net.minecraftforge.fml.loading.moddiscovery.ModFileInfo/LOADING]: Found valid mod file mixinsquared-forge-0.1.1.jar with {mixinsquared} mods - versions {0.1.1}
[10Aug2025 21:07:12.464] [main/DEBUG] [net.minecraftforge.fml.loading.moddiscovery.ModFile/LOADING]: Loading mod file  with languages [LanguageSpec[languageName=javafml, acceptedVersions=*]]
[10Aug2025 21:07:12.464] [main/DEBUG] [net.minecraftforge.fml.loading.moddiscovery.ModFile/LOADING]: Loading mod file  with languages []
[10Aug2025 21:07:12.465] [main/DEBUG] [net.minecraftforge.fml.loading.moddiscovery.ModFile/LOADING]: Loading mod file  with languages []
[10Aug2025 21:07:12.465] [main/DEBUG] [net.minecraftforge.fml.loading.moddiscovery.ModFile/LOADING]: Loading mod file  with languages []
[10Aug2025 21:07:12.465] [main/DEBUG] [cpw.mods.modlauncher.TransformationServiceDecorator/MODLAUNCHER]: End scan trigger - transformation service fml
[10Aug2025 21:07:12.479] [main/DEBUG] [net.minecraftforge.fml.loading.LanguageLoadingProvider/CORE]: Found 4 language providers
[10Aug2025 21:07:12.479] [main/DEBUG] [net.minecraftforge.fml.loading.LanguageLoadingProvider/CORE]: Found language provider minecraft, version 1.0
[10Aug2025 21:07:12.480] [main/DEBUG] [net.minecraftforge.fml.loading.LanguageLoadingProvider/CORE]: Found language provider kotlinforforge, version 4.11.0
[10Aug2025 21:07:12.480] [main/DEBUG] [net.minecraftforge.fml.loading.LanguageLoadingProvider/CORE]: Found language provider javafml, version 47
[10Aug2025 21:07:12.480] [main/DEBUG] [net.minecraftforge.fml.loading.LanguageLoadingProvider/CORE]: Found language provider lowcodefml, version 47
[10Aug2025 21:07:12.484] [main/DEBUG] [net.minecraftforge.fml.loading.UniqueModListBuilder/]: Found 2 mods for first modid mclib, selecting most recent based on version data
[10Aug2025 21:07:12.485] [main/DEBUG] [net.minecraftforge.fml.loading.UniqueModListBuilder/]: Selected file mclib-20.jar for modid mclib with version 0.0NONE
[10Aug2025 21:07:12.485] [main/DEBUG] [net.minecraftforge.fml.loading.UniqueModListBuilder/]: Found 2 mods for first modid mixinextras, selecting most recent based on version data
[10Aug2025 21:07:12.485] [main/DEBUG] [net.minecraftforge.fml.loading.UniqueModListBuilder/]: Selected file mixinextras-forge-0.4.1.jar for modid mixinextras with version 0.4.1
[10Aug2025 21:07:12.485] [main/DEBUG] [net.minecraftforge.fml.loading.UniqueModListBuilder/]: Found 2 mods for first modid mixinsquared, selecting most recent based on version data
[10Aug2025 21:07:12.485] [main/DEBUG] [net.minecraftforge.fml.loading.UniqueModListBuilder/]: Selected file mixinsquared-forge-0.1.1.jar for modid mixinsquared with version 0.1.1
[10Aug2025 21:07:12.485] [main/DEBUG] [net.minecraftforge.fml.loading.UniqueModListBuilder/]: Found 2 mods for first modid MixinSquared, selecting most recent based on version data
[10Aug2025 21:07:12.485] [main/DEBUG] [net.minecraftforge.fml.loading.UniqueModListBuilder/]: Selected file MixinSquared-0.1.1.jar for modid MixinSquared with version 0.0NONE
[10Aug2025 21:07:12.485] [main/DEBUG] [net.minecraftforge.fml.loading.UniqueModListBuilder/]: Found 2 mods for first modid thedarkcolour.kotlinforforge.kfflib, selecting most recent based on version data
[10Aug2025 21:07:12.485] [main/DEBUG] [net.minecraftforge.fml.loading.UniqueModListBuilder/]: Selected file kfflib-4.11.0.jar for modid thedarkcolour.kotlinforforge.kfflib with version 4.11.0
[10Aug2025 21:07:12.485] [main/DEBUG] [net.minecraftforge.fml.loading.UniqueModListBuilder/]: Found 2 mods for first modid MixinExtras, selecting most recent based on version data
[10Aug2025 21:07:12.485] [main/DEBUG] [net.minecraftforge.fml.loading.UniqueModListBuilder/]: Selected file MixinExtras-0.4.1.jar for modid MixinExtras with version 0.0NONE
[10Aug2025 21:07:12.487] [main/DEBUG] [net.minecraftforge.fml.loading.ModSorter/]: Configured system mods: [minecraft, forge]
[10Aug2025 21:07:12.487] [main/DEBUG] [net.minecraftforge.fml.loading.ModSorter/]: Found system mod: minecraft
[10Aug2025 21:07:12.487] [main/DEBUG] [net.minecraftforge.fml.loading.ModSorter/]: Found system mod: forge
[10Aug2025 21:07:12.489] [main/DEBUG] [net.minecraftforge.fml.loading.ModSorter/LOADING]: Found 128 mod requirements (108 mandatory, 20 optional)
[10Aug2025 21:07:12.491] [main/DEBUG] [net.minecraftforge.fml.loading.ModSorter/LOADING]: Found 0 mod requirements missing (0 mandatory, 0 optional)
[10Aug2025 21:07:13.004] [main/DEBUG] [cpw.mods.modlauncher.TransformationServicesHandler/MODLAUNCHER]: Transformation services loading transformers
[10Aug2025 21:07:13.004] [main/DEBUG] [cpw.mods.modlauncher.TransformationServiceDecorator/MODLAUNCHER]: Initializing transformers for transformation service mixin
[10Aug2025 21:07:13.005] [main/DEBUG] [cpw.mods.modlauncher.TransformationServiceDecorator/MODLAUNCHER]: Initialized transformers for transformation service mixin
[10Aug2025 21:07:13.005] [main/DEBUG] [cpw.mods.modlauncher.TransformationServiceDecorator/MODLAUNCHER]: Initializing transformers for transformation service fml
[10Aug2025 21:07:13.006] [main/DEBUG] [net.minecraftforge.fml.loading.FMLServiceProvider/CORE]: Loading coremod transformers
[10Aug2025 21:07:13.006] [main/DEBUG] [net.minecraftforge.coremod.CoreModEngine/COREMOD]: Loading CoreMod from potion-effects-shift.js
[10Aug2025 21:07:13.219] [main/DEBUG] [net.minecraftforge.coremod.CoreModEngine/COREMOD]: CoreMod loaded successfully
[10Aug2025 21:07:13.219] [main/DEBUG] [net.minecraftforge.coremod.CoreModEngine/COREMOD]: Loading CoreMod from coremods/field_to_method.js
[10Aug2025 21:07:13.243] [main/DEBUG] [net.minecraftforge.coremod.CoreModEngine/COREMOD]: CoreMod loaded successfully
[10Aug2025 21:07:13.244] [main/DEBUG] [net.minecraftforge.coremod.CoreModEngine/COREMOD]: Loading CoreMod from coremods/field_to_instanceof.js
[10Aug2025 21:07:13.272] [main/DEBUG] [net.minecraftforge.coremod.CoreModEngine/COREMOD]: CoreMod loaded successfully
[10Aug2025 21:07:13.273] [main/DEBUG] [net.minecraftforge.coremod.CoreModEngine/COREMOD]: Loading CoreMod from coremods/add_bouncer_method.js
[10Aug2025 21:07:13.300] [main/DEBUG] [net.minecraftforge.coremod.CoreModEngine/COREMOD]: CoreMod loaded successfully
[10Aug2025 21:07:13.300] [main/DEBUG] [net.minecraftforge.coremod.CoreModEngine/COREMOD]: Loading CoreMod from coremods/method_redirector.js
[10Aug2025 21:07:13.405] [main/DEBUG] [net.minecraftforge.coremod.CoreModEngine/COREMOD]: CoreMod loaded successfully
[10Aug2025 21:07:13.415] [main/DEBUG] [cpw.mods.modlauncher.TransformStore/MODLAUNCHER]: Adding transformer net.minecraftforge.coremod.transformer.CoreModClassTransformer@7237f3c1 to Target : CLASS {Lnet/minecraft/world/level/biome/Biome;} {} {V}
[10Aug2025 21:07:13.416] [main/DEBUG] [cpw.mods.modlauncher.TransformStore/MODLAUNCHER]: Adding transformer net.minecraftforge.coremod.transformer.CoreModClassTransformer@5d3b58ca to Target : CLASS {Lnet/minecraft/world/level/levelgen/structure/Structure;} {} {V}
[10Aug2025 21:07:13.416] [main/DEBUG] [cpw.mods.modlauncher.TransformStore/MODLAUNCHER]: Adding transformer net.minecraftforge.coremod.transformer.CoreModClassTransformer@4e224df5 to Target : CLASS {Lnet/minecraft/world/effect/MobEffectInstance;} {} {V}
[10Aug2025 21:07:13.416] [main/DEBUG] [cpw.mods.modlauncher.TransformStore/MODLAUNCHER]: Adding transformer net.minecraftforge.coremod.transformer.CoreModClassTransformer@32456db0 to Target : CLASS {Lnet/minecraft/world/level/block/LiquidBlock;} {} {V}
[10Aug2025 21:07:13.416] [main/DEBUG] [cpw.mods.modlauncher.TransformStore/MODLAUNCHER]: Adding transformer net.minecraftforge.coremod.transformer.CoreModClassTransformer@5f5827d0 to Target : CLASS {Lnet/minecraft/world/item/BucketItem;} {} {V}
[10Aug2025 21:07:13.416] [main/DEBUG] [cpw.mods.modlauncher.TransformStore/MODLAUNCHER]: Adding transformer net.minecraftforge.coremod.transformer.CoreModClassTransformer@58a2d9f9 to Target : CLASS {Lnet/minecraft/world/level/block/StairBlock;} {} {V}
[10Aug2025 21:07:13.416] [main/DEBUG] [cpw.mods.modlauncher.TransformStore/MODLAUNCHER]: Adding transformer net.minecraftforge.coremod.transformer.CoreModClassTransformer@4337afd to Target : CLASS {Lnet/minecraft/world/level/block/FlowerPotBlock;} {} {V}
[10Aug2025 21:07:13.416] [main/DEBUG] [cpw.mods.modlauncher.TransformStore/MODLAUNCHER]: Adding transformer net.minecraftforge.coremod.transformer.CoreModClassTransformer@1d02af26 to Target : CLASS {Lnet/minecraft/world/item/ItemStack;} {} {V}
[10Aug2025 21:07:13.417] [main/DEBUG] [cpw.mods.modlauncher.TransformStore/MODLAUNCHER]: Adding transformer net.minecraftforge.coremod.transformer.CoreModClassTransformer@3fa7df1 to Target : CLASS {Lnet/minecraft/network/play/client/CClientSettingsPacket;} {} {V}
[10Aug2025 21:07:13.417] [main/DEBUG] [cpw.mods.modlauncher.TransformStore/MODLAUNCHER]: Adding transformer net.minecraftforge.coremod.transformer.CoreModClassTransformer@4dd90166 to Target : CLASS {Lnet/minecraft/world/entity/monster/Evoker$EvokerSummonSpellGoal;} {} {V}
[10Aug2025 21:07:13.417] [main/DEBUG] [cpw.mods.modlauncher.TransformStore/MODLAUNCHER]: Adding transformer net.minecraftforge.coremod.transformer.CoreModClassTransformer@4dd90166 to Target : CLASS {Lnet/minecraft/world/entity/monster/Zombie;} {} {V}
[10Aug2025 21:07:13.417] [main/DEBUG] [cpw.mods.modlauncher.TransformStore/MODLAUNCHER]: Adding transformer net.minecraftforge.coremod.transformer.CoreModClassTransformer@4dd90166 to Target : CLASS {Lnet/minecraft/world/entity/animal/frog/Tadpole;} {} {V}
[10Aug2025 21:07:13.417] [main/DEBUG] [cpw.mods.modlauncher.TransformStore/MODLAUNCHER]: Adding transformer net.minecraftforge.coremod.transformer.CoreModClassTransformer@4dd90166 to Target : CLASS {Lnet/minecraft/world/level/NaturalSpawner;} {} {V}
[10Aug2025 21:07:13.417] [main/DEBUG] [cpw.mods.modlauncher.TransformStore/MODLAUNCHER]: Adding transformer net.minecraftforge.coremod.transformer.CoreModClassTransformer@4dd90166 to Target : CLASS {Lnet/minecraft/world/entity/monster/ZombieVillager;} {} {V}
[10Aug2025 21:07:13.417] [main/DEBUG] [cpw.mods.modlauncher.TransformStore/MODLAUNCHER]: Adding transformer net.minecraftforge.coremod.transformer.CoreModClassTransformer@4dd90166 to Target : CLASS {Lnet/minecraft/world/level/levelgen/PhantomSpawner;} {} {V}
[10Aug2025 21:07:13.417] [main/DEBUG] [cpw.mods.modlauncher.TransformStore/MODLAUNCHER]: Adding transformer net.minecraftforge.coremod.transformer.CoreModClassTransformer@4dd90166 to Target : CLASS {Lnet/minecraft/world/level/levelgen/structure/structures/WoodlandMansionPieces$WoodlandMansionPiece;} {} {V}
[10Aug2025 21:07:13.417] [main/DEBUG] [cpw.mods.modlauncher.TransformStore/MODLAUNCHER]: Adding transformer net.minecraftforge.coremod.transformer.CoreModClassTransformer@4dd90166 to Target : CLASS {Lnet/minecraft/world/entity/monster/Strider;} {} {V}
[10Aug2025 21:07:13.417] [main/DEBUG] [cpw.mods.modlauncher.TransformStore/MODLAUNCHER]: Adding transformer net.minecraftforge.coremod.transformer.CoreModClassTransformer@4dd90166 to Target : CLASS {Lnet/minecraft/world/entity/raid/Raid;} {} {V}
[10Aug2025 21:07:13.418] [main/DEBUG] [cpw.mods.modlauncher.TransformStore/MODLAUNCHER]: Adding transformer net.minecraftforge.coremod.transformer.CoreModClassTransformer@4dd90166 to Target : CLASS {Lnet/minecraft/world/entity/npc/Villager;} {} {V}
[10Aug2025 21:07:13.418] [main/DEBUG] [cpw.mods.modlauncher.TransformStore/MODLAUNCHER]: Adding transformer net.minecraftforge.coremod.transformer.CoreModClassTransformer@4dd90166 to Target : CLASS {Lnet/minecraft/world/level/levelgen/structure/structures/SwampHutPiece;} {} {V}
[10Aug2025 21:07:13.418] [main/DEBUG] [cpw.mods.modlauncher.TransformStore/MODLAUNCHER]: Adding transformer net.minecraftforge.coremod.transformer.CoreModClassTransformer@4dd90166 to Target : CLASS {Lnet/minecraft/world/entity/monster/Spider;} {} {V}
[10Aug2025 21:07:13.419] [main/DEBUG] [cpw.mods.modlauncher.TransformStore/MODLAUNCHER]: Adding transformer net.minecraftforge.coremod.transformer.CoreModClassTransformer@4dd90166 to Target : CLASS {Lnet/minecraft/world/level/levelgen/structure/structures/OceanRuinPieces$OceanRuinPiece;} {} {V}
[10Aug2025 21:07:13.419] [main/DEBUG] [cpw.mods.modlauncher.TransformStore/MODLAUNCHER]: Adding transformer net.minecraftforge.coremod.transformer.CoreModClassTransformer@4dd90166 to Target : CLASS {Lnet/minecraft/server/commands/SummonCommand;} {} {V}
[10Aug2025 21:07:13.419] [main/DEBUG] [cpw.mods.modlauncher.TransformStore/MODLAUNCHER]: Adding transformer net.minecraftforge.coremod.transformer.CoreModClassTransformer@4dd90166 to Target : CLASS {Lnet/minecraft/world/level/levelgen/structure/templatesystem/StructureTemplate;} {} {V}
[10Aug2025 21:07:13.419] [main/DEBUG] [cpw.mods.modlauncher.TransformStore/MODLAUNCHER]: Adding transformer net.minecraftforge.coremod.transformer.CoreModClassTransformer@4dd90166 to Target : CLASS {Lnet/minecraft/world/entity/npc/CatSpawner;} {} {V}
[10Aug2025 21:07:13.419] [main/DEBUG] [cpw.mods.modlauncher.TransformStore/MODLAUNCHER]: Adding transformer net.minecraftforge.coremod.transformer.CoreModClassTransformer@4dd90166 to Target : CLASS {Lnet/minecraft/world/entity/animal/horse/SkeletonTrapGoal;} {} {V}
[10Aug2025 21:07:13.419] [main/DEBUG] [cpw.mods.modlauncher.TransformStore/MODLAUNCHER]: Adding transformer net.minecraftforge.coremod.transformer.CoreModClassTransformer@4dd90166 to Target : CLASS {Lnet/minecraft/world/level/levelgen/structure/structures/OceanMonumentPieces$OceanMonumentPiece;} {} {V}
[10Aug2025 21:07:13.420] [main/DEBUG] [cpw.mods.modlauncher.TransformStore/MODLAUNCHER]: Adding transformer net.minecraftforge.coremod.transformer.CoreModClassTransformer@4dd90166 to Target : CLASS {Lnet/minecraft/world/entity/EntityType;} {} {V}
[10Aug2025 21:07:13.420] [main/DEBUG] [cpw.mods.modlauncher.TransformStore/MODLAUNCHER]: Adding transformer net.minecraftforge.coremod.transformer.CoreModClassTransformer@4dd90166 to Target : CLASS {Lnet/minecraft/world/entity/ai/village/VillageSiege;} {} {V}
[10Aug2025 21:07:13.420] [main/DEBUG] [cpw.mods.modlauncher.TransformStore/MODLAUNCHER]: Adding transformer net.minecraftforge.coremod.transformer.CoreModClassTransformer@4dd90166 to Target : CLASS {Lnet/minecraft/server/commands/RaidCommand;} {} {V}
[10Aug2025 21:07:13.420] [main/DEBUG] [cpw.mods.modlauncher.TransformStore/MODLAUNCHER]: Adding transformer net.minecraftforge.coremod.transformer.CoreModClassTransformer@4dd90166 to Target : CLASS {Lnet/minecraft/world/level/levelgen/PatrolSpawner;} {} {V}
[10Aug2025 21:07:13.420] [main/DEBUG] [cpw.mods.modlauncher.TransformStore/MODLAUNCHER]: Adding transformer net.minecraftforge.coremod.transformer.CoreModMethodTransformer@5ad1904f to Target : METHOD {Lnet/minecraft/client/gui/Gui;} {m_93028_} {(Lcom/mojang/blaze3d/vertex/PoseStack;)V}
[10Aug2025 21:07:13.420] [main/DEBUG] [cpw.mods.modlauncher.TransformationServiceDecorator/MODLAUNCHER]: Initialized transformers for transformation service fml
[10Aug2025 21:07:15.020] [main/DEBUG] [mixin/]: Processing prepare() for PlatformAgent[MixinPlatformAgentDefault:ModLauncher Root Container(ModLauncher:4f56a0a2)]
[10Aug2025 21:07:15.020] [main/DEBUG] [mixin/]: Processing launch tasks for PlatformAgent[MixinPlatformAgentDefault:ModLauncher Root Container(ModLauncher:4f56a0a2)]
[10Aug2025 21:07:15.021] [main/DEBUG] [mixin/]: Adding mixin platform agents for container SecureJarResource(betterdungeons)
[10Aug2025 21:07:15.021] [main/DEBUG] [mixin/]: Instancing new MixinPlatformAgentMinecraftForge for SecureJarResource(betterdungeons)
[10Aug2025 21:07:15.021] [main/DEBUG] [mixin/]: MixinPlatformAgentMinecraftForge rejected container SecureJarResource(betterdungeons)
[10Aug2025 21:07:15.021] [main/DEBUG] [mixin/]: Instancing new MixinPlatformAgentDefault for SecureJarResource(betterdungeons)
[10Aug2025 21:07:15.021] [main/DEBUG] [mixin/]: MixinPlatformAgentDefault accepted container SecureJarResource(betterdungeons)
[10Aug2025 21:07:15.021] [main/DEBUG] [mixin/]: Processing prepare() for PlatformAgent[MixinPlatformAgentDefault:SecureJarResource(betterdungeons)]
[10Aug2025 21:07:15.021] [main/DEBUG] [mixin/]: Registering mixin config: betterdungeons.mixins.json
[10Aug2025 21:07:15.036] [main/DEBUG] [mixin/]: Compatibility level JAVA_17 specified by betterdungeons.mixins.json is higher than the maximum level supported by this version of mixin (JAVA_13).
[10Aug2025 21:07:15.041] [main/INFO] [mixin/]: Compatibility level set to JAVA_17
[10Aug2025 21:07:15.044] [main/DEBUG] [mixin/]: Registering mixin config: betterdungeons_forge.mixins.json
[10Aug2025 21:07:15.046] [main/DEBUG] [mixin/]: Adding mixin platform agents for container SecureJarResource(mowziesmobs)
[10Aug2025 21:07:15.046] [main/DEBUG] [mixin/]: Instancing new MixinPlatformAgentMinecraftForge for SecureJarResource(mowziesmobs)
[10Aug2025 21:07:15.046] [main/DEBUG] [mixin/]: MixinPlatformAgentMinecraftForge rejected container SecureJarResource(mowziesmobs)
[10Aug2025 21:07:15.047] [main/DEBUG] [mixin/]: Instancing new MixinPlatformAgentDefault for SecureJarResource(mowziesmobs)
[10Aug2025 21:07:15.047] [main/DEBUG] [mixin/]: MixinPlatformAgentDefault accepted container SecureJarResource(mowziesmobs)
[10Aug2025 21:07:15.047] [main/DEBUG] [mixin/]: Processing prepare() for PlatformAgent[MixinPlatformAgentDefault:SecureJarResource(mowziesmobs)]
[10Aug2025 21:07:15.047] [main/DEBUG] [mixin/]: Registering mixin config: mowziesmobs.mixins.json
[10Aug2025 21:07:15.048] [main/DEBUG] [mixin/]: Adding mixin platform agents for container SecureJarResource(kuma_api)
[10Aug2025 21:07:15.049] [main/DEBUG] [mixin/]: Instancing new MixinPlatformAgentMinecraftForge for SecureJarResource(kuma_api)
[10Aug2025 21:07:15.049] [main/DEBUG] [mixin/]: MixinPlatformAgentMinecraftForge rejected container SecureJarResource(kuma_api)
[10Aug2025 21:07:15.049] [main/DEBUG] [mixin/]: Instancing new MixinPlatformAgentDefault for SecureJarResource(kuma_api)
[10Aug2025 21:07:15.049] [main/DEBUG] [mixin/]: MixinPlatformAgentDefault accepted container SecureJarResource(kuma_api)
[10Aug2025 21:07:15.049] [main/DEBUG] [mixin/]: Processing prepare() for PlatformAgent[MixinPlatformAgentDefault:SecureJarResource(kuma_api)]
[10Aug2025 21:07:15.049] [main/DEBUG] [mixin/]: Registering mixin config: kuma_api.mixins.json
[10Aug2025 21:07:15.051] [main/DEBUG] [mixin/]: Registering mixin config: kuma_api.forge.mixins.json
[10Aug2025 21:07:15.053] [main/DEBUG] [mixin/]: Adding mixin platform agents for container SecureJarResource(easyanvils)
[10Aug2025 21:07:15.053] [main/DEBUG] [mixin/]: Instancing new MixinPlatformAgentMinecraftForge for SecureJarResource(easyanvils)
[10Aug2025 21:07:15.053] [main/DEBUG] [mixin/]: MixinPlatformAgentMinecraftForge rejected container SecureJarResource(easyanvils)
[10Aug2025 21:07:15.053] [main/DEBUG] [mixin/]: Instancing new MixinPlatformAgentDefault for SecureJarResource(easyanvils)
[10Aug2025 21:07:15.053] [main/DEBUG] [mixin/]: MixinPlatformAgentDefault accepted container SecureJarResource(easyanvils)
[10Aug2025 21:07:15.053] [main/DEBUG] [mixin/]: Processing prepare() for PlatformAgent[MixinPlatformAgentDefault:SecureJarResource(easyanvils)]
[10Aug2025 21:07:15.053] [main/DEBUG] [mixin/]: Registering mixin config: easyanvils.common.mixins.json
[10Aug2025 21:07:15.055] [main/DEBUG] [mixin/]: Registering mixin config: easyanvils.forge.mixins.json
[10Aug2025 21:07:15.057] [main/DEBUG] [mixin/]: Adding mixin platform agents for container SecureJarResource(amendments)
[10Aug2025 21:07:15.057] [main/DEBUG] [mixin/]: Instancing new MixinPlatformAgentMinecraftForge for SecureJarResource(amendments)
[10Aug2025 21:07:15.057] [main/DEBUG] [mixin/]: MixinPlatformAgentMinecraftForge rejected container SecureJarResource(amendments)
[10Aug2025 21:07:15.057] [main/DEBUG] [mixin/]: Instancing new MixinPlatformAgentDefault for SecureJarResource(amendments)
[10Aug2025 21:07:15.057] [main/DEBUG] [mixin/]: MixinPlatformAgentDefault accepted container SecureJarResource(amendments)
[10Aug2025 21:07:15.057] [main/DEBUG] [mixin/]: Processing prepare() for PlatformAgent[MixinPlatformAgentDefault:SecureJarResource(amendments)]
[10Aug2025 21:07:15.057] [main/DEBUG] [mixin/]: Registering mixin config: amendments.mixins.json
[10Aug2025 21:07:15.059] [main/DEBUG] [mixin/]: Registering mixin config: amendments-common.mixins.json
[10Aug2025 21:07:15.060] [main/DEBUG] [mixin/]: Adding mixin platform agents for container SecureJarResource(geckolib)
[10Aug2025 21:07:15.060] [main/DEBUG] [mixin/]: Instancing new MixinPlatformAgentMinecraftForge for SecureJarResource(geckolib)
[10Aug2025 21:07:15.061] [main/DEBUG] [mixin/]: MixinPlatformAgentMinecraftForge rejected container SecureJarResource(geckolib)
[10Aug2025 21:07:15.061] [main/DEBUG] [mixin/]: Instancing new MixinPlatformAgentDefault for SecureJarResource(geckolib)
[10Aug2025 21:07:15.061] [main/DEBUG] [mixin/]: MixinPlatformAgentDefault accepted container SecureJarResource(geckolib)
[10Aug2025 21:07:15.061] [main/DEBUG] [mixin/]: Processing prepare() for PlatformAgent[MixinPlatformAgentDefault:SecureJarResource(geckolib)]
[10Aug2025 21:07:15.061] [main/DEBUG] [mixin/]: Registering mixin config: geckolib.mixins.json
[10Aug2025 21:07:15.062] [main/DEBUG] [mixin/]: Adding mixin platform agents for container SecureJarResource(easymagic)
[10Aug2025 21:07:15.063] [main/DEBUG] [mixin/]: Instancing new MixinPlatformAgentMinecraftForge for SecureJarResource(easymagic)
[10Aug2025 21:07:15.063] [main/DEBUG] [mixin/]: MixinPlatformAgentMinecraftForge rejected container SecureJarResource(easymagic)
[10Aug2025 21:07:15.063] [main/DEBUG] [mixin/]: Instancing new MixinPlatformAgentDefault for SecureJarResource(easymagic)
[10Aug2025 21:07:15.063] [main/DEBUG] [mixin/]: MixinPlatformAgentDefault accepted container SecureJarResource(easymagic)
[10Aug2025 21:07:15.063] [main/DEBUG] [mixin/]: Processing prepare() for PlatformAgent[MixinPlatformAgentDefault:SecureJarResource(easymagic)]
[10Aug2025 21:07:15.063] [main/DEBUG] [mixin/]: Registering mixin config: easymagic.common.mixins.json
[10Aug2025 21:07:15.065] [main/DEBUG] [mixin/]: Adding mixin platform agents for container SecureJarResource(jei)
[10Aug2025 21:07:15.065] [main/DEBUG] [mixin/]: Instancing new MixinPlatformAgentMinecraftForge for SecureJarResource(jei)
[10Aug2025 21:07:15.065] [main/DEBUG] [mixin/]: MixinPlatformAgentMinecraftForge rejected container SecureJarResource(jei)
[10Aug2025 21:07:15.065] [main/DEBUG] [mixin/]: Instancing new MixinPlatformAgentDefault for SecureJarResource(jei)
[10Aug2025 21:07:15.065] [main/DEBUG] [mixin/]: MixinPlatformAgentDefault accepted container SecureJarResource(jei)
[10Aug2025 21:07:15.065] [main/DEBUG] [mixin/]: Processing prepare() for PlatformAgent[MixinPlatformAgentDefault:SecureJarResource(jei)]
[10Aug2025 21:07:15.065] [main/DEBUG] [mixin/]: Adding mixin platform agents for container SecureJarResource(mcwwindows)
[10Aug2025 21:07:15.065] [main/DEBUG] [mixin/]: Instancing new MixinPlatformAgentMinecraftForge for SecureJarResource(mcwwindows)
[10Aug2025 21:07:15.065] [main/DEBUG] [mixin/]: MixinPlatformAgentMinecraftForge rejected container SecureJarResource(mcwwindows)
[10Aug2025 21:07:15.065] [main/DEBUG] [mixin/]: Instancing new MixinPlatformAgentDefault for SecureJarResource(mcwwindows)
[10Aug2025 21:07:15.065] [main/DEBUG] [mixin/]: MixinPlatformAgentDefault accepted container SecureJarResource(mcwwindows)
[10Aug2025 21:07:15.065] [main/DEBUG] [mixin/]: Processing prepare() for PlatformAgent[MixinPlatformAgentDefault:SecureJarResource(mcwwindows)]
[10Aug2025 21:07:15.065] [main/DEBUG] [mixin/]: Adding mixin platform agents for container SecureJarResource(dynamiclights)
[10Aug2025 21:07:15.065] [main/DEBUG] [mixin/]: Instancing new MixinPlatformAgentMinecraftForge for SecureJarResource(dynamiclights)
[10Aug2025 21:07:15.066] [main/DEBUG] [mixin/]: MixinPlatformAgentMinecraftForge rejected container SecureJarResource(dynamiclights)
[10Aug2025 21:07:15.066] [main/DEBUG] [mixin/]: Instancing new MixinPlatformAgentDefault for SecureJarResource(dynamiclights)
[10Aug2025 21:07:15.066] [main/DEBUG] [mixin/]: MixinPlatformAgentDefault accepted container SecureJarResource(dynamiclights)
[10Aug2025 21:07:15.066] [main/DEBUG] [mixin/]: Processing prepare() for PlatformAgent[MixinPlatformAgentDefault:SecureJarResource(dynamiclights)]
[10Aug2025 21:07:15.066] [main/DEBUG] [mixin/]: Adding mixin platform agents for container SecureJarResource(incendium)
[10Aug2025 21:07:15.066] [main/DEBUG] [mixin/]: Instancing new MixinPlatformAgentMinecraftForge for SecureJarResource(incendium)
[10Aug2025 21:07:15.066] [main/DEBUG] [mixin/]: MixinPlatformAgentMinecraftForge rejected container SecureJarResource(incendium)
[10Aug2025 21:07:15.066] [main/DEBUG] [mixin/]: Instancing new MixinPlatformAgentDefault for SecureJarResource(incendium)
[10Aug2025 21:07:15.066] [main/DEBUG] [mixin/]: MixinPlatformAgentDefault accepted container SecureJarResource(incendium)
[10Aug2025 21:07:15.066] [main/DEBUG] [mixin/]: Processing prepare() for PlatformAgent[MixinPlatformAgentDefault:SecureJarResource(incendium)]
[10Aug2025 21:07:15.067] [main/DEBUG] [mixin/]: Adding mixin platform agents for container SecureJarResource(sophisticatedcore)
[10Aug2025 21:07:15.067] [main/DEBUG] [mixin/]: Instancing new MixinPlatformAgentMinecraftForge for SecureJarResource(sophisticatedcore)
[10Aug2025 21:07:15.067] [main/DEBUG] [mixin/]: MixinPlatformAgentMinecraftForge rejected container SecureJarResource(sophisticatedcore)
[10Aug2025 21:07:15.067] [main/DEBUG] [mixin/]: Instancing new MixinPlatformAgentDefault for SecureJarResource(sophisticatedcore)
[10Aug2025 21:07:15.067] [main/DEBUG] [mixin/]: MixinPlatformAgentDefault accepted container SecureJarResource(sophisticatedcore)
[10Aug2025 21:07:15.067] [main/DEBUG] [mixin/]: Processing prepare() for PlatformAgent[MixinPlatformAgentDefault:SecureJarResource(sophisticatedcore)]
[10Aug2025 21:07:15.067] [main/DEBUG] [mixin/]: Adding mixin platform agents for container SecureJarResource(waystones)
[10Aug2025 21:07:15.067] [main/DEBUG] [mixin/]: Instancing new MixinPlatformAgentMinecraftForge for SecureJarResource(waystones)
[10Aug2025 21:07:15.068] [main/DEBUG] [mixin/]: MixinPlatformAgentMinecraftForge rejected container SecureJarResource(waystones)
[10Aug2025 21:07:15.068] [main/DEBUG] [mixin/]: Instancing new MixinPlatformAgentDefault for SecureJarResource(waystones)
[10Aug2025 21:07:15.068] [main/DEBUG] [mixin/]: MixinPlatformAgentDefault accepted container SecureJarResource(waystones)
[10Aug2025 21:07:15.068] [main/DEBUG] [mixin/]: Processing prepare() for PlatformAgent[MixinPlatformAgentDefault:SecureJarResource(waystones)]
[10Aug2025 21:07:15.068] [main/DEBUG] [mixin/]: Registering mixin config: waystones.mixins.json
[10Aug2025 21:07:15.070] [main/DEBUG] [mixin/]: Adding mixin platform agents for container SecureJarResource(mcwpaintings)
[10Aug2025 21:07:15.070] [main/DEBUG] [mixin/]: Instancing new MixinPlatformAgentMinecraftForge for SecureJarResource(mcwpaintings)
[10Aug2025 21:07:15.070] [main/DEBUG] [mixin/]: MixinPlatformAgentMinecraftForge rejected container SecureJarResource(mcwpaintings)
[10Aug2025 21:07:15.070] [main/DEBUG] [mixin/]: Instancing new MixinPlatformAgentDefault for SecureJarResource(mcwpaintings)
[10Aug2025 21:07:15.071] [main/DEBUG] [mixin/]: MixinPlatformAgentDefault accepted container SecureJarResource(mcwpaintings)
[10Aug2025 21:07:15.071] [main/DEBUG] [mixin/]: Processing prepare() for PlatformAgent[MixinPlatformAgentDefault:SecureJarResource(mcwpaintings)]
[10Aug2025 21:07:15.071] [main/DEBUG] [mixin/]: Adding mixin platform agents for container SecureJarResource(journeymap)
[10Aug2025 21:07:15.071] [main/DEBUG] [mixin/]: Instancing new MixinPlatformAgentMinecraftForge for SecureJarResource(journeymap)
[10Aug2025 21:07:15.071] [main/DEBUG] [mixin/]: MixinPlatformAgentMinecraftForge rejected container SecureJarResource(journeymap)
[10Aug2025 21:07:15.071] [main/DEBUG] [mixin/]: Instancing new MixinPlatformAgentDefault for SecureJarResource(journeymap)
[10Aug2025 21:07:15.072] [main/DEBUG] [mixin/]: MixinPlatformAgentDefault accepted container SecureJarResource(journeymap)
[10Aug2025 21:07:15.072] [main/DEBUG] [mixin/]: Processing prepare() for PlatformAgent[MixinPlatformAgentDefault:SecureJarResource(journeymap)]
[10Aug2025 21:07:15.072] [main/DEBUG] [mixin/]: Registering mixin config: journeymap.mixins.json
[10Aug2025 21:07:15.073] [main/DEBUG] [mixin/]: Adding mixin platform agents for container SecureJarResource(travelersbackpack)
[10Aug2025 21:07:15.074] [main/DEBUG] [mixin/]: Instancing new MixinPlatformAgentMinecraftForge for SecureJarResource(travelersbackpack)
[10Aug2025 21:07:15.074] [main/DEBUG] [mixin/]: MixinPlatformAgentMinecraftForge rejected container SecureJarResource(travelersbackpack)
[10Aug2025 21:07:15.074] [main/DEBUG] [mixin/]: Instancing new MixinPlatformAgentDefault for SecureJarResource(travelersbackpack)
[10Aug2025 21:07:15.074] [main/DEBUG] [mixin/]: MixinPlatformAgentDefault accepted container SecureJarResource(travelersbackpack)
[10Aug2025 21:07:15.074] [main/DEBUG] [mixin/]: Processing prepare() for PlatformAgent[MixinPlatformAgentDefault:SecureJarResource(travelersbackpack)]
[10Aug2025 21:07:15.074] [main/DEBUG] [mixin/]: Registering mixin config: mixins.travelersbackpack.json
[10Aug2025 21:07:15.076] [main/DEBUG] [mixin/]: Adding mixin platform agents for container SecureJarResource(artifacts)
[10Aug2025 21:07:15.076] [main/DEBUG] [mixin/]: Instancing new MixinPlatformAgentMinecraftForge for SecureJarResource(artifacts)
[10Aug2025 21:07:15.076] [main/DEBUG] [mixin/]: MixinPlatformAgentMinecraftForge rejected container SecureJarResource(artifacts)
[10Aug2025 21:07:15.076] [main/DEBUG] [mixin/]: Instancing new MixinPlatformAgentDefault for SecureJarResource(artifacts)
[10Aug2025 21:07:15.076] [main/DEBUG] [mixin/]: MixinPlatformAgentDefault accepted container SecureJarResource(artifacts)
[10Aug2025 21:07:15.076] [main/DEBUG] [mixin/]: Processing prepare() for PlatformAgent[MixinPlatformAgentDefault:SecureJarResource(artifacts)]
[10Aug2025 21:07:15.076] [main/DEBUG] [mixin/]: Registering mixin config: mixins.artifacts.common.json
[10Aug2025 21:07:15.078] [main/DEBUG] [mixin/]: Registering mixin config: mixins.artifacts.forge.json
[10Aug2025 21:07:15.080] [main/DEBUG] [mixin/]: Adding mixin platform agents for container SecureJarResource(yungsapi)
[10Aug2025 21:07:15.080] [main/DEBUG] [mixin/]: Instancing new MixinPlatformAgentMinecraftForge for SecureJarResource(yungsapi)
[10Aug2025 21:07:15.080] [main/DEBUG] [mixin/]: MixinPlatformAgentMinecraftForge rejected container SecureJarResource(yungsapi)
[10Aug2025 21:07:15.080] [main/DEBUG] [mixin/]: Instancing new MixinPlatformAgentDefault for SecureJarResource(yungsapi)
[10Aug2025 21:07:15.080] [main/DEBUG] [mixin/]: MixinPlatformAgentDefault accepted container SecureJarResource(yungsapi)
[10Aug2025 21:07:15.080] [main/DEBUG] [mixin/]: Processing prepare() for PlatformAgent[MixinPlatformAgentDefault:SecureJarResource(yungsapi)]
[10Aug2025 21:07:15.080] [main/DEBUG] [mixin/]: Registering mixin config: yungsapi.mixins.json
[10Aug2025 21:07:15.082] [main/DEBUG] [mixin/]: Registering mixin config: yungsapi_forge.mixins.json
[10Aug2025 21:07:15.083] [main/DEBUG] [mixin/]: Adding mixin platform agents for container SecureJarResource(mcwstairs)
[10Aug2025 21:07:15.084] [main/DEBUG] [mixin/]: Instancing new MixinPlatformAgentMinecraftForge for SecureJarResource(mcwstairs)
[10Aug2025 21:07:15.084] [main/DEBUG] [mixin/]: MixinPlatformAgentMinecraftForge rejected container SecureJarResource(mcwstairs)
[10Aug2025 21:07:15.084] [main/DEBUG] [mixin/]: Instancing new MixinPlatformAgentDefault for SecureJarResource(mcwstairs)
[10Aug2025 21:07:15.084] [main/DEBUG] [mixin/]: MixinPlatformAgentDefault accepted container SecureJarResource(mcwstairs)
[10Aug2025 21:07:15.084] [main/DEBUG] [mixin/]: Processing prepare() for PlatformAgent[MixinPlatformAgentDefault:SecureJarResource(mcwstairs)]
[10Aug2025 21:07:15.084] [main/DEBUG] [mixin/]: Adding mixin platform agents for container SecureJarResource(mixinextras)
[10Aug2025 21:07:15.084] [main/DEBUG] [mixin/]: Instancing new MixinPlatformAgentMinecraftForge for SecureJarResource(mixinextras)
[10Aug2025 21:07:15.085] [main/DEBUG] [mixin/]: MixinPlatformAgentMinecraftForge rejected container SecureJarResource(mixinextras)
[10Aug2025 21:07:15.085] [main/DEBUG] [mixin/]: Instancing new MixinPlatformAgentDefault for SecureJarResource(mixinextras)
[10Aug2025 21:07:15.085] [main/DEBUG] [mixin/]: MixinPlatformAgentDefault accepted container SecureJarResource(mixinextras)
[10Aug2025 21:07:15.085] [main/DEBUG] [mixin/]: Processing prepare() for PlatformAgent[MixinPlatformAgentDefault:SecureJarResource(mixinextras)]
[10Aug2025 21:07:15.085] [main/DEBUG] [mixin/]: Registering mixin config: mixinextras.init.mixins.json
[10Aug2025 21:07:15.087] [main/DEBUG] [mixin/]: Adding mixin platform agents for container SecureJarResource(glitchcore)
[10Aug2025 21:07:15.087] [main/DEBUG] [mixin/]: Instancing new MixinPlatformAgentMinecraftForge for SecureJarResource(glitchcore)
[10Aug2025 21:07:15.087] [main/DEBUG] [mixin/]: MixinPlatformAgentMinecraftForge rejected container SecureJarResource(glitchcore)
[10Aug2025 21:07:15.087] [main/DEBUG] [mixin/]: Instancing new MixinPlatformAgentDefault for SecureJarResource(glitchcore)
[10Aug2025 21:07:15.087] [main/DEBUG] [mixin/]: MixinPlatformAgentDefault accepted container SecureJarResource(glitchcore)
[10Aug2025 21:07:15.087] [main/DEBUG] [mixin/]: Processing prepare() for PlatformAgent[MixinPlatformAgentDefault:SecureJarResource(glitchcore)]
[10Aug2025 21:07:15.087] [main/DEBUG] [mixin/]: Registering mixin config: glitchcore.mixins.json
[10Aug2025 21:07:15.089] [main/DEBUG] [mixin/]: Registering mixin config: glitchcore.forge.mixins.json
[10Aug2025 21:07:15.090] [main/DEBUG] [mixin/]: Adding mixin platform agents for container SecureJarResource(sophisticatedbackpacks)
[10Aug2025 21:07:15.090] [main/DEBUG] [mixin/]: Instancing new MixinPlatformAgentMinecraftForge for SecureJarResource(sophisticatedbackpacks)
[10Aug2025 21:07:15.091] [main/DEBUG] [mixin/]: MixinPlatformAgentMinecraftForge rejected container SecureJarResource(sophisticatedbackpacks)
[10Aug2025 21:07:15.091] [main/DEBUG] [mixin/]: Instancing new MixinPlatformAgentDefault for SecureJarResource(sophisticatedbackpacks)
[10Aug2025 21:07:15.091] [main/DEBUG] [mixin/]: MixinPlatformAgentDefault accepted container SecureJarResource(sophisticatedbackpacks)
[10Aug2025 21:07:15.091] [main/DEBUG] [mixin/]: Processing prepare() for PlatformAgent[MixinPlatformAgentDefault:SecureJarResource(sophisticatedbackpacks)]
[10Aug2025 21:07:15.091] [main/DEBUG] [mixin/]: Adding mixin platform agents for container SecureJarResource(mcwdoors)
[10Aug2025 21:07:15.091] [main/DEBUG] [mixin/]: Instancing new MixinPlatformAgentMinecraftForge for SecureJarResource(mcwdoors)
[10Aug2025 21:07:15.091] [main/DEBUG] [mixin/]: MixinPlatformAgentMinecraftForge rejected container SecureJarResource(mcwdoors)
[10Aug2025 21:07:15.091] [main/DEBUG] [mixin/]: Instancing new MixinPlatformAgentDefault for SecureJarResource(mcwdoors)
[10Aug2025 21:07:15.091] [main/DEBUG] [mixin/]: MixinPlatformAgentDefault accepted container SecureJarResource(mcwdoors)
[10Aug2025 21:07:15.092] [main/DEBUG] [mixin/]: Processing prepare() for PlatformAgent[MixinPlatformAgentDefault:SecureJarResource(mcwdoors)]
[10Aug2025 21:07:15.092] [main/DEBUG] [mixin/]: Adding mixin platform agents for container SecureJarResource(balm)
[10Aug2025 21:07:15.092] [main/DEBUG] [mixin/]: Instancing new MixinPlatformAgentMinecraftForge for SecureJarResource(balm)
[10Aug2025 21:07:15.092] [main/DEBUG] [mixin/]: MixinPlatformAgentMinecraftForge rejected container SecureJarResource(balm)
[10Aug2025 21:07:15.092] [main/DEBUG] [mixin/]: Instancing new MixinPlatformAgentDefault for SecureJarResource(balm)
[10Aug2025 21:07:15.092] [main/DEBUG] [mixin/]: MixinPlatformAgentDefault accepted container SecureJarResource(balm)
[10Aug2025 21:07:15.092] [main/DEBUG] [mixin/]: Processing prepare() for PlatformAgent[MixinPlatformAgentDefault:SecureJarResource(balm)]
[10Aug2025 21:07:15.092] [main/DEBUG] [mixin/]: Registering mixin config: balm.mixins.json
[10Aug2025 21:07:15.094] [main/DEBUG] [mixin/]: Adding mixin platform agents for container SecureJarResource(terralith)
[10Aug2025 21:07:15.094] [main/DEBUG] [mixin/]: Instancing new MixinPlatformAgentMinecraftForge for SecureJarResource(terralith)
[10Aug2025 21:07:15.094] [main/DEBUG] [mixin/]: MixinPlatformAgentMinecraftForge rejected container SecureJarResource(terralith)
[10Aug2025 21:07:15.094] [main/DEBUG] [mixin/]: Instancing new MixinPlatformAgentDefault for SecureJarResource(terralith)
[10Aug2025 21:07:15.094] [main/DEBUG] [mixin/]: MixinPlatformAgentDefault accepted container SecureJarResource(terralith)
[10Aug2025 21:07:15.094] [main/DEBUG] [mixin/]: Processing prepare() for PlatformAgent[MixinPlatformAgentDefault:SecureJarResource(terralith)]
[10Aug2025 21:07:15.094] [main/DEBUG] [mixin/]: Adding mixin platform agents for container SecureJarResource(carryon)
[10Aug2025 21:07:15.095] [main/DEBUG] [mixin/]: Instancing new MixinPlatformAgentMinecraftForge for SecureJarResource(carryon)
[10Aug2025 21:07:15.095] [main/DEBUG] [mixin/]: MixinPlatformAgentMinecraftForge rejected container SecureJarResource(carryon)
[10Aug2025 21:07:15.095] [main/DEBUG] [mixin/]: Instancing new MixinPlatformAgentDefault for SecureJarResource(carryon)
[10Aug2025 21:07:15.095] [main/DEBUG] [mixin/]: MixinPlatformAgentDefault accepted container SecureJarResource(carryon)
[10Aug2025 21:07:15.095] [main/DEBUG] [mixin/]: Processing prepare() for PlatformAgent[MixinPlatformAgentDefault:SecureJarResource(carryon)]
[10Aug2025 21:07:15.095] [main/DEBUG] [mixin/]: Registering mixin config: carryon.mixins.json
[10Aug2025 21:07:15.096] [main/DEBUG] [mixin/]: Registering mixin config: carryon.forge.mixins.json
[10Aug2025 21:07:15.098] [main/DEBUG] [mixin/]: Adding mixin platform agents for container SecureJarResource(jeresources)
[10Aug2025 21:07:15.098] [main/DEBUG] [mixin/]: Instancing new MixinPlatformAgentMinecraftForge for SecureJarResource(jeresources)
[10Aug2025 21:07:15.098] [main/DEBUG] [mixin/]: MixinPlatformAgentMinecraftForge rejected container SecureJarResource(jeresources)
[10Aug2025 21:07:15.098] [main/DEBUG] [mixin/]: Instancing new MixinPlatformAgentDefault for SecureJarResource(jeresources)
[10Aug2025 21:07:15.098] [main/DEBUG] [mixin/]: MixinPlatformAgentDefault accepted container SecureJarResource(jeresources)
[10Aug2025 21:07:15.098] [main/DEBUG] [mixin/]: Processing prepare() for PlatformAgent[MixinPlatformAgentDefault:SecureJarResource(jeresources)]
[10Aug2025 21:07:15.098] [main/DEBUG] [mixin/]: Adding mixin platform agents for container SecureJarResource(puzzlesaccessapi)
[10Aug2025 21:07:15.099] [main/DEBUG] [mixin/]: Instancing new MixinPlatformAgentMinecraftForge for SecureJarResource(puzzlesaccessapi)
[10Aug2025 21:07:15.099] [main/DEBUG] [mixin/]: MixinPlatformAgentMinecraftForge rejected container SecureJarResource(puzzlesaccessapi)
[10Aug2025 21:07:15.099] [main/DEBUG] [mixin/]: Instancing new MixinPlatformAgentDefault for SecureJarResource(puzzlesaccessapi)
[10Aug2025 21:07:15.099] [main/DEBUG] [mixin/]: MixinPlatformAgentDefault accepted container SecureJarResource(puzzlesaccessapi)
[10Aug2025 21:07:15.099] [main/DEBUG] [mixin/]: Processing prepare() for PlatformAgent[MixinPlatformAgentDefault:SecureJarResource(puzzlesaccessapi)]
[10Aug2025 21:07:15.099] [main/DEBUG] [mixin/]: Registering mixin config: puzzlesaccessapi.common.mixins.json
[10Aug2025 21:07:15.101] [main/DEBUG] [mixin/]: Registering mixin config: puzzlesaccessapi.forge.mixins.json
[10Aug2025 21:07:15.102] [main/DEBUG] [mixin/]: Adding mixin platform agents for container SecureJarResource(dungeons_arise_seven_seas)
[10Aug2025 21:07:15.102] [main/DEBUG] [mixin/]: Instancing new MixinPlatformAgentMinecraftForge for SecureJarResource(dungeons_arise_seven_seas)
[10Aug2025 21:07:15.102] [main/DEBUG] [mixin/]: MixinPlatformAgentMinecraftForge rejected container SecureJarResource(dungeons_arise_seven_seas)
[10Aug2025 21:07:15.102] [main/DEBUG] [mixin/]: Instancing new MixinPlatformAgentDefault for SecureJarResource(dungeons_arise_seven_seas)
[10Aug2025 21:07:15.103] [main/DEBUG] [mixin/]: MixinPlatformAgentDefault accepted container SecureJarResource(dungeons_arise_seven_seas)
[10Aug2025 21:07:15.103] [main/DEBUG] [mixin/]: Processing prepare() for PlatformAgent[MixinPlatformAgentDefault:SecureJarResource(dungeons_arise_seven_seas)]
[10Aug2025 21:07:15.103] [main/DEBUG] [mixin/]: Adding mixin platform agents for container SecureJarResource(cloth_config)
[10Aug2025 21:07:15.106] [main/DEBUG] [mixin/]: Instancing new MixinPlatformAgentMinecraftForge for SecureJarResource(cloth_config)
[10Aug2025 21:07:15.106] [main/DEBUG] [mixin/]: MixinPlatformAgentMinecraftForge rejected container SecureJarResource(cloth_config)
[10Aug2025 21:07:15.106] [main/DEBUG] [mixin/]: Instancing new MixinPlatformAgentDefault for SecureJarResource(cloth_config)
[10Aug2025 21:07:15.106] [main/DEBUG] [mixin/]: MixinPlatformAgentDefault accepted container SecureJarResource(cloth_config)
[10Aug2025 21:07:15.106] [main/DEBUG] [mixin/]: Processing prepare() for PlatformAgent[MixinPlatformAgentDefault:SecureJarResource(cloth_config)]
[10Aug2025 21:07:15.106] [main/DEBUG] [mixin/]: Adding mixin platform agents for container SecureJarResource(forge)
[10Aug2025 21:07:15.106] [main/DEBUG] [mixin/]: Instancing new MixinPlatformAgentMinecraftForge for SecureJarResource(forge)
[10Aug2025 21:07:15.106] [main/DEBUG] [mixin/]: MixinPlatformAgentMinecraftForge rejected container SecureJarResource(forge)
[10Aug2025 21:07:15.106] [main/DEBUG] [mixin/]: Instancing new MixinPlatformAgentDefault for SecureJarResource(forge)
[10Aug2025 21:07:15.106] [main/DEBUG] [mixin/]: MixinPlatformAgentDefault accepted container SecureJarResource(forge)
[10Aug2025 21:07:15.106] [main/DEBUG] [mixin/]: Processing prepare() for PlatformAgent[MixinPlatformAgentDefault:SecureJarResource(forge)]
[10Aug2025 21:07:15.106] [main/DEBUG] [mixin/]: Adding mixin platform agents for container SecureJarResource(stackrefill)
[10Aug2025 21:07:15.106] [main/DEBUG] [mixin/]: Instancing new MixinPlatformAgentMinecraftForge for SecureJarResource(stackrefill)
[10Aug2025 21:07:15.106] [main/DEBUG] [mixin/]: MixinPlatformAgentMinecraftForge rejected container SecureJarResource(stackrefill)
[10Aug2025 21:07:15.106] [main/DEBUG] [mixin/]: Instancing new MixinPlatformAgentDefault for SecureJarResource(stackrefill)
[10Aug2025 21:07:15.106] [main/DEBUG] [mixin/]: MixinPlatformAgentDefault accepted container SecureJarResource(stackrefill)
[10Aug2025 21:07:15.107] [main/DEBUG] [mixin/]: Processing prepare() for PlatformAgent[MixinPlatformAgentDefault:SecureJarResource(stackrefill)]
[10Aug2025 21:07:15.107] [main/DEBUG] [mixin/]: Registering mixin config: stackrefill_forge.mixins.json
[10Aug2025 21:07:15.108] [main/DEBUG] [mixin/]: Adding mixin platform agents for container SecureJarResource(supplementaries)
[10Aug2025 21:07:15.108] [main/DEBUG] [mixin/]: Instancing new MixinPlatformAgentMinecraftForge for SecureJarResource(supplementaries)
[10Aug2025 21:07:15.108] [main/DEBUG] [mixin/]: MixinPlatformAgentMinecraftForge rejected container SecureJarResource(supplementaries)
[10Aug2025 21:07:15.108] [main/DEBUG] [mixin/]: Instancing new MixinPlatformAgentDefault for SecureJarResource(supplementaries)
[10Aug2025 21:07:15.108] [main/DEBUG] [mixin/]: MixinPlatformAgentDefault accepted container SecureJarResource(supplementaries)
[10Aug2025 21:07:15.109] [main/DEBUG] [mixin/]: Processing prepare() for PlatformAgent[MixinPlatformAgentDefault:SecureJarResource(supplementaries)]
[10Aug2025 21:07:15.109] [main/DEBUG] [mixin/]: Registering mixin config: supplementaries-common.mixins.json
[10Aug2025 21:07:15.111] [main/DEBUG] [mixin/]: Registering mixin config: supplementaries.mixins.json
[10Aug2025 21:07:15.112] [main/DEBUG] [mixin/]: Adding mixin platform agents for container SecureJarResource(mcwpaths)
[10Aug2025 21:07:15.112] [main/DEBUG] [mixin/]: Instancing new MixinPlatformAgentMinecraftForge for SecureJarResource(mcwpaths)
[10Aug2025 21:07:15.113] [main/DEBUG] [mixin/]: MixinPlatformAgentMinecraftForge rejected container SecureJarResource(mcwpaths)
[10Aug2025 21:07:15.113] [main/DEBUG] [mixin/]: Instancing new MixinPlatformAgentDefault for SecureJarResource(mcwpaths)
[10Aug2025 21:07:15.113] [main/DEBUG] [mixin/]: MixinPlatformAgentDefault accepted container SecureJarResource(mcwpaths)
[10Aug2025 21:07:15.113] [main/DEBUG] [mixin/]: Processing prepare() for PlatformAgent[MixinPlatformAgentDefault:SecureJarResource(mcwpaths)]
[10Aug2025 21:07:15.113] [main/DEBUG] [mixin/]: Adding mixin platform agents for container SecureJarResource(dungeons_arise)
[10Aug2025 21:07:15.113] [main/DEBUG] [mixin/]: Instancing new MixinPlatformAgentMinecraftForge for SecureJarResource(dungeons_arise)
[10Aug2025 21:07:15.113] [main/DEBUG] [mixin/]: MixinPlatformAgentMinecraftForge rejected container SecureJarResource(dungeons_arise)
[10Aug2025 21:07:15.113] [main/DEBUG] [mixin/]: Instancing new MixinPlatformAgentDefault for SecureJarResource(dungeons_arise)
[10Aug2025 21:07:15.113] [main/DEBUG] [mixin/]: MixinPlatformAgentDefault accepted container SecureJarResource(dungeons_arise)
[10Aug2025 21:07:15.114] [main/DEBUG] [mixin/]: Processing prepare() for PlatformAgent[MixinPlatformAgentDefault:SecureJarResource(dungeons_arise)]
[10Aug2025 21:07:15.114] [main/DEBUG] [mixin/]: Adding mixin platform agents for container SecureJarResource(minecraft)
[10Aug2025 21:07:15.114] [main/DEBUG] [mixin/]: Instancing new MixinPlatformAgentMinecraftForge for SecureJarResource(minecraft)
[10Aug2025 21:07:15.114] [main/DEBUG] [mixin/]: MixinPlatformAgentMinecraftForge rejected container SecureJarResource(minecraft)
[10Aug2025 21:07:15.114] [main/DEBUG] [mixin/]: Instancing new MixinPlatformAgentDefault for SecureJarResource(minecraft)
[10Aug2025 21:07:15.114] [main/DEBUG] [mixin/]: MixinPlatformAgentDefault accepted container SecureJarResource(minecraft)
[10Aug2025 21:07:15.114] [main/DEBUG] [mixin/]: Processing prepare() for PlatformAgent[MixinPlatformAgentDefault:SecureJarResource(minecraft)]
[10Aug2025 21:07:15.114] [main/DEBUG] [mixin/]: Adding mixin platform agents for container SecureJarResource(ati_structuresv)
[10Aug2025 21:07:15.114] [main/DEBUG] [mixin/]: Instancing new MixinPlatformAgentMinecraftForge for SecureJarResource(ati_structuresv)
[10Aug2025 21:07:15.114] [main/DEBUG] [mixin/]: MixinPlatformAgentMinecraftForge rejected container SecureJarResource(ati_structuresv)
[10Aug2025 21:07:15.114] [main/DEBUG] [mixin/]: Instancing new MixinPlatformAgentDefault for SecureJarResource(ati_structuresv)
[10Aug2025 21:07:15.114] [main/DEBUG] [mixin/]: MixinPlatformAgentDefault accepted container SecureJarResource(ati_structuresv)
[10Aug2025 21:07:15.114] [main/DEBUG] [mixin/]: Processing prepare() for PlatformAgent[MixinPlatformAgentDefault:SecureJarResource(ati_structuresv)]
[10Aug2025 21:07:15.115] [main/DEBUG] [mixin/]: Adding mixin platform agents for container SecureJarResource(mcwbridges)
[10Aug2025 21:07:15.115] [main/DEBUG] [mixin/]: Instancing new MixinPlatformAgentMinecraftForge for SecureJarResource(mcwbridges)
[10Aug2025 21:07:15.115] [main/DEBUG] [mixin/]: MixinPlatformAgentMinecraftForge rejected container SecureJarResource(mcwbridges)
[10Aug2025 21:07:15.115] [main/DEBUG] [mixin/]: Instancing new MixinPlatformAgentDefault for SecureJarResource(mcwbridges)
[10Aug2025 21:07:15.115] [main/DEBUG] [mixin/]: MixinPlatformAgentDefault accepted container SecureJarResource(mcwbridges)
[10Aug2025 21:07:15.115] [main/DEBUG] [mixin/]: Processing prepare() for PlatformAgent[MixinPlatformAgentDefault:SecureJarResource(mcwbridges)]
[10Aug2025 21:07:15.115] [main/DEBUG] [mixin/]: Adding mixin platform agents for container SecureJarResource(farmersdelight)
[10Aug2025 21:07:15.115] [main/DEBUG] [mixin/]: Instancing new MixinPlatformAgentMinecraftForge for SecureJarResource(farmersdelight)
[10Aug2025 21:07:15.115] [main/DEBUG] [mixin/]: MixinPlatformAgentMinecraftForge rejected container SecureJarResource(farmersdelight)
[10Aug2025 21:07:15.116] [main/DEBUG] [mixin/]: Instancing new MixinPlatformAgentDefault for SecureJarResource(farmersdelight)
[10Aug2025 21:07:15.116] [main/DEBUG] [mixin/]: MixinPlatformAgentDefault accepted container SecureJarResource(farmersdelight)
[10Aug2025 21:07:15.116] [main/DEBUG] [mixin/]: Processing prepare() for PlatformAgent[MixinPlatformAgentDefault:SecureJarResource(farmersdelight)]
[10Aug2025 21:07:15.116] [main/DEBUG] [mixin/]: Registering mixin config: farmersdelight.mixins.json
[10Aug2025 21:07:15.118] [main/DEBUG] [mixin/]: Adding mixin platform agents for container SecureJarResource(trade_cycling)
[10Aug2025 21:07:15.118] [main/DEBUG] [mixin/]: Instancing new MixinPlatformAgentMinecraftForge for SecureJarResource(trade_cycling)
[10Aug2025 21:07:15.118] [main/DEBUG] [mixin/]: MixinPlatformAgentMinecraftForge rejected container SecureJarResource(trade_cycling)
[10Aug2025 21:07:15.118] [main/DEBUG] [mixin/]: Instancing new MixinPlatformAgentDefault for SecureJarResource(trade_cycling)
[10Aug2025 21:07:15.118] [main/DEBUG] [mixin/]: MixinPlatformAgentDefault accepted container SecureJarResource(trade_cycling)
[10Aug2025 21:07:15.118] [main/DEBUG] [mixin/]: Processing prepare() for PlatformAgent[MixinPlatformAgentDefault:SecureJarResource(trade_cycling)]
[10Aug2025 21:07:15.118] [main/DEBUG] [mixin/]: Adding mixin platform agents for container SecureJarResource(libipn)
[10Aug2025 21:07:15.118] [main/DEBUG] [mixin/]: Instancing new MixinPlatformAgentMinecraftForge for SecureJarResource(libipn)
[10Aug2025 21:07:15.118] [main/DEBUG] [mixin/]: MixinPlatformAgentMinecraftForge rejected container SecureJarResource(libipn)
[10Aug2025 21:07:15.118] [main/DEBUG] [mixin/]: Instancing new MixinPlatformAgentDefault for SecureJarResource(libipn)
[10Aug2025 21:07:15.118] [main/DEBUG] [mixin/]: MixinPlatformAgentDefault accepted container SecureJarResource(libipn)
[10Aug2025 21:07:15.118] [main/DEBUG] [mixin/]: Processing prepare() for PlatformAgent[MixinPlatformAgentDefault:SecureJarResource(libipn)]
[10Aug2025 21:07:15.118] [main/DEBUG] [mixin/]: Adding mixin platform agents for container SecureJarResource(terrablender)
[10Aug2025 21:07:15.118] [main/DEBUG] [mixin/]: Instancing new MixinPlatformAgentMinecraftForge for SecureJarResource(terrablender)
[10Aug2025 21:07:15.118] [main/DEBUG] [mixin/]: MixinPlatformAgentMinecraftForge rejected container SecureJarResource(terrablender)
[10Aug2025 21:07:15.118] [main/DEBUG] [mixin/]: Instancing new MixinPlatformAgentDefault for SecureJarResource(terrablender)
[10Aug2025 21:07:15.118] [main/DEBUG] [mixin/]: MixinPlatformAgentDefault accepted container SecureJarResource(terrablender)
[10Aug2025 21:07:15.118] [main/DEBUG] [mixin/]: Processing prepare() for PlatformAgent[MixinPlatformAgentDefault:SecureJarResource(terrablender)]
[10Aug2025 21:07:15.118] [main/DEBUG] [mixin/]: Registering mixin config: terrablender.mixins.json
[10Aug2025 21:07:15.120] [main/DEBUG] [mixin/]: Registering mixin config: terrablender_forge.mixins.json
[10Aug2025 21:07:15.121] [main/DEBUG] [mixin/]: Adding mixin platform agents for container SecureJarResource(moonlight)
[10Aug2025 21:07:15.121] [main/DEBUG] [mixin/]: Instancing new MixinPlatformAgentMinecraftForge for SecureJarResource(moonlight)
[10Aug2025 21:07:15.121] [main/DEBUG] [mixin/]: MixinPlatformAgentMinecraftForge rejected container SecureJarResource(moonlight)
[10Aug2025 21:07:15.121] [main/DEBUG] [mixin/]: Instancing new MixinPlatformAgentDefault for SecureJarResource(moonlight)
[10Aug2025 21:07:15.122] [main/DEBUG] [mixin/]: MixinPlatformAgentDefault accepted container SecureJarResource(moonlight)
[10Aug2025 21:07:15.122] [main/DEBUG] [mixin/]: Processing prepare() for PlatformAgent[MixinPlatformAgentDefault:SecureJarResource(moonlight)]
[10Aug2025 21:07:15.122] [main/DEBUG] [mixin/]: Registering mixin config: moonlight-common.mixins.json
[10Aug2025 21:07:15.124] [main/DEBUG] [mixin/]: Registering mixin config: moonlight.mixins.json
[10Aug2025 21:07:15.126] [main/DEBUG] [mixin/]: Adding mixin platform agents for container SecureJarResource(regions_unexplored)
[10Aug2025 21:07:15.126] [main/DEBUG] [mixin/]: Instancing new MixinPlatformAgentMinecraftForge for SecureJarResource(regions_unexplored)
[10Aug2025 21:07:15.126] [main/DEBUG] [mixin/]: MixinPlatformAgentMinecraftForge rejected container SecureJarResource(regions_unexplored)
[10Aug2025 21:07:15.126] [main/DEBUG] [mixin/]: Instancing new MixinPlatformAgentDefault for SecureJarResource(regions_unexplored)
[10Aug2025 21:07:15.126] [main/DEBUG] [mixin/]: MixinPlatformAgentDefault accepted container SecureJarResource(regions_unexplored)
[10Aug2025 21:07:15.126] [main/DEBUG] [mixin/]: Processing prepare() for PlatformAgent[MixinPlatformAgentDefault:SecureJarResource(regions_unexplored)]
[10Aug2025 21:07:15.126] [main/DEBUG] [mixin/]: Registering mixin config: ru.mixin.json
[10Aug2025 21:07:15.129] [main/DEBUG] [mixin/]: Adding mixin platform agents for container SecureJarResource(mixinsquared)
[10Aug2025 21:07:15.129] [main/DEBUG] [mixin/]: Instancing new MixinPlatformAgentMinecraftForge for SecureJarResource(mixinsquared)
[10Aug2025 21:07:15.129] [main/DEBUG] [mixin/]: MixinPlatformAgentMinecraftForge rejected container SecureJarResource(mixinsquared)
[10Aug2025 21:07:15.129] [main/DEBUG] [mixin/]: Instancing new MixinPlatformAgentDefault for SecureJarResource(mixinsquared)
[10Aug2025 21:07:15.129] [main/DEBUG] [mixin/]: MixinPlatformAgentDefault accepted container SecureJarResource(mixinsquared)
[10Aug2025 21:07:15.129] [main/DEBUG] [mixin/]: Processing prepare() for PlatformAgent[MixinPlatformAgentDefault:SecureJarResource(mixinsquared)]
[10Aug2025 21:07:15.129] [main/DEBUG] [mixin/]: Registering mixin config: mixinsquared.init.mixins.json
[10Aug2025 21:07:15.131] [main/DEBUG] [mixin/]: Adding mixin platform agents for container SecureJarResource(jade)
[10Aug2025 21:07:15.131] [main/DEBUG] [mixin/]: Instancing new MixinPlatformAgentMinecraftForge for SecureJarResource(jade)
[10Aug2025 21:07:15.131] [main/DEBUG] [mixin/]: MixinPlatformAgentMinecraftForge rejected container SecureJarResource(jade)
[10Aug2025 21:07:15.131] [main/DEBUG] [mixin/]: Instancing new MixinPlatformAgentDefault for SecureJarResource(jade)
[10Aug2025 21:07:15.131] [main/DEBUG] [mixin/]: MixinPlatformAgentDefault accepted container SecureJarResource(jade)
[10Aug2025 21:07:15.131] [main/DEBUG] [mixin/]: Processing prepare() for PlatformAgent[MixinPlatformAgentDefault:SecureJarResource(jade)]
[10Aug2025 21:07:15.131] [main/DEBUG] [mixin/]: Registering mixin config: jade.mixins.json
[10Aug2025 21:07:15.133] [main/DEBUG] [mixin/]: Compatibility level JAVA_16 specified by jade.mixins.json is higher than the maximum level supported by this version of mixin (JAVA_13).
[10Aug2025 21:07:15.133] [main/DEBUG] [mixin/]: Adding mixin platform agents for container SecureJarResource(mcwtrpdoors)
[10Aug2025 21:07:15.133] [main/DEBUG] [mixin/]: Instancing new MixinPlatformAgentMinecraftForge for SecureJarResource(mcwtrpdoors)
[10Aug2025 21:07:15.133] [main/DEBUG] [mixin/]: MixinPlatformAgentMinecraftForge rejected container SecureJarResource(mcwtrpdoors)
[10Aug2025 21:07:15.133] [main/DEBUG] [mixin/]: Instancing new MixinPlatformAgentDefault for SecureJarResource(mcwtrpdoors)
[10Aug2025 21:07:15.133] [main/DEBUG] [mixin/]: MixinPlatformAgentDefault accepted container SecureJarResource(mcwtrpdoors)
[10Aug2025 21:07:15.133] [main/DEBUG] [mixin/]: Processing prepare() for PlatformAgent[MixinPlatformAgentDefault:SecureJarResource(mcwtrpdoors)]
[10Aug2025 21:07:15.133] [main/DEBUG] [mixin/]: Adding mixin platform agents for container SecureJarResource(mcwfences)
[10Aug2025 21:07:15.133] [main/DEBUG] [mixin/]: Instancing new MixinPlatformAgentMinecraftForge for SecureJarResource(mcwfences)
[10Aug2025 21:07:15.133] [main/DEBUG] [mixin/]: MixinPlatformAgentMinecraftForge rejected container SecureJarResource(mcwfences)
[10Aug2025 21:07:15.133] [main/DEBUG] [mixin/]: Instancing new MixinPlatformAgentDefault for SecureJarResource(mcwfences)
[10Aug2025 21:07:15.133] [main/DEBUG] [mixin/]: MixinPlatformAgentDefault accepted container SecureJarResource(mcwfences)
[10Aug2025 21:07:15.133] [main/DEBUG] [mixin/]: Processing prepare() for PlatformAgent[MixinPlatformAgentDefault:SecureJarResource(mcwfences)]
[10Aug2025 21:07:15.133] [main/DEBUG] [mixin/]: Adding mixin platform agents for container SecureJarResource(lionfishapi)
[10Aug2025 21:07:15.133] [main/DEBUG] [mixin/]: Instancing new MixinPlatformAgentMinecraftForge for SecureJarResource(lionfishapi)
[10Aug2025 21:07:15.133] [main/DEBUG] [mixin/]: MixinPlatformAgentMinecraftForge rejected container SecureJarResource(lionfishapi)
[10Aug2025 21:07:15.133] [main/DEBUG] [mixin/]: Instancing new MixinPlatformAgentDefault for SecureJarResource(lionfishapi)
[10Aug2025 21:07:15.133] [main/DEBUG] [mixin/]: MixinPlatformAgentDefault accepted container SecureJarResource(lionfishapi)
[10Aug2025 21:07:15.133] [main/DEBUG] [mixin/]: Processing prepare() for PlatformAgent[MixinPlatformAgentDefault:SecureJarResource(lionfishapi)]
[10Aug2025 21:07:15.133] [main/DEBUG] [mixin/]: Registering mixin config: lionfishapi.mixins.json
[10Aug2025 21:07:15.135] [main/DEBUG] [mixin/]: Adding mixin platform agents for container SecureJarResource(kotlinforforge)
[10Aug2025 21:07:15.135] [main/DEBUG] [mixin/]: Instancing new MixinPlatformAgentMinecraftForge for SecureJarResource(kotlinforforge)
[10Aug2025 21:07:15.135] [main/DEBUG] [mixin/]: MixinPlatformAgentMinecraftForge rejected container SecureJarResource(kotlinforforge)
[10Aug2025 21:07:15.135] [main/DEBUG] [mixin/]: Instancing new MixinPlatformAgentDefault for SecureJarResource(kotlinforforge)
[10Aug2025 21:07:15.135] [main/DEBUG] [mixin/]: MixinPlatformAgentDefault accepted container SecureJarResource(kotlinforforge)
[10Aug2025 21:07:15.135] [main/DEBUG] [mixin/]: Processing prepare() for PlatformAgent[MixinPlatformAgentDefault:SecureJarResource(kotlinforforge)]
[10Aug2025 21:07:15.135] [main/DEBUG] [mixin/]: Adding mixin platform agents for container SecureJarResource(mcwbiomesoplenty)
[10Aug2025 21:07:15.135] [main/DEBUG] [mixin/]: Instancing new MixinPlatformAgentMinecraftForge for SecureJarResource(mcwbiomesoplenty)
[10Aug2025 21:07:15.135] [main/DEBUG] [mixin/]: MixinPlatformAgentMinecraftForge rejected container SecureJarResource(mcwbiomesoplenty)
[10Aug2025 21:07:15.135] [main/DEBUG] [mixin/]: Instancing new MixinPlatformAgentDefault for SecureJarResource(mcwbiomesoplenty)
[10Aug2025 21:07:15.136] [main/DEBUG] [mixin/]: MixinPlatformAgentDefault accepted container SecureJarResource(mcwbiomesoplenty)
[10Aug2025 21:07:15.136] [main/DEBUG] [mixin/]: Processing prepare() for PlatformAgent[MixinPlatformAgentDefault:SecureJarResource(mcwbiomesoplenty)]
[10Aug2025 21:07:15.136] [main/DEBUG] [mixin/]: Adding mixin platform agents for container SecureJarResource(biomesoplenty)
[10Aug2025 21:07:15.136] [main/DEBUG] [mixin/]: Instancing new MixinPlatformAgentMinecraftForge for SecureJarResource(biomesoplenty)
[10Aug2025 21:07:15.136] [main/DEBUG] [mixin/]: MixinPlatformAgentMinecraftForge rejected container SecureJarResource(biomesoplenty)
[10Aug2025 21:07:15.136] [main/DEBUG] [mixin/]: Instancing new MixinPlatformAgentDefault for SecureJarResource(biomesoplenty)
[10Aug2025 21:07:15.136] [main/DEBUG] [mixin/]: MixinPlatformAgentDefault accepted container SecureJarResource(biomesoplenty)
[10Aug2025 21:07:15.136] [main/DEBUG] [mixin/]: Processing prepare() for PlatformAgent[MixinPlatformAgentDefault:SecureJarResource(biomesoplenty)]
[10Aug2025 21:07:15.136] [main/DEBUG] [mixin/]: Registering mixin config: biomesoplenty.mixins.json
[10Aug2025 21:07:15.138] [main/DEBUG] [mixin/]: Registering mixin config: biomesoplenty.forge.mixins.json
[10Aug2025 21:07:15.139] [main/DEBUG] [mixin/]: Adding mixin platform agents for container SecureJarResource(cataclysm)
[10Aug2025 21:07:15.139] [main/DEBUG] [mixin/]: Instancing new MixinPlatformAgentMinecraftForge for SecureJarResource(cataclysm)
[10Aug2025 21:07:15.139] [main/DEBUG] [mixin/]: MixinPlatformAgentMinecraftForge rejected container SecureJarResource(cataclysm)
[10Aug2025 21:07:15.139] [main/DEBUG] [mixin/]: Instancing new MixinPlatformAgentDefault for SecureJarResource(cataclysm)
[10Aug2025 21:07:15.140] [main/DEBUG] [mixin/]: MixinPlatformAgentDefault accepted container SecureJarResource(cataclysm)
[10Aug2025 21:07:15.140] [main/DEBUG] [mixin/]: Processing prepare() for PlatformAgent[MixinPlatformAgentDefault:SecureJarResource(cataclysm)]
[10Aug2025 21:07:15.140] [main/DEBUG] [mixin/]: Registering mixin config: lionfishapi.mixins.json
[10Aug2025 21:07:15.140] [main/DEBUG] [mixin/]: Registering mixin config: cataclysm.mixins.json
[10Aug2025 21:07:15.141] [main/DEBUG] [mixin/]: Adding mixin platform agents for container SecureJarResource(curios)
[10Aug2025 21:07:15.142] [main/DEBUG] [mixin/]: Instancing new MixinPlatformAgentMinecraftForge for SecureJarResource(curios)
[10Aug2025 21:07:15.142] [main/DEBUG] [mixin/]: MixinPlatformAgentMinecraftForge rejected container SecureJarResource(curios)
[10Aug2025 21:07:15.142] [main/DEBUG] [mixin/]: Instancing new MixinPlatformAgentDefault for SecureJarResource(curios)
[10Aug2025 21:07:15.142] [main/DEBUG] [mixin/]: MixinPlatformAgentDefault accepted container SecureJarResource(curios)
[10Aug2025 21:07:15.142] [main/DEBUG] [mixin/]: Processing prepare() for PlatformAgent[MixinPlatformAgentDefault:SecureJarResource(curios)]
[10Aug2025 21:07:15.142] [main/DEBUG] [mixin/]: Registering mixin config: curios.mixins.json
[10Aug2025 21:07:15.144] [main/DEBUG] [mixin/]: Adding mixin platform agents for container SecureJarResource(suppsquared)
[10Aug2025 21:07:15.144] [main/DEBUG] [mixin/]: Instancing new MixinPlatformAgentMinecraftForge for SecureJarResource(suppsquared)
[10Aug2025 21:07:15.144] [main/DEBUG] [mixin/]: MixinPlatformAgentMinecraftForge rejected container SecureJarResource(suppsquared)
[10Aug2025 21:07:15.144] [main/DEBUG] [mixin/]: Instancing new MixinPlatformAgentDefault for SecureJarResource(suppsquared)
[10Aug2025 21:07:15.144] [main/DEBUG] [mixin/]: MixinPlatformAgentDefault accepted container SecureJarResource(suppsquared)
[10Aug2025 21:07:15.144] [main/DEBUG] [mixin/]: Processing prepare() for PlatformAgent[MixinPlatformAgentDefault:SecureJarResource(suppsquared)]
[10Aug2025 21:07:15.144] [main/DEBUG] [mixin/]: Adding mixin platform agents for container SecureJarResource(collective)
[10Aug2025 21:07:15.144] [main/DEBUG] [mixin/]: Instancing new MixinPlatformAgentMinecraftForge for SecureJarResource(collective)
[10Aug2025 21:07:15.144] [main/DEBUG] [mixin/]: MixinPlatformAgentMinecraftForge rejected container SecureJarResource(collective)
[10Aug2025 21:07:15.144] [main/DEBUG] [mixin/]: Instancing new MixinPlatformAgentDefault for SecureJarResource(collective)
[10Aug2025 21:07:15.144] [main/DEBUG] [mixin/]: MixinPlatformAgentDefault accepted container SecureJarResource(collective)
[10Aug2025 21:07:15.144] [main/DEBUG] [mixin/]: Processing prepare() for PlatformAgent[MixinPlatformAgentDefault:SecureJarResource(collective)]
[10Aug2025 21:07:15.144] [main/DEBUG] [mixin/]: Registering mixin config: collective_forge.mixins.json
[10Aug2025 21:07:15.146] [main/DEBUG] [mixin/]: Adding mixin platform agents for container SecureJarResource(securitycraft)
[10Aug2025 21:07:15.146] [main/DEBUG] [mixin/]: Instancing new MixinPlatformAgentMinecraftForge for SecureJarResource(securitycraft)
[10Aug2025 21:07:15.146] [main/DEBUG] [mixin/]: MixinPlatformAgentMinecraftForge rejected container SecureJarResource(securitycraft)
[10Aug2025 21:07:15.146] [main/DEBUG] [mixin/]: Instancing new MixinPlatformAgentDefault for SecureJarResource(securitycraft)
[10Aug2025 21:07:15.146] [main/DEBUG] [mixin/]: MixinPlatformAgentDefault accepted container SecureJarResource(securitycraft)
[10Aug2025 21:07:15.146] [main/DEBUG] [mixin/]: Processing prepare() for PlatformAgent[MixinPlatformAgentDefault:SecureJarResource(securitycraft)]
[10Aug2025 21:07:15.146] [main/DEBUG] [mixin/]: Registering mixin config: securitycraft.mixins.json
[10Aug2025 21:07:15.148] [main/DEBUG] [mixin/]: Adding mixin platform agents for container SecureJarResource(mr_dungeons_andtaverns)
[10Aug2025 21:07:15.148] [main/DEBUG] [mixin/]: Instancing new MixinPlatformAgentMinecraftForge for SecureJarResource(mr_dungeons_andtaverns)
[10Aug2025 21:07:15.148] [main/DEBUG] [mixin/]: MixinPlatformAgentMinecraftForge rejected container SecureJarResource(mr_dungeons_andtaverns)
[10Aug2025 21:07:15.148] [main/DEBUG] [mixin/]: Instancing new MixinPlatformAgentDefault for SecureJarResource(mr_dungeons_andtaverns)
[10Aug2025 21:07:15.148] [main/DEBUG] [mixin/]: MixinPlatformAgentDefault accepted container SecureJarResource(mr_dungeons_andtaverns)
[10Aug2025 21:07:15.148] [main/DEBUG] [mixin/]: Processing prepare() for PlatformAgent[MixinPlatformAgentDefault:SecureJarResource(mr_dungeons_andtaverns)]
[10Aug2025 21:07:15.148] [main/DEBUG] [mixin/]: Adding mixin platform agents for container SecureJarResource(tombstone)
[10Aug2025 21:07:15.148] [main/DEBUG] [mixin/]: Instancing new MixinPlatformAgentMinecraftForge for SecureJarResource(tombstone)
[10Aug2025 21:07:15.148] [main/DEBUG] [mixin/]: MixinPlatformAgentMinecraftForge rejected container SecureJarResource(tombstone)
[10Aug2025 21:07:15.148] [main/DEBUG] [mixin/]: Instancing new MixinPlatformAgentDefault for SecureJarResource(tombstone)
[10Aug2025 21:07:15.148] [main/DEBUG] [mixin/]: MixinPlatformAgentDefault accepted container SecureJarResource(tombstone)
[10Aug2025 21:07:15.149] [main/DEBUG] [mixin/]: Processing prepare() for PlatformAgent[MixinPlatformAgentDefault:SecureJarResource(tombstone)]
[10Aug2025 21:07:15.149] [main/DEBUG] [mixin/]: Registering mixin config: tombstone.mixins.json
[10Aug2025 21:07:15.150] [main/DEBUG] [mixin/]: Adding mixin platform agents for container SecureJarResource(mcwroofs)
[10Aug2025 21:07:15.150] [main/DEBUG] [mixin/]: Instancing new MixinPlatformAgentMinecraftForge for SecureJarResource(mcwroofs)
[10Aug2025 21:07:15.150] [main/DEBUG] [mixin/]: MixinPlatformAgentMinecraftForge rejected container SecureJarResource(mcwroofs)
[10Aug2025 21:07:15.150] [main/DEBUG] [mixin/]: Instancing new MixinPlatformAgentDefault for SecureJarResource(mcwroofs)
[10Aug2025 21:07:15.150] [main/DEBUG] [mixin/]: MixinPlatformAgentDefault accepted container SecureJarResource(mcwroofs)
[10Aug2025 21:07:15.150] [main/DEBUG] [mixin/]: Processing prepare() for PlatformAgent[MixinPlatformAgentDefault:SecureJarResource(mcwroofs)]
[10Aug2025 21:07:15.151] [main/DEBUG] [mixin/]: Adding mixin platform agents for container SecureJarResource(inventoryprofilesnext)
[10Aug2025 21:07:15.151] [main/DEBUG] [mixin/]: Instancing new MixinPlatformAgentMinecraftForge for SecureJarResource(inventoryprofilesnext)
[10Aug2025 21:07:15.151] [main/DEBUG] [mixin/]: MixinPlatformAgentMinecraftForge rejected container SecureJarResource(inventoryprofilesnext)
[10Aug2025 21:07:15.151] [main/DEBUG] [mixin/]: Instancing new MixinPlatformAgentDefault for SecureJarResource(inventoryprofilesnext)
[10Aug2025 21:07:15.151] [main/DEBUG] [mixin/]: MixinPlatformAgentDefault accepted container SecureJarResource(inventoryprofilesnext)
[10Aug2025 21:07:15.151] [main/DEBUG] [mixin/]: Processing prepare() for PlatformAgent[MixinPlatformAgentDefault:SecureJarResource(inventoryprofilesnext)]
[10Aug2025 21:07:15.151] [main/DEBUG] [mixin/]: Registering mixin config: mixins.ipnext.json
[10Aug2025 21:07:15.153] [main/DEBUG] [mixin/]: Adding mixin platform agents for container SecureJarResource(architectury)
[10Aug2025 21:07:15.153] [main/DEBUG] [mixin/]: Instancing new MixinPlatformAgentMinecraftForge for SecureJarResource(architectury)
[10Aug2025 21:07:15.153] [main/DEBUG] [mixin/]: MixinPlatformAgentMinecraftForge rejected container SecureJarResource(architectury)
[10Aug2025 21:07:15.153] [main/DEBUG] [mixin/]: Instancing new MixinPlatformAgentDefault for SecureJarResource(architectury)
[10Aug2025 21:07:15.153] [main/DEBUG] [mixin/]: MixinPlatformAgentDefault accepted container SecureJarResource(architectury)
[10Aug2025 21:07:15.153] [main/DEBUG] [mixin/]: Processing prepare() for PlatformAgent[MixinPlatformAgentDefault:SecureJarResource(architectury)]
[10Aug2025 21:07:15.153] [main/DEBUG] [mixin/]: Registering mixin config: architectury.mixins.json
[10Aug2025 21:07:15.155] [main/DEBUG] [mixin/]: Compatibility level JAVA_16 specified by architectury.mixins.json is higher than the maximum level supported by this version of mixin (JAVA_13).
[10Aug2025 21:07:15.155] [main/DEBUG] [mixin/]: Registering mixin config: architectury-common.mixins.json
[10Aug2025 21:07:15.156] [main/DEBUG] [mixin/]: Compatibility level JAVA_16 specified by architectury-common.mixins.json is higher than the maximum level supported by this version of mixin (JAVA_13).
[10Aug2025 21:07:15.156] [main/DEBUG] [mixin/]: Adding mixin platform agents for container SecureJarResource(animal_feeding_trough)
[10Aug2025 21:07:15.157] [main/DEBUG] [mixin/]: Instancing new MixinPlatformAgentMinecraftForge for SecureJarResource(animal_feeding_trough)
[10Aug2025 21:07:15.157] [main/DEBUG] [mixin/]: MixinPlatformAgentMinecraftForge rejected container SecureJarResource(animal_feeding_trough)
[10Aug2025 21:07:15.157] [main/DEBUG] [mixin/]: Instancing new MixinPlatformAgentDefault for SecureJarResource(animal_feeding_trough)
[10Aug2025 21:07:15.157] [main/DEBUG] [mixin/]: MixinPlatformAgentDefault accepted container SecureJarResource(animal_feeding_trough)
[10Aug2025 21:07:15.157] [main/DEBUG] [mixin/]: Processing prepare() for PlatformAgent[MixinPlatformAgentDefault:SecureJarResource(animal_feeding_trough)]
[10Aug2025 21:07:15.157] [main/DEBUG] [mixin/]: Registering mixin config: mixins.animal_feeding_trough.json
[10Aug2025 21:07:15.158] [main/DEBUG] [mixin/]: Compatibility level JAVA_16 specified by mixins.animal_feeding_trough.json is higher than the maximum level supported by this version of mixin (JAVA_13).
[10Aug2025 21:07:15.158] [main/DEBUG] [mixin/]: Adding mixin platform agents for container SecureJarResource(mcwfurnitures)
[10Aug2025 21:07:15.158] [main/DEBUG] [mixin/]: Instancing new MixinPlatformAgentMinecraftForge for SecureJarResource(mcwfurnitures)
[10Aug2025 21:07:15.159] [main/DEBUG] [mixin/]: MixinPlatformAgentMinecraftForge rejected container SecureJarResource(mcwfurnitures)
[10Aug2025 21:07:15.159] [main/DEBUG] [mixin/]: Instancing new MixinPlatformAgentDefault for SecureJarResource(mcwfurnitures)
[10Aug2025 21:07:15.159] [main/DEBUG] [mixin/]: MixinPlatformAgentDefault accepted container SecureJarResource(mcwfurnitures)
[10Aug2025 21:07:15.159] [main/DEBUG] [mixin/]: Processing prepare() for PlatformAgent[MixinPlatformAgentDefault:SecureJarResource(mcwfurnitures)]
[10Aug2025 21:07:15.159] [main/DEBUG] [mixin/]: Adding mixin platform agents for container SecureJarResource(puzzleslib)
[10Aug2025 21:07:15.159] [main/DEBUG] [mixin/]: Instancing new MixinPlatformAgentMinecraftForge for SecureJarResource(puzzleslib)
[10Aug2025 21:07:15.159] [main/DEBUG] [mixin/]: MixinPlatformAgentMinecraftForge rejected container SecureJarResource(puzzleslib)
[10Aug2025 21:07:15.159] [main/DEBUG] [mixin/]: Instancing new MixinPlatformAgentDefault for SecureJarResource(puzzleslib)
[10Aug2025 21:07:15.159] [main/DEBUG] [mixin/]: MixinPlatformAgentDefault accepted container SecureJarResource(puzzleslib)
[10Aug2025 21:07:15.159] [main/DEBUG] [mixin/]: Processing prepare() for PlatformAgent[MixinPlatformAgentDefault:SecureJarResource(puzzleslib)]
[10Aug2025 21:07:15.159] [main/DEBUG] [mixin/]: Registering mixin config: puzzleslib.common.mixins.json
[10Aug2025 21:07:15.161] [main/DEBUG] [mixin/]: Registering mixin config: puzzleslib.forge.mixins.json
[10Aug2025 21:07:15.162] [main/DEBUG] [mixin/]: Adding mixin platform agents for container SecureJarResource(addonslib)
[10Aug2025 21:07:15.162] [main/DEBUG] [mixin/]: Instancing new MixinPlatformAgentMinecraftForge for SecureJarResource(addonslib)
[10Aug2025 21:07:15.162] [main/DEBUG] [mixin/]: MixinPlatformAgentMinecraftForge rejected container SecureJarResource(addonslib)
[10Aug2025 21:07:15.162] [main/DEBUG] [mixin/]: Instancing new MixinPlatformAgentDefault for SecureJarResource(addonslib)
[10Aug2025 21:07:15.162] [main/DEBUG] [mixin/]: MixinPlatformAgentDefault accepted container SecureJarResource(addonslib)
[10Aug2025 21:07:15.162] [main/DEBUG] [mixin/]: Processing prepare() for PlatformAgent[MixinPlatformAgentDefault:SecureJarResource(addonslib)]
[10Aug2025 21:07:15.162] [main/DEBUG] [mixin/]: Adding mixin platform agents for container SecureJarResource(jadeaddons)
[10Aug2025 21:07:15.162] [main/DEBUG] [mixin/]: Instancing new MixinPlatformAgentMinecraftForge for SecureJarResource(jadeaddons)
[10Aug2025 21:07:15.162] [main/DEBUG] [mixin/]: MixinPlatformAgentMinecraftForge rejected container SecureJarResource(jadeaddons)
[10Aug2025 21:07:15.162] [main/DEBUG] [mixin/]: Instancing new MixinPlatformAgentDefault for SecureJarResource(jadeaddons)
[10Aug2025 21:07:15.162] [main/DEBUG] [mixin/]: MixinPlatformAgentDefault accepted container SecureJarResource(jadeaddons)
[10Aug2025 21:07:15.162] [main/DEBUG] [mixin/]: Processing prepare() for PlatformAgent[MixinPlatformAgentDefault:SecureJarResource(jadeaddons)]
[10Aug2025 21:07:15.162] [main/DEBUG] [mixin/]: Registering mixin config: jadeaddons.mixins.json
[10Aug2025 21:07:15.164] [main/DEBUG] [mixin/]: Adding mixin platform agents for container SecureJarResource(expandability)
[10Aug2025 21:07:15.164] [main/DEBUG] [mixin/]: Instancing new MixinPlatformAgentMinecraftForge for SecureJarResource(expandability)
[10Aug2025 21:07:15.164] [main/DEBUG] [mixin/]: MixinPlatformAgentMinecraftForge rejected container SecureJarResource(expandability)
[10Aug2025 21:07:15.164] [main/DEBUG] [mixin/]: Instancing new MixinPlatformAgentDefault for SecureJarResource(expandability)
[10Aug2025 21:07:15.164] [main/DEBUG] [mixin/]: MixinPlatformAgentDefault accepted container SecureJarResource(expandability)
[10Aug2025 21:07:15.164] [main/DEBUG] [mixin/]: Processing prepare() for PlatformAgent[MixinPlatformAgentDefault:SecureJarResource(expandability)]
[10Aug2025 21:07:15.164] [main/DEBUG] [mixin/]: Registering mixin config: expandability.mixins.json
[10Aug2025 21:07:15.166] [main/DEBUG] [mixin/]: Registering mixin config: expandability-common.mixins.json
[10Aug2025 21:07:15.167] [main/DEBUG] [mixin/]: Adding mixin platform agents for container SecureJarResource(mcwlights)
[10Aug2025 21:07:15.168] [main/DEBUG] [mixin/]: Instancing new MixinPlatformAgentMinecraftForge for SecureJarResource(mcwlights)
[10Aug2025 21:07:15.168] [main/DEBUG] [mixin/]: MixinPlatformAgentMinecraftForge rejected container SecureJarResource(mcwlights)
[10Aug2025 21:07:15.168] [main/DEBUG] [mixin/]: Instancing new MixinPlatformAgentDefault for SecureJarResource(mcwlights)
[10Aug2025 21:07:15.168] [main/DEBUG] [mixin/]: MixinPlatformAgentDefault accepted container SecureJarResource(mcwlights)
[10Aug2025 21:07:15.168] [main/DEBUG] [mixin/]: Processing prepare() for PlatformAgent[MixinPlatformAgentDefault:SecureJarResource(mcwlights)]
[10Aug2025 21:07:15.168] [main/DEBUG] [mixin/]: Adding mixin platform agents for container SecureJarResource(everycomp)
[10Aug2025 21:07:15.168] [main/DEBUG] [mixin/]: Instancing new MixinPlatformAgentMinecraftForge for SecureJarResource(everycomp)
[10Aug2025 21:07:15.168] [main/DEBUG] [mixin/]: MixinPlatformAgentMinecraftForge rejected container SecureJarResource(everycomp)
[10Aug2025 21:07:15.168] [main/DEBUG] [mixin/]: Instancing new MixinPlatformAgentDefault for SecureJarResource(everycomp)
[10Aug2025 21:07:15.168] [main/DEBUG] [mixin/]: MixinPlatformAgentDefault accepted container SecureJarResource(everycomp)
[10Aug2025 21:07:15.168] [main/DEBUG] [mixin/]: Processing prepare() for PlatformAgent[MixinPlatformAgentDefault:SecureJarResource(everycomp)]
[10Aug2025 21:07:15.168] [main/DEBUG] [mixin/]: Registering mixin config: everycomp-common.mixins.json
[10Aug2025 21:07:15.170] [main/DEBUG] [mixin/]: Adding mixin platform agents for container SecureJarResource(mclib)
[10Aug2025 21:07:15.170] [main/DEBUG] [mixin/]: Instancing new MixinPlatformAgentMinecraftForge for SecureJarResource(mclib)
[10Aug2025 21:07:15.170] [main/DEBUG] [mixin/]: MixinPlatformAgentMinecraftForge rejected container SecureJarResource(mclib)
[10Aug2025 21:07:15.170] [main/DEBUG] [mixin/]: Instancing new MixinPlatformAgentDefault for SecureJarResource(mclib)
[10Aug2025 21:07:15.170] [main/DEBUG] [mixin/]: MixinPlatformAgentDefault accepted container SecureJarResource(mclib)
[10Aug2025 21:07:15.170] [main/DEBUG] [mixin/]: Processing prepare() for PlatformAgent[MixinPlatformAgentDefault:SecureJarResource(mclib)]
[10Aug2025 21:07:15.170] [main/DEBUG] [mixin/]: Adding mixin platform agents for container SecureJarResource(MixinSquared)
[10Aug2025 21:07:15.170] [main/DEBUG] [mixin/]: Instancing new MixinPlatformAgentMinecraftForge for SecureJarResource(MixinSquared)
[10Aug2025 21:07:15.170] [main/DEBUG] [mixin/]: MixinPlatformAgentMinecraftForge rejected container SecureJarResource(MixinSquared)
[10Aug2025 21:07:15.170] [main/DEBUG] [mixin/]: Instancing new MixinPlatformAgentDefault for SecureJarResource(MixinSquared)
[10Aug2025 21:07:15.170] [main/DEBUG] [mixin/]: MixinPlatformAgentDefault accepted container SecureJarResource(MixinSquared)
[10Aug2025 21:07:15.170] [main/DEBUG] [mixin/]: Processing prepare() for PlatformAgent[MixinPlatformAgentDefault:SecureJarResource(MixinSquared)]
[10Aug2025 21:07:15.170] [main/DEBUG] [mixin/]: Adding mixin platform agents for container SecureJarResource(thedarkcolour.kotlinforforge.kfflib)
[10Aug2025 21:07:15.170] [main/DEBUG] [mixin/]: Instancing new MixinPlatformAgentMinecraftForge for SecureJarResource(thedarkcolour.kotlinforforge.kfflib)
[10Aug2025 21:07:15.170] [main/DEBUG] [mixin/]: MixinPlatformAgentMinecraftForge rejected container SecureJarResource(thedarkcolour.kotlinforforge.kfflib)
[10Aug2025 21:07:15.170] [main/DEBUG] [mixin/]: Instancing new MixinPlatformAgentDefault for SecureJarResource(thedarkcolour.kotlinforforge.kfflib)
[10Aug2025 21:07:15.170] [main/DEBUG] [mixin/]: MixinPlatformAgentDefault accepted container SecureJarResource(thedarkcolour.kotlinforforge.kfflib)
[10Aug2025 21:07:15.170] [main/DEBUG] [mixin/]: Processing prepare() for PlatformAgent[MixinPlatformAgentDefault:SecureJarResource(thedarkcolour.kotlinforforge.kfflib)]
[10Aug2025 21:07:15.170] [main/DEBUG] [mixin/]: Adding mixin platform agents for container SecureJarResource(MixinExtras)
[10Aug2025 21:07:15.170] [main/DEBUG] [mixin/]: Instancing new MixinPlatformAgentMinecraftForge for SecureJarResource(MixinExtras)
[10Aug2025 21:07:15.170] [main/DEBUG] [mixin/]: MixinPlatformAgentMinecraftForge rejected container SecureJarResource(MixinExtras)
[10Aug2025 21:07:15.170] [main/DEBUG] [mixin/]: Instancing new MixinPlatformAgentDefault for SecureJarResource(MixinExtras)
[10Aug2025 21:07:15.170] [main/DEBUG] [mixin/]: MixinPlatformAgentDefault accepted container SecureJarResource(MixinExtras)
[10Aug2025 21:07:15.171] [main/DEBUG] [mixin/]: Processing prepare() for PlatformAgent[MixinPlatformAgentDefault:SecureJarResource(MixinExtras)]
[10Aug2025 21:07:15.171] [main/DEBUG] [mixin/]: inject() running with 75 agents
[10Aug2025 21:07:15.171] [main/DEBUG] [mixin/]: Processing inject() for PlatformAgent[MixinPlatformAgentDefault:ModLauncher Root Container(ModLauncher:4f56a0a2)]
[10Aug2025 21:07:15.171] [main/DEBUG] [mixin/]: Processing inject() for PlatformAgent[MixinPlatformAgentDefault:SecureJarResource(betterdungeons)]
[10Aug2025 21:07:15.171] [main/DEBUG] [mixin/]: Processing inject() for PlatformAgent[MixinPlatformAgentDefault:SecureJarResource(mowziesmobs)]
[10Aug2025 21:07:15.171] [main/DEBUG] [mixin/]: Processing inject() for PlatformAgent[MixinPlatformAgentDefault:SecureJarResource(kuma_api)]
[10Aug2025 21:07:15.171] [main/DEBUG] [mixin/]: Processing inject() for PlatformAgent[MixinPlatformAgentDefault:SecureJarResource(easyanvils)]
[10Aug2025 21:07:15.171] [main/DEBUG] [mixin/]: Processing inject() for PlatformAgent[MixinPlatformAgentDefault:SecureJarResource(amendments)]
[10Aug2025 21:07:15.171] [main/DEBUG] [mixin/]: Processing inject() for PlatformAgent[MixinPlatformAgentDefault:SecureJarResource(geckolib)]
[10Aug2025 21:07:15.171] [main/DEBUG] [mixin/]: Processing inject() for PlatformAgent[MixinPlatformAgentDefault:SecureJarResource(easymagic)]
[10Aug2025 21:07:15.171] [main/DEBUG] [mixin/]: Processing inject() for PlatformAgent[MixinPlatformAgentDefault:SecureJarResource(jei)]
[10Aug2025 21:07:15.171] [main/DEBUG] [mixin/]: Processing inject() for PlatformAgent[MixinPlatformAgentDefault:SecureJarResource(mcwwindows)]
[10Aug2025 21:07:15.171] [main/DEBUG] [mixin/]: Processing inject() for PlatformAgent[MixinPlatformAgentDefault:SecureJarResource(dynamiclights)]
[10Aug2025 21:07:15.171] [main/DEBUG] [mixin/]: Processing inject() for PlatformAgent[MixinPlatformAgentDefault:SecureJarResource(incendium)]
[10Aug2025 21:07:15.171] [main/DEBUG] [mixin/]: Processing inject() for PlatformAgent[MixinPlatformAgentDefault:SecureJarResource(sophisticatedcore)]
[10Aug2025 21:07:15.171] [main/DEBUG] [mixin/]: Processing inject() for PlatformAgent[MixinPlatformAgentDefault:SecureJarResource(waystones)]
[10Aug2025 21:07:15.171] [main/DEBUG] [mixin/]: Processing inject() for PlatformAgent[MixinPlatformAgentDefault:SecureJarResource(mcwpaintings)]
[10Aug2025 21:07:15.171] [main/DEBUG] [mixin/]: Processing inject() for PlatformAgent[MixinPlatformAgentDefault:SecureJarResource(journeymap)]
[10Aug2025 21:07:15.171] [main/DEBUG] [mixin/]: Processing inject() for PlatformAgent[MixinPlatformAgentDefault:SecureJarResource(travelersbackpack)]
[10Aug2025 21:07:15.171] [main/DEBUG] [mixin/]: Processing inject() for PlatformAgent[MixinPlatformAgentDefault:SecureJarResource(artifacts)]
[10Aug2025 21:07:15.171] [main/DEBUG] [mixin/]: Processing inject() for PlatformAgent[MixinPlatformAgentDefault:SecureJarResource(yungsapi)]
[10Aug2025 21:07:15.171] [main/DEBUG] [mixin/]: Processing inject() for PlatformAgent[MixinPlatformAgentDefault:SecureJarResource(mcwstairs)]
[10Aug2025 21:07:15.171] [main/DEBUG] [mixin/]: Processing inject() for PlatformAgent[MixinPlatformAgentDefault:SecureJarResource(mixinextras)]
[10Aug2025 21:07:15.171] [main/DEBUG] [mixin/]: Processing inject() for PlatformAgent[MixinPlatformAgentDefault:SecureJarResource(glitchcore)]
[10Aug2025 21:07:15.171] [main/DEBUG] [mixin/]: Processing inject() for PlatformAgent[MixinPlatformAgentDefault:SecureJarResource(sophisticatedbackpacks)]
[10Aug2025 21:07:15.171] [main/DEBUG] [mixin/]: Processing inject() for PlatformAgent[MixinPlatformAgentDefault:SecureJarResource(mcwdoors)]
[10Aug2025 21:07:15.171] [main/DEBUG] [mixin/]: Processing inject() for PlatformAgent[MixinPlatformAgentDefault:SecureJarResource(balm)]
[10Aug2025 21:07:15.171] [main/DEBUG] [mixin/]: Processing inject() for PlatformAgent[MixinPlatformAgentDefault:SecureJarResource(terralith)]
[10Aug2025 21:07:15.171] [main/DEBUG] [mixin/]: Processing inject() for PlatformAgent[MixinPlatformAgentDefault:SecureJarResource(carryon)]
[10Aug2025 21:07:15.171] [main/DEBUG] [mixin/]: Processing inject() for PlatformAgent[MixinPlatformAgentDefault:SecureJarResource(jeresources)]
[10Aug2025 21:07:15.171] [main/DEBUG] [mixin/]: Processing inject() for PlatformAgent[MixinPlatformAgentDefault:SecureJarResource(puzzlesaccessapi)]
[10Aug2025 21:07:15.171] [main/DEBUG] [mixin/]: Processing inject() for PlatformAgent[MixinPlatformAgentDefault:SecureJarResource(dungeons_arise_seven_seas)]
[10Aug2025 21:07:15.171] [main/DEBUG] [mixin/]: Processing inject() for PlatformAgent[MixinPlatformAgentDefault:SecureJarResource(cloth_config)]
[10Aug2025 21:07:15.171] [main/DEBUG] [mixin/]: Processing inject() for PlatformAgent[MixinPlatformAgentDefault:SecureJarResource(forge)]
[10Aug2025 21:07:15.171] [main/DEBUG] [mixin/]: Processing inject() for PlatformAgent[MixinPlatformAgentDefault:SecureJarResource(stackrefill)]
[10Aug2025 21:07:15.171] [main/DEBUG] [mixin/]: Processing inject() for PlatformAgent[MixinPlatformAgentDefault:SecureJarResource(supplementaries)]
[10Aug2025 21:07:15.172] [main/DEBUG] [mixin/]: Processing inject() for PlatformAgent[MixinPlatformAgentDefault:SecureJarResource(mcwpaths)]
[10Aug2025 21:07:15.172] [main/DEBUG] [mixin/]: Processing inject() for PlatformAgent[MixinPlatformAgentDefault:SecureJarResource(dungeons_arise)]
[10Aug2025 21:07:15.172] [main/DEBUG] [mixin/]: Processing inject() for PlatformAgent[MixinPlatformAgentDefault:SecureJarResource(minecraft)]
[10Aug2025 21:07:15.172] [main/DEBUG] [mixin/]: Processing inject() for PlatformAgent[MixinPlatformAgentDefault:SecureJarResource(ati_structuresv)]
[10Aug2025 21:07:15.172] [main/DEBUG] [mixin/]: Processing inject() for PlatformAgent[MixinPlatformAgentDefault:SecureJarResource(mcwbridges)]
[10Aug2025 21:07:15.172] [main/DEBUG] [mixin/]: Processing inject() for PlatformAgent[MixinPlatformAgentDefault:SecureJarResource(farmersdelight)]
[10Aug2025 21:07:15.172] [main/DEBUG] [mixin/]: Processing inject() for PlatformAgent[MixinPlatformAgentDefault:SecureJarResource(trade_cycling)]
[10Aug2025 21:07:15.172] [main/DEBUG] [mixin/]: Processing inject() for PlatformAgent[MixinPlatformAgentDefault:SecureJarResource(libipn)]
[10Aug2025 21:07:15.172] [main/DEBUG] [mixin/]: Processing inject() for PlatformAgent[MixinPlatformAgentDefault:SecureJarResource(terrablender)]
[10Aug2025 21:07:15.172] [main/DEBUG] [mixin/]: Processing inject() for PlatformAgent[MixinPlatformAgentDefault:SecureJarResource(moonlight)]
[10Aug2025 21:07:15.172] [main/DEBUG] [mixin/]: Processing inject() for PlatformAgent[MixinPlatformAgentDefault:SecureJarResource(regions_unexplored)]
[10Aug2025 21:07:15.172] [main/DEBUG] [mixin/]: Processing inject() for PlatformAgent[MixinPlatformAgentDefault:SecureJarResource(mixinsquared)]
[10Aug2025 21:07:15.172] [main/DEBUG] [mixin/]: Processing inject() for PlatformAgent[MixinPlatformAgentDefault:SecureJarResource(jade)]
[10Aug2025 21:07:15.172] [main/DEBUG] [mixin/]: Processing inject() for PlatformAgent[MixinPlatformAgentDefault:SecureJarResource(mcwtrpdoors)]
[10Aug2025 21:07:15.172] [main/DEBUG] [mixin/]: Processing inject() for PlatformAgent[MixinPlatformAgentDefault:SecureJarResource(mcwfences)]
[10Aug2025 21:07:15.172] [main/DEBUG] [mixin/]: Processing inject() for PlatformAgent[MixinPlatformAgentDefault:SecureJarResource(lionfishapi)]
[10Aug2025 21:07:15.172] [main/DEBUG] [mixin/]: Processing inject() for PlatformAgent[MixinPlatformAgentDefault:SecureJarResource(kotlinforforge)]
[10Aug2025 21:07:15.172] [main/DEBUG] [mixin/]: Processing inject() for PlatformAgent[MixinPlatformAgentDefault:SecureJarResource(mcwbiomesoplenty)]
[10Aug2025 21:07:15.172] [main/DEBUG] [mixin/]: Processing inject() for PlatformAgent[MixinPlatformAgentDefault:SecureJarResource(biomesoplenty)]
[10Aug2025 21:07:15.172] [main/DEBUG] [mixin/]: Processing inject() for PlatformAgent[MixinPlatformAgentDefault:SecureJarResource(cataclysm)]
[10Aug2025 21:07:15.172] [main/DEBUG] [mixin/]: Processing inject() for PlatformAgent[MixinPlatformAgentDefault:SecureJarResource(curios)]
[10Aug2025 21:07:15.172] [main/DEBUG] [mixin/]: Processing inject() for PlatformAgent[MixinPlatformAgentDefault:SecureJarResource(suppsquared)]
[10Aug2025 21:07:15.172] [main/DEBUG] [mixin/]: Processing inject() for PlatformAgent[MixinPlatformAgentDefault:SecureJarResource(collective)]
[10Aug2025 21:07:15.172] [main/DEBUG] [mixin/]: Processing inject() for PlatformAgent[MixinPlatformAgentDefault:SecureJarResource(securitycraft)]
[10Aug2025 21:07:15.172] [main/DEBUG] [mixin/]: Processing inject() for PlatformAgent[MixinPlatformAgentDefault:SecureJarResource(mr_dungeons_andtaverns)]
[10Aug2025 21:07:15.172] [main/DEBUG] [mixin/]: Processing inject() for PlatformAgent[MixinPlatformAgentDefault:SecureJarResource(tombstone)]
[10Aug2025 21:07:15.172] [main/DEBUG] [mixin/]: Processing inject() for PlatformAgent[MixinPlatformAgentDefault:SecureJarResource(mcwroofs)]
[10Aug2025 21:07:15.172] [main/DEBUG] [mixin/]: Processing inject() for PlatformAgent[MixinPlatformAgentDefault:SecureJarResource(inventoryprofilesnext)]
[10Aug2025 21:07:15.172] [main/DEBUG] [mixin/]: Processing inject() for PlatformAgent[MixinPlatformAgentDefault:SecureJarResource(architectury)]
[10Aug2025 21:07:15.172] [main/DEBUG] [mixin/]: Processing inject() for PlatformAgent[MixinPlatformAgentDefault:SecureJarResource(animal_feeding_trough)]
[10Aug2025 21:07:15.172] [main/DEBUG] [mixin/]: Processing inject() for PlatformAgent[MixinPlatformAgentDefault:SecureJarResource(mcwfurnitures)]
[10Aug2025 21:07:15.172] [main/DEBUG] [mixin/]: Processing inject() for PlatformAgent[MixinPlatformAgentDefault:SecureJarResource(puzzleslib)]
[10Aug2025 21:07:15.172] [main/DEBUG] [mixin/]: Processing inject() for PlatformAgent[MixinPlatformAgentDefault:SecureJarResource(addonslib)]
[10Aug2025 21:07:15.172] [main/DEBUG] [mixin/]: Processing inject() for PlatformAgent[MixinPlatformAgentDefault:SecureJarResource(jadeaddons)]
[10Aug2025 21:07:15.172] [main/DEBUG] [mixin/]: Processing inject() for PlatformAgent[MixinPlatformAgentDefault:SecureJarResource(expandability)]
[10Aug2025 21:07:15.172] [main/DEBUG] [mixin/]: Processing inject() for PlatformAgent[MixinPlatformAgentDefault:SecureJarResource(mcwlights)]
[10Aug2025 21:07:15.172] [main/DEBUG] [mixin/]: Processing inject() for PlatformAgent[MixinPlatformAgentDefault:SecureJarResource(everycomp)]
[10Aug2025 21:07:15.172] [main/DEBUG] [mixin/]: Processing inject() for PlatformAgent[MixinPlatformAgentDefault:SecureJarResource(mclib)]
[10Aug2025 21:07:15.172] [main/DEBUG] [mixin/]: Processing inject() for PlatformAgent[MixinPlatformAgentDefault:SecureJarResource(MixinSquared)]
[10Aug2025 21:07:15.172] [main/DEBUG] [mixin/]: Processing inject() for PlatformAgent[MixinPlatformAgentDefault:SecureJarResource(thedarkcolour.kotlinforforge.kfflib)]
[10Aug2025 21:07:15.172] [main/DEBUG] [mixin/]: Processing inject() for PlatformAgent[MixinPlatformAgentDefault:SecureJarResource(MixinExtras)]
[10Aug2025 21:07:15.200] [main/DEBUG] [mixin/]: Error cleaning class output directory: .mixin.out
[10Aug2025 21:07:15.202] [main/DEBUG] [mixin/]: Preparing mixins for MixinEnvironment[PREINIT]
[10Aug2025 21:07:15.209] [main/INFO] [mixin/]: Successfully loaded Mixin Connector [de.maxhenkel.tradecycling.MixinConnector]
[10Aug2025 21:07:15.212] [main/INFO] [cpw.mods.modlauncher.LaunchServiceHandler/MODLAUNCHER]: Launching target 'forgeserver' with arguments [nogui]
[10Aug2025 21:07:15.215] [main/DEBUG] [mixin/]: Preparing mixins for MixinEnvironment[DEFAULT]
[10Aug2025 21:07:15.215] [main/DEBUG] [mixin/]: Selecting config betterdungeons.mixins.json
[10Aug2025 21:07:15.219] [main/DEBUG] [mixin/]: Selecting config betterdungeons_forge.mixins.json
[10Aug2025 21:07:15.221] [main/DEBUG] [mixin/]: Selecting config mowziesmobs.mixins.json
[10Aug2025 21:07:15.223] [main/DEBUG] [mixin/]: Selecting config kuma_api.mixins.json
[10Aug2025 21:07:15.225] [main/DEBUG] [mixin/]: Selecting config kuma_api.forge.mixins.json
[10Aug2025 21:07:15.227] [main/DEBUG] [mixin/]: Selecting config easyanvils.common.mixins.json
[10Aug2025 21:07:15.230] [main/DEBUG] [mixin/]: Selecting config easyanvils.forge.mixins.json
[10Aug2025 21:07:15.232] [main/DEBUG] [mixin/]: Selecting config amendments.mixins.json
[10Aug2025 21:07:15.237] [main/DEBUG] [mixin/]: Selecting config amendments-common.mixins.json
[10Aug2025 21:07:15.239] [main/DEBUG] [mixin/]: Selecting config geckolib.mixins.json
[10Aug2025 21:07:15.241] [main/DEBUG] [mixin/]: Selecting config easymagic.common.mixins.json
[10Aug2025 21:07:15.244] [main/DEBUG] [mixin/]: Selecting config waystones.mixins.json
[10Aug2025 21:07:15.245] [main/DEBUG] [mixin/]: Selecting config journeymap.mixins.json
[10Aug2025 21:07:15.247] [main/DEBUG] [mixin/]: Selecting config mixins.travelersbackpack.json
[10Aug2025 21:07:15.249] [main/DEBUG] [mixin/]: Selecting config mixins.artifacts.common.json
[10Aug2025 21:07:15.251] [main/DEBUG] [mixin/]: Selecting config mixins.artifacts.forge.json
[10Aug2025 21:07:15.253] [main/DEBUG] [mixin/]: Selecting config yungsapi.mixins.json
[10Aug2025 21:07:15.256] [main/DEBUG] [mixin/]: Selecting config yungsapi_forge.mixins.json
[10Aug2025 21:07:15.258] [main/DEBUG] [mixin/]: Selecting config mixinextras.init.mixins.json
[10Aug2025 21:07:15.298] [main/DEBUG] [MixinExtras|Service/]: com.llamalad7.mixinextras.service.MixinExtrasServiceImpl(version=0.4.1) is taking over from null
[10Aug2025 21:07:15.332] [main/DEBUG] [mixin/]: Registering new injector for @Inject with org.spongepowered.asm.mixin.injection.struct.CallbackInjectionInfo
[10Aug2025 21:07:15.333] [main/DEBUG] [mixin/]: Registering new injector for @ModifyArg with org.spongepowered.asm.mixin.injection.struct.ModifyArgInjectionInfo
[10Aug2025 21:07:15.334] [main/DEBUG] [mixin/]: Registering new injector for @ModifyArgs with org.spongepowered.asm.mixin.injection.struct.ModifyArgsInjectionInfo
[10Aug2025 21:07:15.335] [main/DEBUG] [mixin/]: Registering new injector for @Redirect with org.spongepowered.asm.mixin.injection.struct.RedirectInjectionInfo
[10Aug2025 21:07:15.336] [main/DEBUG] [mixin/]: Registering new injector for @ModifyVariable with org.spongepowered.asm.mixin.injection.struct.ModifyVariableInjectionInfo
[10Aug2025 21:07:15.337] [main/DEBUG] [mixin/]: Registering new injector for @ModifyConstant with org.spongepowered.asm.mixin.injection.struct.ModifyConstantInjectionInfo
[10Aug2025 21:07:15.349] [main/DEBUG] [mixin/]: Selecting config glitchcore.mixins.json
[10Aug2025 21:07:15.351] [main/DEBUG] [mixin/]: Selecting config glitchcore.forge.mixins.json
[10Aug2025 21:07:15.352] [main/DEBUG] [mixin/]: Selecting config balm.mixins.json
[10Aug2025 21:07:15.353] [main/DEBUG] [mixin/]: Selecting config carryon.mixins.json
[10Aug2025 21:07:15.355] [main/DEBUG] [mixin/]: Selecting config carryon.forge.mixins.json
[10Aug2025 21:07:15.356] [main/DEBUG] [mixin/]: Selecting config puzzlesaccessapi.common.mixins.json
[10Aug2025 21:07:15.357] [main/WARN] [mixin/]: Reference map 'puzzlesaccessapi.common.refmap.json' for puzzlesaccessapi.common.mixins.json could not be read. If this is a development environment you can ignore this message
[10Aug2025 21:07:15.357] [main/DEBUG] [mixin/]: Selecting config puzzlesaccessapi.forge.mixins.json
[10Aug2025 21:07:15.359] [main/DEBUG] [mixin/]: Selecting config stackrefill_forge.mixins.json
[10Aug2025 21:07:15.361] [main/DEBUG] [mixin/]: Selecting config supplementaries-common.mixins.json
[10Aug2025 21:07:15.365] [main/DEBUG] [mixin/]: Selecting config supplementaries.mixins.json
[10Aug2025 21:07:15.366] [main/DEBUG] [mixin/]: Selecting config farmersdelight.mixins.json
[10Aug2025 21:07:15.368] [main/DEBUG] [mixin/]: Selecting config terrablender.mixins.json
[10Aug2025 21:07:15.369] [main/DEBUG] [mixin/]: Selecting config terrablender_forge.mixins.json
[10Aug2025 21:07:15.371] [main/DEBUG] [mixin/]: Selecting config moonlight-common.mixins.json
[10Aug2025 21:07:15.374] [main/DEBUG] [mixin/]: Selecting config moonlight.mixins.json
[10Aug2025 21:07:15.376] [main/DEBUG] [mixin/]: Selecting config ru.mixin.json
[10Aug2025 21:07:15.377] [main/DEBUG] [mixin/]: Selecting config mixinsquared.init.mixins.json
[10Aug2025 21:07:15.386] [main/DEBUG] [mixin/]: Registering new target selector for @mixinsquared:handler with com.bawnorton.mixinsquared.selector.DynamicSelectorHandler
[10Aug2025 21:07:15.407] [main/DEBUG] [mixin/]: Selecting config jade.mixins.json
[10Aug2025 21:07:15.409] [main/DEBUG] [mixin/]: Selecting config lionfishapi.mixins.json
[10Aug2025 21:07:15.411] [main/DEBUG] [mixin/]: Selecting config biomesoplenty.mixins.json
[10Aug2025 21:07:15.412] [main/DEBUG] [mixin/]: Selecting config biomesoplenty.forge.mixins.json
[10Aug2025 21:07:15.413] [main/DEBUG] [mixin/]: Selecting config cataclysm.mixins.json
[10Aug2025 21:07:15.415] [main/DEBUG] [mixin/]: Selecting config curios.mixins.json
[10Aug2025 21:07:15.416] [main/DEBUG] [mixin/]: Selecting config collective_forge.mixins.json
[10Aug2025 21:07:15.418] [main/DEBUG] [mixin/]: Selecting config securitycraft.mixins.json
[10Aug2025 21:07:15.419] [main/DEBUG] [mixin/]: Selecting config tombstone.mixins.json
[10Aug2025 21:07:15.421] [main/DEBUG] [mixin/]: Selecting config mixins.ipnext.json
[10Aug2025 21:07:15.430] [main/DEBUG] [mixin/]: Selecting config architectury.mixins.json
[10Aug2025 21:07:15.432] [main/DEBUG] [mixin/]: Selecting config architectury-common.mixins.json
[10Aug2025 21:07:15.434] [main/DEBUG] [mixin/]: Selecting config mixins.animal_feeding_trough.json
[10Aug2025 21:07:15.435] [main/DEBUG] [mixin/]: Selecting config puzzleslib.common.mixins.json
[10Aug2025 21:07:15.454] [main/INFO] [Puzzles Lib/]: Loading 70 mods:
	- addonslib 1.20.1-1.4
	- amendments 1.20-1.2.19
	- animal_feeding_trough 1.1.0+1.20.1-forge
	- architectury 9.2.14
	- artifacts 9.5.16
		\-- expandability 9.0.4
	- ati_structuresv 1.0.0
	- balm 7.3.31
		\-- kuma_api 20.1.10
	- betterdungeons 1.20-Forge-4.0.4
	- biomesoplenty 19.0.0.96
	- carryon 2.1.2.7
	- cataclysm 3.04
	- cloth_config 11.1.136
	- collective 8.3
	- curios 5.14.1+1.20.1
	- dungeons_arise 2.1.58-1.20.x
	- dungeons_arise_seven_seas 1.0.2
	- dynamiclights 1.8.7+mod
	- easyanvils 8.0.2
	- easymagic 8.0.1
	- everycomp 1.20-2.8.8
	- farmersdelight 1.20.1-1.2.8
	- forge 47.4.0
	- geckolib 4.7.2
	- glitchcore 0.0.1.1
	- incendium 5.3.5
	- inventoryprofilesnext 1.10.14
	- jade 11.13.1+forge
	- jadeaddons 5.5.0+forge
	- jei 15.20.0.112
	- jeresources 1.4.0.247
	- journeymap 5.10.3
	- kotlinforforge 4.11.0
	- libipn 4.0.2
	- lionfishapi 2.4
	- mcwbiomesoplenty 1.20.1-1.2.1
	- mcwbridges 3.1.0
	- mcwdoors 1.1.2
	- mcwfences 1.2.0
	- mcwfurnitures 3.3.0
	- mcwlights 1.1.2
	- mcwpaintings 1.0.5
	- mcwpaths 1.1.0
	- mcwroofs 2.3.2
	- mcwstairs 1.0.1
	- mcwtrpdoors 1.1.4
	- mcwwindows 2.3.0
	- minecraft 1.20.1
	- moonlight 1.20-2.14.11
	- mowziesmobs 1.7.3
	- mr_dungeons_andtaverns 3.0.3.f
	- puzzleslib 8.1.32
		|-- mixinextras 0.4.1
		\-- puzzlesaccessapi 20.1.1
	- regions_unexplored 0.5.6
	- securitycraft 1.10.0.1
	- sophisticatedbackpacks 3.23.19.1263
	- sophisticatedcore 1.2.71.1022
	- stackrefill 4.7
	- supplementaries 1.20-3.1.31
		\-- mixinsquared 0.1.1
	- suppsquared 1.20-1.1.21
	- terrablender 3.0.1.10
	- terralith 2.5.4
	- tombstone 8.9.8
	- trade_cycling 1.20.1-1.0.18
	- travelersbackpack 9.1.39
	- waystones 14.1.13
	- yungsapi 1.20-Forge-4.0.6
[10Aug2025 21:07:15.456] [main/DEBUG] [mixin/]: Selecting config puzzleslib.forge.mixins.json
[10Aug2025 21:07:15.457] [main/DEBUG] [mixin/]: Selecting config jadeaddons.mixins.json
[10Aug2025 21:07:15.459] [main/DEBUG] [mixin/]: Selecting config expandability.mixins.json
[10Aug2025 21:07:15.460] [main/DEBUG] [mixin/]: Selecting config expandability-common.mixins.json
[10Aug2025 21:07:15.463] [main/DEBUG] [mixin/]: Selecting config everycomp-common.mixins.json
[10Aug2025 21:07:15.464] [main/DEBUG] [mixin/]: Selecting config trade_cycling.mixins.json
[10Aug2025 21:07:15.466] [main/DEBUG] [mixin/]: Preparing betterdungeons.mixins.json (8)
[10Aug2025 21:07:15.494] [main/DEBUG] [net.minecraftforge.coremod.transformer.CoreModBaseTransformer/COREMOD]: Transforming net/minecraft/world/level/levelgen/structure/templatesystem/StructureTemplate
[10Aug2025 21:07:15.880] [main/DEBUG] [mixin/]: Preparing betterdungeons_forge.mixins.json (0)
[10Aug2025 21:07:15.880] [main/DEBUG] [mixin/]: Preparing mowziesmobs.mixins.json (1)
[10Aug2025 21:07:15.887] [main/DEBUG] [mixin/]: Preparing kuma_api.mixins.json (1)
[10Aug2025 21:07:15.887] [main/DEBUG] [mixin/]: Preparing kuma_api.forge.mixins.json (0)
[10Aug2025 21:07:15.887] [main/DEBUG] [mixin/]: Preparing easyanvils.common.mixins.json (5)
[10Aug2025 21:07:15.907] [main/DEBUG] [mixin/]: Preparing easyanvils.forge.mixins.json (0)
[10Aug2025 21:07:15.908] [main/DEBUG] [mixin/]: Preparing amendments.mixins.json (3)
[10Aug2025 21:07:15.911] [main/DEBUG] [mixin/]: Preparing amendments-common.mixins.json (34)
[10Aug2025 21:07:16.027] [main/DEBUG] [mixin/]: @Mixin target net/minecraft/world/level/block/WallHangingSignBlock is public in amendments-common.mixins.json:CeilingHangingSignBlockMixin and should be specified in value
[10Aug2025 21:07:16.029] [main/DEBUG] [mixin/]: @Mixin target net/minecraft/world/level/block/CeilingHangingSignBlock is public in amendments-common.mixins.json:CeilingHangingSignBlockMixin and should be specified in value
[10Aug2025 21:07:16.033] [main/DEBUG] [net.minecraftforge.coremod.transformer.CoreModBaseTransformer/COREMOD]: Transforming net/minecraft/world/level/block/FlowerPotBlock
[10Aug2025 21:07:16.062] [main/DEBUG] [mixin/]: @Mixin target net/minecraft/world/level/block/SkullBlock is public in amendments-common.mixins.json:SkullBlockMixin and should be specified in value
[10Aug2025 21:07:16.064] [main/DEBUG] [mixin/]: @Mixin target net/minecraft/world/level/block/WallSkullBlock is public in amendments-common.mixins.json:SkullBlockMixin and should be specified in value
[10Aug2025 21:07:16.067] [main/DEBUG] [mixin/]: Preparing geckolib.mixins.json (1)
[10Aug2025 21:07:16.067] [main/DEBUG] [mixin/]: Preparing easymagic.common.mixins.json (5)
[10Aug2025 21:07:16.089] [main/DEBUG] [mixin/]: Preparing waystones.mixins.json (3)
[10Aug2025 21:07:16.099] [main/DEBUG] [mixin/]: Preparing journeymap.mixins.json (3)
[10Aug2025 21:07:16.099] [main/DEBUG] [mixin/]: Preparing mixins.travelersbackpack.json (1)
[10Aug2025 21:07:16.099] [main/DEBUG] [mixin/]: Preparing mixins.artifacts.common.json (21)
[10Aug2025 21:07:16.165] [main/DEBUG] [net.minecraftforge.coremod.transformer.CoreModBaseTransformer/COREMOD]: Transforming net/minecraft/world/level/NaturalSpawner
[10Aug2025 21:07:16.284] [main/DEBUG] [net.minecraftforge.coremod.transformer.CoreModBaseTransformer/COREMOD]: Transforming net/minecraft/world/entity/npc/Villager
[10Aug2025 21:07:16.432] [main/DEBUG] [mixin/]: Preparing mixins.artifacts.forge.json (3)
[10Aug2025 21:07:16.436] [main/DEBUG] [mixin/]: Preparing yungsapi.mixins.json (11)
[10Aug2025 21:07:16.440] [main/DEBUG] [yungsapi/]: Loaded com.yungnickyoung.minecraft.yungsapi.services.ForgePlatformHelper@4270b142 for service interface com.yungnickyoung.minecraft.yungsapi.services.IPlatformHelper
[10Aug2025 21:07:16.441] [main/DEBUG] [yungsapi/]: Loaded com.yungnickyoung.minecraft.yungsapi.services.ForgeAutoRegisterHelper@50bc3219 for service interface com.yungnickyoung.minecraft.yungsapi.services.IAutoRegisterHelper
[10Aug2025 21:07:16.442] [main/DEBUG] [yungsapi/]: Loaded com.yungnickyoung.minecraft.yungsapi.services.ForgeBlockEntityTypeHelper@6b0f266e for service interface com.yungnickyoung.minecraft.yungsapi.services.IBlockEntityTypeHelper
[10Aug2025 21:07:16.443] [main/DEBUG] [yungsapi/]: Loaded com.yungnickyoung.minecraft.yungsapi.services.ForgeParticleTypeHelper@fddd7ae for service interface com.yungnickyoung.minecraft.yungsapi.services.IParticleTypeHelper
[10Aug2025 21:07:16.462] [main/DEBUG] [mixin/]: Preparing yungsapi_forge.mixins.json (1)
[10Aug2025 21:07:16.463] [main/DEBUG] [mixin/]: Preparing mixinextras.init.mixins.json (0)
[10Aug2025 21:07:16.463] [main/DEBUG] [mixin/]: Preparing glitchcore.mixins.json (4)
[10Aug2025 21:07:16.468] [main/DEBUG] [net.minecraftforge.coremod.transformer.CoreModBaseTransformer/COREMOD]: Transforming net/minecraft/world/item/ItemStack
[10Aug2025 21:07:16.497] [main/DEBUG] [mixin/]: Preparing glitchcore.forge.mixins.json (7)
[10Aug2025 21:07:16.501] [main/DEBUG] [mixin/]: Preparing balm.mixins.json (16)
[10Aug2025 21:07:16.524] [main/DEBUG] [mixin/]: Preparing carryon.mixins.json (5)
[10Aug2025 21:07:16.529] [main/DEBUG] [mixin/]: Preparing carryon.forge.mixins.json (0)
[10Aug2025 21:07:16.529] [main/DEBUG] [mixin/]: Preparing puzzlesaccessapi.common.mixins.json (0)
[10Aug2025 21:07:16.529] [main/DEBUG] [mixin/]: Preparing puzzlesaccessapi.forge.mixins.json (0)
[10Aug2025 21:07:16.529] [main/DEBUG] [mixin/]: Preparing stackrefill_forge.mixins.json (0)
[10Aug2025 21:07:16.529] [main/DEBUG] [mixin/]: Preparing supplementaries-common.mixins.json (78)
[10Aug2025 21:07:16.629] [main/DEBUG] [mixin/]: Preparing supplementaries.mixins.json (28)
[10Aug2025 21:07:16.666] [main/DEBUG] [mixin/]: Preparing farmersdelight.mixins.json (10)
[10Aug2025 21:07:16.678] [main/DEBUG] [mixin/]: Preparing terrablender.mixins.json (7)
[10Aug2025 21:07:16.692] [main/DEBUG] [mixin/]: Preparing terrablender_forge.mixins.json (0)
[10Aug2025 21:07:16.693] [main/DEBUG] [mixin/]: Preparing moonlight-common.mixins.json (36)
[10Aug2025 21:07:16.741] [main/DEBUG] [mixin/]: Preparing moonlight.mixins.json (12)
[10Aug2025 21:07:16.748] [main/DEBUG] [mixin/]: Preparing ru.mixin.json (8)
[10Aug2025 21:07:16.758] [main/DEBUG] [mixin/]: Preparing mixinsquared.init.mixins.json (0)
[10Aug2025 21:07:16.758] [main/DEBUG] [mixin/]: Preparing jade.mixins.json (2)
[10Aug2025 21:07:16.758] [main/DEBUG] [mixin/]: Preparing lionfishapi.mixins.json (5)
[10Aug2025 21:07:16.764] [main/DEBUG] [mixin/]: Preparing biomesoplenty.mixins.json (0)
[10Aug2025 21:07:16.764] [main/DEBUG] [mixin/]: Preparing biomesoplenty.forge.mixins.json (2)
[10Aug2025 21:07:16.767] [main/DEBUG] [mixin/]: Preparing cataclysm.mixins.json (21)
[10Aug2025 21:07:16.783] [main/DEBUG] [mixin/]: Preparing curios.mixins.json (13)
[10Aug2025 21:07:16.799] [main/DEBUG] [mixin/]: Preparing collective_forge.mixins.json (5)
[10Aug2025 21:07:16.803] [main/DEBUG] [mixin/]: Preparing securitycraft.mixins.json (23)
[10Aug2025 21:07:16.828] [main/DEBUG] [mixin/]: Preparing tombstone.mixins.json (27)
[10Aug2025 21:07:16.852] [main/DEBUG] [mixin/]: Preparing mixins.ipnext.json (12)
[10Aug2025 21:07:16.852] [main/DEBUG] [mixin/]: Preparing architectury.mixins.json (9)
[10Aug2025 21:07:16.859] [main/DEBUG] [mixin/]: Preparing architectury-common.mixins.json (10)
[10Aug2025 21:07:16.866] [main/DEBUG] [net.minecraftforge.coremod.transformer.CoreModBaseTransformer/COREMOD]: Transforming net/minecraft/world/item/BucketItem
[10Aug2025 21:07:16.875] [main/DEBUG] [net.minecraftforge.coremod.transformer.CoreModBaseTransformer/COREMOD]: Transforming net/minecraft/world/entity/EntityType
[10Aug2025 21:07:16.940] [main/DEBUG] [net.minecraftforge.coremod.transformer.CoreModBaseTransformer/COREMOD]: Transforming net/minecraft/world/level/block/LiquidBlock
[10Aug2025 21:07:16.945] [main/DEBUG] [mixin/]: Preparing mixins.animal_feeding_trough.json (3)
[10Aug2025 21:07:16.948] [main/DEBUG] [mixin/]: Preparing puzzleslib.common.mixins.json (7)
[10Aug2025 21:07:16.953] [main/DEBUG] [mixin/]: Preparing puzzleslib.forge.mixins.json (13)
[10Aug2025 21:07:16.962] [main/DEBUG] [mixin/]: Preparing jadeaddons.mixins.json (3)
[10Aug2025 21:07:16.963] [main/WARN] [mixin/]: Error loading class: com/simibubi/create/content/equipment/armor/BacktankBlockEntity (java.lang.ClassNotFoundException: com.simibubi.create.content.equipment.armor.BacktankBlockEntity)
[10Aug2025 21:07:16.964] [main/WARN] [mixin/]: @Mixin target com.simibubi.create.content.equipment.armor.BacktankBlockEntity was not found jadeaddons.mixins.json:create.BacktankBlockEntityAccess
[10Aug2025 21:07:16.964] [main/DEBUG] [mixin/]: Preparing expandability.mixins.json (4)
[10Aug2025 21:07:16.965] [main/DEBUG] [mixin/]: Preparing expandability-common.mixins.json (9)
[10Aug2025 21:07:16.968] [main/DEBUG] [mixin/]: Preparing everycomp-common.mixins.json (1)
[10Aug2025 21:07:16.971] [main/DEBUG] [mixin/]: Preparing trade_cycling.mixins.json (3)
[10Aug2025 21:07:17.020] [main/DEBUG] [mixin/]: Inner class glitchcore/forge/mixin/impl/MixinPacketHandler$1 in glitchcore/forge/mixin/impl/MixinPacketHandler on glitchcore/network/PacketHandler gets unique name glitchcore/network/PacketHandler$Anonymous$9e66c361ad5d4e06b905ec202da11b3e
[10Aug2025 21:07:17.061] [main/DEBUG] [mixin/]: Inner class net/mehvahdjukaar/supplementaries/mixins/forge/self/SelfFlammableFluidBlockMixin$1 in net/mehvahdjukaar/supplementaries/mixins/forge/self/SelfFlammableFluidBlockMixin on net/mehvahdjukaar/supplementaries/common/fluids/FlammableLiquidBlock gets unique name net/mehvahdjukaar/supplementaries/common/fluids/FlammableLiquidBlock$Anonymous$1c2251eb55a2444a9e363e82e0bce459
[10Aug2025 21:07:17.115] [main/DEBUG] [mixin/]: Prepared 340 mixins in 1.899 sec (5.6ms avg) (0ms load, 0ms transform, 0ms plugin)
[10Aug2025 21:07:17.128] [main/INFO] [MixinExtras|Service/]: Initializing MixinExtras via com.llamalad7.mixinextras.service.MixinExtrasServiceImpl(version=0.4.1).
[10Aug2025 21:07:17.130] [main/DEBUG] [mixin/]: Registering new injector for @SugarWrapper with com.llamalad7.mixinextras.sugar.impl.SugarWrapperInjectionInfo
[10Aug2025 21:07:17.130] [main/DEBUG] [mixin/]: Registering new injector for @FactoryRedirectWrapper with com.llamalad7.mixinextras.wrapper.factory.FactoryRedirectWrapperInjectionInfo
[10Aug2025 21:07:17.134] [main/DEBUG] [mixin/]: Mixing MinecraftServerMixin from balm.mixins.json into net.minecraft.server.MinecraftServer
[10Aug2025 21:07:17.141] [main/DEBUG] [mixin/]: Renaming synthetic method lambda$reloadResources$0(Ljava/lang/Void;)V to md81b027$lambda$reloadResources$0$0 in balm.mixins.json:MinecraftServerMixin
[10Aug2025 21:07:17.152] [main/DEBUG] [mixin/]: Mixing MinecraftServerMixin from ru.mixin.json into net.minecraft.server.MinecraftServer
[10Aug2025 21:07:17.221] [main/DEBUG] [mixin/]: Mixing GameTestServerMixin from lionfishapi.mixins.json into net.minecraft.gametest.framework.GameTestServer
[10Aug2025 21:07:17.229] [main/DEBUG] [mixin/]: Mixing DedicatedServerMixin from lionfishapi.mixins.json into net.minecraft.server.dedicated.DedicatedServer
[10Aug2025 21:07:17.230] [main/DEBUG] [mixin/]: Mixing DedicatedServerMixin from tombstone.mixins.json into net.minecraft.server.dedicated.DedicatedServer
[10Aug2025 21:07:17.261] [main/DEBUG] [io.netty.util.internal.logging.InternalLoggerFactory/]: Using SLF4J as the default logging framework
[10Aug2025 21:07:17.264] [main/DEBUG] [io.netty.util.ResourceLeakDetector/]: -Dio.netty.leakDetection.level: simple
[10Aug2025 21:07:17.264] [main/DEBUG] [io.netty.util.ResourceLeakDetector/]: -Dio.netty.leakDetection.targetRecords: 4
[10Aug2025 21:07:17.433] [main/DEBUG] [oshi.util.FileUtil/]: No oshi.properties file found from ClassLoader cpw.mods.modlauncher.TransformingClassLoader@481558ce
[10Aug2025 21:07:17.434] [main/DEBUG] [oshi.util.FileUtil/]: No oshi.properties file found from ClassLoader jdk.internal.loader.ClassLoaders$AppClassLoader@76ed5528
[10Aug2025 21:07:17.480] [main/DEBUG] [oshi.util.FileUtil/]: Reading file /proc/self/auxv
[10Aug2025 21:07:17.480] [main/DEBUG] [oshi.util.FileUtil/]: Reading file /proc/self/auxv
[10Aug2025 21:07:17.485] [main/DEBUG] [oshi.util.FileUtil/]: Reading file /proc/stat
[10Aug2025 21:07:17.492] [main/DEBUG] [oshi.util.FileUtil/]: Reading file /sys/devices/system/cpu/cpu0/topology/core_id
[10Aug2025 21:07:17.492] [main/DEBUG] [oshi.util.FileUtil/]: Reading file /sys/devices/system/cpu/cpu0/topology/core_id
[10Aug2025 21:07:17.492] [main/DEBUG] [oshi.util.FileUtil/]: Reading file /sys/devices/system/cpu/cpu0/topology/physical_package_id
[10Aug2025 21:07:17.492] [main/DEBUG] [oshi.util.FileUtil/]: Reading file /sys/devices/system/cpu/cpu0/topology/physical_package_id
[10Aug2025 21:07:17.492] [main/DEBUG] [oshi.util.FileUtil/]: Reading file /sys/devices/system/cpu/cpu0/cpu_capacity
[10Aug2025 21:07:17.494] [main/DEBUG] [oshi.util.FileUtil/]: Reading file /sys/devices/system/cpu/cpu1/topology/core_id
[10Aug2025 21:07:17.494] [main/DEBUG] [oshi.util.FileUtil/]: Reading file /sys/devices/system/cpu/cpu1/topology/core_id
[10Aug2025 21:07:17.494] [main/DEBUG] [oshi.util.FileUtil/]: Reading file /sys/devices/system/cpu/cpu1/topology/physical_package_id
[10Aug2025 21:07:17.494] [main/DEBUG] [oshi.util.FileUtil/]: Reading file /sys/devices/system/cpu/cpu1/topology/physical_package_id
[10Aug2025 21:07:17.494] [main/DEBUG] [oshi.util.FileUtil/]: Reading file /sys/devices/system/cpu/cpu1/cpu_capacity
[10Aug2025 21:07:17.494] [main/DEBUG] [oshi.util.FileUtil/]: Reading file /sys/devices/system/cpu/cpu2/topology/core_id
[10Aug2025 21:07:17.494] [main/DEBUG] [oshi.util.FileUtil/]: Reading file /sys/devices/system/cpu/cpu2/topology/core_id
[10Aug2025 21:07:17.495] [main/DEBUG] [oshi.util.FileUtil/]: Reading file /sys/devices/system/cpu/cpu2/topology/physical_package_id
[10Aug2025 21:07:17.495] [main/DEBUG] [oshi.util.FileUtil/]: Reading file /sys/devices/system/cpu/cpu2/topology/physical_package_id
[10Aug2025 21:07:17.495] [main/DEBUG] [oshi.util.FileUtil/]: Reading file /sys/devices/system/cpu/cpu2/cpu_capacity
[10Aug2025 21:07:17.495] [main/DEBUG] [oshi.util.FileUtil/]: Reading file /sys/devices/system/cpu/cpu3/topology/core_id
[10Aug2025 21:07:17.495] [main/DEBUG] [oshi.util.FileUtil/]: Reading file /sys/devices/system/cpu/cpu3/topology/core_id
[10Aug2025 21:07:17.496] [main/DEBUG] [oshi.util.FileUtil/]: Reading file /sys/devices/system/cpu/cpu3/topology/physical_package_id
[10Aug2025 21:07:17.496] [main/DEBUG] [oshi.util.FileUtil/]: Reading file /sys/devices/system/cpu/cpu3/topology/physical_package_id
[10Aug2025 21:07:17.496] [main/DEBUG] [oshi.util.FileUtil/]: Reading file /sys/devices/system/cpu/cpu3/cpu_capacity
[10Aug2025 21:07:17.497] [main/DEBUG] [oshi.util.FileUtil/]: Reading file /proc/cpuinfo
[10Aug2025 21:07:17.507] [main/DEBUG] [oshi.util.FileUtil/]: Reading file /proc/self/auxv
[10Aug2025 21:07:17.510] [main/DEBUG] [oshi.util.FileUtil/]: No oshi.architecture.properties file found from ClassLoader cpw.mods.modlauncher.TransformingClassLoader@481558ce
[10Aug2025 21:07:17.510] [main/DEBUG] [oshi.util.FileUtil/]: No oshi.architecture.properties file found from ClassLoader jdk.internal.loader.ClassLoaders$AppClassLoader@76ed5528
[10Aug2025 21:07:17.527] [main/DEBUG] [oshi.util.FileUtil/]: Reading file /proc/meminfo
[10Aug2025 21:07:17.527] [main/DEBUG] [oshi.util.FileUtil/]: Reading file /proc/meminfo
[10Aug2025 21:07:17.571] [main/DEBUG] [mixin/]: Mixing MixinBuiltInRegistries from terrablender.mixins.json into net.minecraft.core.registries.BuiltInRegistries
[10Aug2025 21:07:17.571] [main/DEBUG] [mixin/]: Renaming synthetic method lambda$registerSimple$0(Lnet/minecraft/core/registries/BuiltInRegistries$RegistryBootstrap;Lnet/minecraft/core/Registry;)Ljava/lang/Object; to md81b027$lambda$registerSimple$0$0 in terrablender.mixins.json:MixinBuiltInRegistries
[10Aug2025 21:07:17.633] [main/DEBUG] [mixin/]: Mixing inject.MixinGameEvent from architectury-common.mixins.json into net.minecraft.world.level.gameevent.GameEvent
[10Aug2025 21:07:17.657] [main/DEBUG] [mixin/]: Mixing accessor.ForgeRegistryForgeAccessor from puzzleslib.forge.mixins.json into net.minecraftforge.registries.ForgeRegistry
[10Aug2025 21:07:17.679] [main/DEBUG] [mixin/]: Mixing inject.MixinBlock from architectury-common.mixins.json into net.minecraft.world.level.block.Block
[10Aug2025 21:07:17.679] [main/DEBUG] [mixin/]: Mixing accessor.BlockAccessor from puzzleslib.common.mixins.json into net.minecraft.world.level.block.Block
[10Aug2025 21:07:17.692] [main/DEBUG] [mixin/]: Mixing LootTablesHackMixin from everycomp-common.mixins.json into net.minecraft.world.level.block.state.BlockBehaviour
[10Aug2025 21:07:17.726] [main/DEBUG] [mixin/]: Mixing fluidcollision.BlockStateBaseMixin from expandability-common.mixins.json into net.minecraft.world.level.block.state.BlockBehaviour$BlockStateBase
[10Aug2025 21:07:17.769] [main/DEBUG] [mixin/]: Mixing item.umbrella.EntityMixin from mixins.artifacts.common.json into net.minecraft.world.entity.Entity
[10Aug2025 21:07:17.773] [main/DEBUG] [mixin/]: Mixing item.wearable.aquadashers.EntityMixin from mixins.artifacts.common.json into net.minecraft.world.entity.Entity
[10Aug2025 21:07:17.802] [main/DEBUG] [mixin/]: Mixing EntityMixin from balm.mixins.json into net.minecraft.world.entity.Entity
[10Aug2025 21:07:17.806] [main/DEBUG] [mixin/]: Mixing EntityMixin from carryon.mixins.json into net.minecraft.world.entity.Entity
[10Aug2025 21:07:17.823] [main/DEBUG] [mixin/]: Mixing EntityMixin from supplementaries-common.mixins.json into net.minecraft.world.entity.Entity
[10Aug2025 21:07:17.826] [main/DEBUG] [mixin/]: Mixing EntityMixin from lionfishapi.mixins.json into net.minecraft.world.entity.Entity
[10Aug2025 21:07:17.849] [main/DEBUG] [mixin/]: Mixing AccessorEntity from curios.mixins.json into net.minecraft.world.entity.Entity
[10Aug2025 21:07:17.851] [main/DEBUG] [mixin/]: Mixing EntityMixin from tombstone.mixins.json into net.minecraft.world.entity.Entity
[10Aug2025 21:07:17.861] [main/DEBUG] [mixin/]: Mixing swimming.EntityMixin from expandability.mixins.json into net.minecraft.world.entity.Entity
[10Aug2025 21:07:17.867] [main/DEBUG] [mixin/]: Mixing swimming.EntityMixin from expandability-common.mixins.json into net.minecraft.world.entity.Entity
[10Aug2025 21:07:18.007] [main/DEBUG] [mixin/]: Mixing accessors.LivingEntityAccessor from mixins.artifacts.common.json into net.minecraft.world.entity.LivingEntity
[10Aug2025 21:07:18.007] [main/DEBUG] [mixin/]: Mixing item.hurtsound.LivingEntityMixin from mixins.artifacts.common.json into net.minecraft.world.entity.LivingEntity
[10Aug2025 21:07:18.012] [main/DEBUG] [mixin/]: Mixing item.wearable.chorustotem.LivingEntityMixin from mixins.artifacts.common.json into net.minecraft.world.entity.LivingEntity
[10Aug2025 21:07:18.044] [main/DEBUG] [mixin/]: Mixing item.wearable.snowshoes.LivingEntityMixin from mixins.artifacts.forge.json into net.minecraft.world.entity.LivingEntity
[10Aug2025 21:07:18.048] [main/DEBUG] [mixin/]: Mixing LivingEntityAccessor from supplementaries-common.mixins.json into net.minecraft.world.entity.LivingEntity
[10Aug2025 21:07:18.084] [main/DEBUG] [mixin/]: Mixing LivingEntityMixin from supplementaries-common.mixins.json into net.minecraft.world.entity.LivingEntity
[10Aug2025 21:07:18.102] [main/DEBUG] [net.minecraftforge.coremod.transformer.CoreModBaseTransformer/COREMOD]: Transforming net/minecraft/world/effect/MobEffectInstance
[10Aug2025 21:07:18.116] [main/DEBUG] [mixin/]: Mixing LivingEntityMixin from supplementaries.mixins.json into net.minecraft.world.entity.LivingEntity
[10Aug2025 21:07:18.119] [main/DEBUG] [mixin/]: Mixing LivingEntityMixin from cataclysm.mixins.json into net.minecraft.world.entity.LivingEntity
[10Aug2025 21:07:18.122] [main/DEBUG] [mixin/]: Mixing MixinLivingEntity from curios.mixins.json into net.minecraft.world.entity.LivingEntity
[10Aug2025 21:07:18.124] [main/DEBUG] [mixin/]: Mixing LivingEntityMixin from tombstone.mixins.json into net.minecraft.world.entity.LivingEntity
[10Aug2025 21:07:18.137] [main/DEBUG] [mixin/]: Mixing swimming.LivingEntityMixin from expandability.mixins.json into net.minecraft.world.entity.LivingEntity
[10Aug2025 21:07:18.140] [main/DEBUG] [mixin/]: Mixing swimming.LivingEntityMixin from expandability-common.mixins.json into net.minecraft.world.entity.LivingEntity
[10Aug2025 21:07:18.288] [main/DEBUG] [mixin/]: Mixing MixinServerLevel from glitchcore.mixins.json into net.minecraft.server.level.ServerLevel
[10Aug2025 21:07:18.290] [main/DEBUG] [mixin/]: Mixing ServerLevelMixin from supplementaries-common.mixins.json into net.minecraft.server.level.ServerLevel
[10Aug2025 21:07:18.297] [main/DEBUG] [mixin/]: Renaming synthetic method lambda$unluckyLightning$0(Lnet/minecraft/world/entity/LivingEntity;)Z to md81b027$lambda$unluckyLightning$0$0 in supplementaries-common.mixins.json:ServerLevelMixin
[10Aug2025 21:07:18.308] [main/DEBUG] [mixin/]: Mixing ServerLevelMixin from moonlight-common.mixins.json into net.minecraft.server.level.ServerLevel
[10Aug2025 21:07:18.308] [main/DEBUG] [mixin/]: Discarding sythetic bridge method synthetic in m_6325_ because existing method in moonlight-common.mixins.json:ServerLevelMixin is compatible
[10Aug2025 21:07:18.366] [main/DEBUG] [mixin/]: Mixing ItemMixin from cataclysm.mixins.json into net.minecraft.world.entity.item.ItemEntity
[10Aug2025 21:07:18.378] [main/DEBUG] [mixin/]: Mixing accessor.PlayerAccessor from easymagic.common.mixins.json into net.minecraft.world.entity.player.Player
[10Aug2025 21:07:18.379] [main/DEBUG] [mixin/]: Mixing PlayerMixin from mixins.travelersbackpack.json into net.minecraft.world.entity.player.Player
[10Aug2025 21:07:18.384] [main/DEBUG] [mixin/]: Mixing PlayerMixin from carryon.mixins.json into net.minecraft.world.entity.player.Player
[10Aug2025 21:07:18.387] [main/DEBUG] [mixin/]: Mixing PlayerMixin from supplementaries-common.mixins.json into net.minecraft.world.entity.player.Player
[10Aug2025 21:07:18.388] [main/DEBUG] [mixin/]: Mixing PlayerProjectileMixin from supplementaries.mixins.json into net.minecraft.world.entity.player.Player
[10Aug2025 21:07:18.391] [main/DEBUG] [mixin/]: Mixing swimming.PlayerMixin from expandability-common.mixins.json into net.minecraft.world.entity.player.Player
[10Aug2025 21:07:18.454] [main/DEBUG] [mixin/]: Mixing inject.MixinFluid from architectury-common.mixins.json into net.minecraft.world.level.material.Fluid
[10Aug2025 21:07:18.459] [main/DEBUG] [mixin/]: Mixing ItemMixin from moonlight-common.mixins.json into net.minecraft.world.item.Item
[10Aug2025 21:07:18.462] [main/DEBUG] [mixin/]: Mixing ItemMixin from tombstone.mixins.json into net.minecraft.world.item.Item
[10Aug2025 21:07:18.463] [main/DEBUG] [mixin/]: Renaming synthetic method lambda$methodIsFoil$1(Lnet/minecraft/world/item/ItemStack;Lovh/corail/tombstone/api/capability/ISoulConsumer;)Ljava/lang/Boolean; to md81b027$lambda$methodIsFoil$1$0 in tombstone.mixins.json:ItemMixin
[10Aug2025 21:07:18.463] [main/DEBUG] [mixin/]: Renaming synthetic method lambda$methodGetName$0(Lnet/minecraft/world/item/ItemStack;Lovh/corail/tombstone/api/capability/ISoulConsumer;)Ljava/lang/Boolean; to md81b027$lambda$methodGetName$0$1 in tombstone.mixins.json:ItemMixin
[10Aug2025 21:07:18.483] [main/DEBUG] [mixin/]: Mixing inject.MixinItem from architectury-common.mixins.json into net.minecraft.world.item.Item
[10Aug2025 21:07:18.509] [main/DEBUG] [net.minecraftforge.coremod.transformer.CoreModBaseTransformer/COREMOD]: Transforming net/minecraft/world/entity/EntityType
[10Aug2025 21:07:18.565] [main/DEBUG] [mixin/]: Mixing inject.MixinEntityType from architectury-common.mixins.json into net.minecraft.world.entity.EntityType
[10Aug2025 21:07:18.600] [main/DEBUG] [mixin/]: Mixing PoiMixin from moonlight-common.mixins.json into net.minecraft.world.entity.ai.village.poi.PoiType
[10Aug2025 21:07:18.617] [main/DEBUG] [mixin/]: Mixing KeepRichSoilGiantTreeMixin from farmersdelight.mixins.json into net.minecraft.world.level.levelgen.feature.Feature
[10Aug2025 21:07:18.617] [main/DEBUG] [mixin/]: Renaming synthetic method lambda$keepRichSoil$0(Lnet/minecraft/world/level/block/state/BlockState;)Z to md81b027$lambda$keepRichSoil$0$0 in farmersdelight.mixins.json:KeepRichSoilGiantTreeMixin
[10Aug2025 21:07:18.654] [main/DEBUG] [mixin/]: Mixing FireBlockMixin from supplementaries-common.mixins.json into net.minecraft.world.level.block.FireBlock
[10Aug2025 21:07:18.661] [main/DEBUG] [mixin/]: Mixing FireBlockAccessor from supplementaries.mixins.json into net.minecraft.world.level.block.FireBlock
[10Aug2025 21:07:18.661] [main/DEBUG] [mixin/]: Mixing FireBlockMixin from moonlight.mixins.json into net.minecraft.world.level.block.FireBlock
[10Aug2025 21:07:18.664] [main/DEBUG] [mixin/]: Mixing accessor.FireBlockForgeAccessor from puzzleslib.forge.mixins.json into net.minecraft.world.level.block.FireBlock
[10Aug2025 21:07:18.863] [main/DEBUG] [mixin/]: Mixing BlocksMixin from amendments-common.mixins.json into net.minecraft.world.level.block.Blocks
[10Aug2025 21:07:18.909] [main/DEBUG] [net.minecraftforge.coremod.transformer.CoreModBaseTransformer/COREMOD]: Transforming net/minecraft/world/level/block/LiquidBlock
[10Aug2025 21:07:18.910] [main/DEBUG] [mixin/]: Mixing inject.MixinLiquidBlock from architectury-common.mixins.json into net.minecraft.world.level.block.LiquidBlock
[10Aug2025 21:07:18.921] [main/DEBUG] [mixin/]: Mixing CuttingBoardDispenserMixin from farmersdelight.mixins.json into net.minecraft.world.level.block.DispenserBlock
[10Aug2025 21:07:18.924] [main/DEBUG] [mixin/]: Mixing accessor.DispenserBlockAccessor from moonlight-common.mixins.json into net.minecraft.world.level.block.DispenserBlock
[10Aug2025 21:07:18.924] [main/DEBUG] [mixin/]: Renaming @Accessor method getDispenserRegistry()Ljava/util/Map; to getDispenserRegistry_$md$81b027$0 in moonlight-common.mixins.json:accessor.DispenserBlockAccessor
[10Aug2025 21:07:18.948] [main/DEBUG] [net.minecraftforge.coremod.transformer.CoreModBaseTransformer/COREMOD]: Transforming net/minecraft/world/level/block/StairBlock
[10Aug2025 21:07:18.954] [main/DEBUG] [mixin/]: Mixing ChestBlockMixin from tombstone.mixins.json into net.minecraft.world.level.block.ChestBlock
[10Aug2025 21:07:18.966] [main/DEBUG] [mixin/]: Mixing CropBlockMixin from balm.mixins.json into net.minecraft.world.level.block.CropBlock
[10Aug2025 21:07:18.967] [main/DEBUG] [mixin/]: Mixing CropPlacerMixin from ru.mixin.json into net.minecraft.world.level.block.CropBlock
[10Aug2025 21:07:18.981] [main/DEBUG] [mixin/]: Mixing KeepRichSoilUntrampledMixin from farmersdelight.mixins.json into net.minecraft.world.level.block.FarmBlock
[10Aug2025 21:07:18.993] [main/DEBUG] [mixin/]: Mixing CeilingHangingSignBlockMixin from amendments-common.mixins.json into net.minecraft.world.level.block.CeilingHangingSignBlock
[10Aug2025 21:07:18.993] [main/DEBUG] [mixin/]: Renaming synthetic method lambda$amendments$swingSign$0(Lnet/minecraft/world/level/block/entity/BlockEntityTicker;Lnet/minecraft/world/level/Level;Lnet/minecraft/core/BlockPos;Lnet/minecraft/world/level/block/state/BlockState;Lnet/minecraft/world/level/block/entity/BlockEntity;)V to md81b027$lambda$amendments$swingSign$0$0 in amendments-common.mixins.json:CeilingHangingSignBlockMixin
[10Aug2025 21:07:19.021] [main/DEBUG] [mixin/]: Mixing CeilingHangingSignBlockMixin from amendments-common.mixins.json into net.minecraft.world.level.block.WallHangingSignBlock
[10Aug2025 21:07:19.027] [main/DEBUG] [mixin/]: Mixing WallHangingSignBlockMixin from amendments-common.mixins.json into net.minecraft.world.level.block.WallHangingSignBlock
[10Aug2025 21:07:19.052] [main/DEBUG] [mixin/]: Mixing JukeboxBlockMixin from amendments-common.mixins.json into net.minecraft.world.level.block.JukeboxBlock
[10Aug2025 21:07:19.056] [main/DEBUG] [mixin/]: Mixing FenceBlockMixin from amendments-common.mixins.json into net.minecraft.world.level.block.FenceBlock
[10Aug2025 21:07:19.064] [main/DEBUG] [mixin/]: Mixing NetherrackBlockMixin from ru.mixin.json into net.minecraft.world.level.block.NetherrackBlock
[10Aug2025 21:07:19.079] [main/DEBUG] [mixin/]: Mixing IronBarsBlockMixin from supplementaries-common.mixins.json into net.minecraft.world.level.block.IronBarsBlock
[10Aug2025 21:07:19.087] [main/DEBUG] [mixin/]: Mixing StemBlockMixin from balm.mixins.json into net.minecraft.world.level.block.StemBlock
[10Aug2025 21:07:19.090] [main/DEBUG] [mixin/]: Mixing VineMixin from amendments-common.mixins.json into net.minecraft.world.level.block.VineBlock
[10Aug2025 21:07:19.097] [main/DEBUG] [mixin/]: Mixing WaterLilyMixin from amendments-common.mixins.json into net.minecraft.world.level.block.WaterlilyBlock
[10Aug2025 21:07:19.106] [main/DEBUG] [mixin/]: Mixing EnchantmentTableBlockMixin from easymagic.common.mixins.json into net.minecraft.world.level.block.EnchantmentTableBlock
[10Aug2025 21:07:19.123] [main/DEBUG] [mixin/]: Mixing CauldronBlockMixin from amendments-common.mixins.json into net.minecraft.world.level.block.CauldronBlock
[10Aug2025 21:07:19.127] [main/DEBUG] [mixin/]: Mixing AbstractCauldronBlockMixin from amendments-common.mixins.json into net.minecraft.world.level.block.AbstractCauldronBlock
[10Aug2025 21:07:19.134] [main/DEBUG] [mixin/]: Mixing LavaCauldronMixin from amendments-common.mixins.json into net.minecraft.world.level.block.LavaCauldronBlock
[10Aug2025 21:07:19.147] [main/DEBUG] [net.minecraftforge.coremod.transformer.CoreModBaseTransformer/COREMOD]: Transforming net/minecraft/world/level/block/FlowerPotBlock
[10Aug2025 21:07:19.147] [main/DEBUG] [mixin/]: Mixing FlowerPotBlockMixin from amendments-common.mixins.json into net.minecraft.world.level.block.FlowerPotBlock
[10Aug2025 21:07:19.152] [main/DEBUG] [mixin/]: Mixing SkullBlockMixin from amendments-common.mixins.json into net.minecraft.world.level.block.SkullBlock
[10Aug2025 21:07:19.169] [main/DEBUG] [mixin/]: Mixing AbstractSkullBlockMixin from amendments-common.mixins.json into net.minecraft.world.level.block.AbstractSkullBlock
[10Aug2025 21:07:19.172] [main/DEBUG] [mixin/]: Mixing SkullBlockMixin from amendments-common.mixins.json into net.minecraft.world.level.block.WallSkullBlock
[10Aug2025 21:07:19.190] [main/DEBUG] [mixin/]: Mixing AnvilBlockMixin from easyanvils.common.mixins.json into net.minecraft.world.level.block.AnvilBlock
[10Aug2025 21:07:19.203] [main/DEBUG] [mixin/]: Mixing ComparatorBlockMixin from supplementaries-common.mixins.json into net.minecraft.world.level.block.ComparatorBlock
[10Aug2025 21:07:19.224] [main/DEBUG] [mixin/]: Mixing ObserverBlockMixin from supplementaries-common.mixins.json into net.minecraft.world.level.block.ObserverBlock
[10Aug2025 21:07:19.241] [main/DEBUG] [mixin/]: Mixing reinforced.BubbleColumnBlockMixin from securitycraft.mixins.json into net.minecraft.world.level.block.BubbleColumnBlock
[10Aug2025 21:07:19.250] [main/DEBUG] [mixin/]: Mixing swimming.BubbleColumnBlockMixin from expandability-common.mixins.json into net.minecraft.world.level.block.BubbleColumnBlock
[10Aug2025 21:07:19.261] [main/DEBUG] [mixin/]: Mixing LecternBlockMixin from amendments-common.mixins.json into net.minecraft.world.level.block.LecternBlock
[10Aug2025 21:07:19.266] [main/DEBUG] [mixin/]: Mixing BellMixin from amendments-common.mixins.json into net.minecraft.world.level.block.BellBlock
[10Aug2025 21:07:19.277] [main/DEBUG] [mixin/]: Mixing LanternBlockPlacementMixin from amendments-common.mixins.json into net.minecraft.world.level.block.LanternBlock
[10Aug2025 21:07:19.280] [main/DEBUG] [mixin/]: Mixing CampfireBlockMixin from supplementaries-common.mixins.json into net.minecraft.world.level.block.CampfireBlock
[10Aug2025 21:07:19.281] [main/DEBUG] [mixin/]: Mixing CampfireBaleMixin from farmersdelight.mixins.json into net.minecraft.world.level.block.CampfireBlock
[10Aug2025 21:07:19.301] [main/DEBUG] [mixin/]: Mixing MixinPowderSnowBlock from curios.mixins.json into net.minecraft.world.level.block.PowderSnowBlock
[10Aug2025 21:07:19.327] [main/DEBUG] [mixin/]: Mixing BlockBehaviourMixin from mowziesmobs.mixins.json into net.minecraft.world.level.block.state.BlockBehaviour$Properties
[10Aug2025 21:07:19.425] [main/DEBUG] [mixin/]: Mixing BlockEntityMixin from collective_forge.mixins.json into net.minecraft.world.level.block.entity.BlockEntity
[10Aug2025 21:07:19.434] [main/DEBUG] [mixin/]: Mixing BrushableBlockEntityMixin from tombstone.mixins.json into net.minecraft.world.level.block.entity.BrushableBlockEntity
[10Aug2025 21:07:19.447] [main/DEBUG] [mixin/]: Mixing FallingBlockEntityMixin from supplementaries-common.mixins.json into net.minecraft.world.entity.item.FallingBlockEntity
[10Aug2025 21:07:19.448] [main/DEBUG] [mixin/]: Mixing MixinFallingBlockEntity from architectury.mixins.json into net.minecraft.world.entity.item.FallingBlockEntity
[10Aug2025 21:07:19.510] [main/DEBUG] [mixin/]: Mixing accessor.DispenserBlockEntityAccessor from moonlight-common.mixins.json into net.minecraft.world.level.block.entity.DispenserBlockEntity
[10Aug2025 21:07:19.665] [main/DEBUG] [mixin/]: Mixing PistonBlockEntityMixin from moonlight-common.mixins.json into net.minecraft.world.level.block.piston.PistonMovingBlockEntity
[10Aug2025 21:07:19.691] [main/DEBUG] [mixin/]: Mixing KeepRichSoilTreeMixin from farmersdelight.mixins.json into net.minecraft.world.level.levelgen.feature.trunkplacers.TrunkPlacer
[10Aug2025 21:07:19.691] [main/DEBUG] [mixin/]: Renaming synthetic method lambda$cancelSetDirtIfRichSoil$0(Lnet/minecraft/world/level/block/state/BlockState;)Z to md81b027$lambda$cancelSetDirtIfRichSoil$0$0 in farmersdelight.mixins.json:KeepRichSoilTreeMixin
[10Aug2025 21:07:19.691] [main/DEBUG] [mixin/]: Mixing TrunkPlacerDirtMixin from ru.mixin.json into net.minecraft.world.level.levelgen.feature.trunkplacers.TrunkPlacer
[10Aug2025 21:07:19.691] [main/DEBUG] [mixin/]: Renaming synthetic method lambda$isAlphaGrass$2(Lnet/minecraft/world/level/block/state/BlockState;)Z to md81b027$lambda$isAlphaGrass$2$1 in ru.mixin.json:TrunkPlacerDirtMixin
[10Aug2025 21:07:19.691] [main/DEBUG] [mixin/]: Renaming synthetic method lambda$isPlainsGrass$1(Lnet/minecraft/world/level/block/state/BlockState;)Z to md81b027$lambda$isPlainsGrass$1$2 in ru.mixin.json:TrunkPlacerDirtMixin
[10Aug2025 21:07:19.691] [main/DEBUG] [mixin/]: Renaming synthetic method lambda$isForestGrass$0(Lnet/minecraft/world/level/block/state/BlockState;)Z to md81b027$lambda$isForestGrass$0$3 in ru.mixin.json:TrunkPlacerDirtMixin
[10Aug2025 21:07:19.718] [main/DEBUG] [mixin/]: Mixing ChiseledBookShelfBlockEntityMixin from easymagic.common.mixins.json into net.minecraft.world.level.block.entity.ChiseledBookShelfBlockEntity
[10Aug2025 21:07:19.872] [main/DEBUG] [mixin/]: Mixing accessor.AbstractContainerMenuAccessor from puzzleslib.common.mixins.json into net.minecraft.world.inventory.AbstractContainerMenu
[10Aug2025 21:07:19.882] [main/DEBUG] [mixin/]: Mixing SignBlockEntityMixin from amendments-common.mixins.json into net.minecraft.world.level.block.entity.SignBlockEntity
[10Aug2025 21:07:19.905] [main/DEBUG] [net.minecraftforge.coremod.transformer.CoreModBaseTransformer/COREMOD]: Transforming net/minecraft/world/item/ItemStack
[10Aug2025 21:07:19.906] [main/DEBUG] [mixin/]: Mixing MixinItemStack from glitchcore.mixins.json into net.minecraft.world.item.ItemStack
[10Aug2025 21:07:19.907] [main/DEBUG] [mixin/]: Mixing ItemStackMixin from tombstone.mixins.json into net.minecraft.world.item.ItemStack
[10Aug2025 21:07:19.913] [main/DEBUG] [mixin/]: Mixing HangingSignBlockEntityMixin from amendments-common.mixins.json into net.minecraft.world.level.block.entity.HangingSignBlockEntity
[10Aug2025 21:07:19.943] [main/DEBUG] [mixin/]: Mixing AbstractArrowMixin from supplementaries-common.mixins.json into net.minecraft.world.entity.projectile.AbstractArrow
[10Aug2025 21:07:19.952] [main/DEBUG] [mixin/]: Mixing JukeboxBlockEntityMixin from amendments-common.mixins.json into net.minecraft.world.level.block.entity.JukeboxBlockEntity
[10Aug2025 21:07:19.966] [main/DEBUG] [mixin/]: Mixing accessors.MobAccessor from mixins.artifacts.common.json into net.minecraft.world.entity.Mob
[10Aug2025 21:07:19.966] [main/DEBUG] [mixin/]: Mixing EntityMixin from moonlight-common.mixins.json into net.minecraft.world.entity.Mob
[10Aug2025 21:07:19.967] [main/DEBUG] [mixin/]: Mixing MobMixin from tombstone.mixins.json into net.minecraft.world.entity.Mob
[10Aug2025 21:07:19.967] [main/DEBUG] [mixin/]: Renaming synthetic method lambda$methodSetTarget$2(Lnet/minecraft/world/entity/LivingEntity;Ljava/util/UUID;)Ljava/lang/Boolean; to md81b027$lambda$methodSetTarget$2$0 in tombstone.mixins.json:MobMixin
[10Aug2025 21:07:19.968] [main/DEBUG] [mixin/]: Renaming synthetic method lambda$methodCanBeLeashed$1(Lnet/minecraft/world/entity/player/Player;Ljava/util/UUID;)Ljava/lang/Boolean; to md81b027$lambda$methodCanBeLeashed$1$1 in tombstone.mixins.json:MobMixin
[10Aug2025 21:07:19.968] [main/DEBUG] [mixin/]: Renaming synthetic method lambda$methodTick$0(Lnet/minecraft/world/entity/Mob;Lovh/corail/tombstone/api/capability/ISpellCaster;)V to md81b027$lambda$methodTick$0$2 in tombstone.mixins.json:MobMixin
[10Aug2025 21:07:19.999] [main/DEBUG] [mixin/]: Mixing MonsterMixin from tombstone.mixins.json into net.minecraft.world.entity.monster.Monster
[10Aug2025 21:07:20.085] [main/DEBUG] [mixin/]: Mixing accessor.EnchantmentMenuAccessor from easymagic.common.mixins.json into net.minecraft.world.inventory.EnchantmentMenu
[10Aug2025 21:07:20.091] [main/DEBUG] [mixin/]: Mixing BrewingStandMixin from amendments-common.mixins.json into net.minecraft.world.level.block.entity.BrewingStandBlockEntity
[10Aug2025 21:07:20.226] [main/DEBUG] [mixin/]: Mixing SkullBlockEntityMixin from amendments-common.mixins.json into net.minecraft.world.level.block.entity.SkullBlockEntity
[10Aug2025 21:07:20.246] [main/DEBUG] [mixin/]: Mixing accessor.AnvilMenuAccessor from easyanvils.common.mixins.json into net.minecraft.world.inventory.AnvilMenu
[10Aug2025 21:07:20.249] [main/DEBUG] [mixin/]: Mixing accessor.ItemCombinerMenuAccessor from easyanvils.common.mixins.json into net.minecraft.world.inventory.ItemCombinerMenu
[10Aug2025 21:07:20.349] [main/DEBUG] [mixin/]: Mixing ShulkerBoxBlockEntityMixin from supplementaries-common.mixins.json into net.minecraft.world.level.block.entity.ShulkerBoxBlockEntity
[10Aug2025 21:07:20.358] [main/DEBUG] [mixin/]: Mixing AnimalEntityMixin from mixins.animal_feeding_trough.json into net.minecraft.world.entity.animal.Animal
[10Aug2025 21:07:20.358] [main/DEBUG] [mixin/]: mixins.animal_feeding_trough.json:AnimalEntityMixin: Class version 61 required is higher than the class version supported by the current version of Mixin (JAVA_16 supports class version 60)
[10Aug2025 21:07:20.358] [main/DEBUG] [mixin/]: Renaming synthetic method lambda$AFTAddSelfFeedingGoal$2(Lnet/minecraft/world/entity/ai/goal/WrappedGoal;)V to md81b027$lambda$AFTAddSelfFeedingGoal$2$0 in mixins.animal_feeding_trough.json:AnimalEntityMixin
[10Aug2025 21:07:20.358] [main/DEBUG] [mixin/]: Renaming synthetic method lambda$AFTAddSelfFeedingGoal$1(Lnet/minecraft/world/entity/ai/goal/WrappedGoal;)Z to md81b027$lambda$AFTAddSelfFeedingGoal$1$1 in mixins.animal_feeding_trough.json:AnimalEntityMixin
[10Aug2025 21:07:20.359] [main/DEBUG] [mixin/]: Renaming synthetic method lambda$static$0(I)[Lnet/minecraft/world/item/ItemStack; to md81b027$lambda$static$0$2 in mixins.animal_feeding_trough.json:AnimalEntityMixin
[10Aug2025 21:07:20.543] [main/DEBUG] [mixin/]: Mixing LoomMenuMixin from supplementaries-common.mixins.json into net.minecraft.world.inventory.LoomMenu
[10Aug2025 21:07:20.550] [main/DEBUG] [mixin/]: Mixing CartographyTableMixin from supplementaries-common.mixins.json into net.minecraft.world.inventory.CartographyTableMenu
[10Aug2025 21:07:20.557] [main/DEBUG] [mixin/]: Mixing GrindstoneMenuMixin from supplementaries-common.mixins.json into net.minecraft.world.inventory.GrindstoneMenu
[10Aug2025 21:07:20.564] [main/DEBUG] [mixin/]: Mixing LecternBlockEntityMixin from amendments-common.mixins.json into net.minecraft.world.level.block.entity.LecternBlockEntity
[10Aug2025 21:07:20.566] [main/DEBUG] [mixin/]: Mixing LecternBlockEntityUpdateMixin from amendments-common.mixins.json into net.minecraft.world.level.block.entity.LecternBlockEntity
[10Aug2025 21:07:20.573] [main/DEBUG] [mixin/]: Mixing BellTileEntityMixin from amendments-common.mixins.json into net.minecraft.world.level.block.entity.BellBlockEntity
[10Aug2025 21:07:20.578] [main/DEBUG] [mixin/]: Mixing CampfireBlockEntityMixin from amendments-common.mixins.json into net.minecraft.world.level.block.entity.CampfireBlockEntity
[10Aug2025 21:07:20.681] [main/DEBUG] [mixin/]: Mixing LightningEntityMixin from moonlight-common.mixins.json into net.minecraft.world.entity.LightningBolt
[10Aug2025 21:07:20.682] [main/DEBUG] [mixin/]: Mixing MixinLightningBolt from architectury-common.mixins.json into net.minecraft.world.entity.LightningBolt
[10Aug2025 21:07:20.746] [main/DEBUG] [net.minecraftforge.coremod.transformer.CoreModBaseTransformer/COREMOD]: Transforming net/minecraft/world/entity/animal/frog/Tadpole
[10Aug2025 21:07:20.766] [main/DEBUG] [mixin/]: Mixing BlockItemMixin from moonlight-common.mixins.json into net.minecraft.world.item.BlockItem
[10Aug2025 21:07:20.766] [main/DEBUG] [mixin/]: Mixing accessor.BlockItemAccessor from puzzleslib.common.mixins.json into net.minecraft.world.item.BlockItem
[10Aug2025 21:07:20.774] [main/DEBUG] [mixin/]: Mixing boat.BoatItemMixin from securitycraft.mixins.json into net.minecraft.world.item.BoatItem
[10Aug2025 21:07:20.780] [main/DEBUG] [mixin/]: Mixing BowMixin from supplementaries-common.mixins.json into net.minecraft.world.item.BowItem
[10Aug2025 21:07:20.780] [main/DEBUG] [mixin/]: Renaming synthetic method lambda$getAllSupportedProjectiles$0(Ljava/util/function/Predicate;Lnet/minecraft/world/item/ItemStack;)Z to md81b027$lambda$getAllSupportedProjectiles$0$0 in supplementaries-common.mixins.json:BowMixin
[10Aug2025 21:07:20.782] [main/DEBUG] [mixin/]: Mixing ProjectileWeaponItemMixin from supplementaries-common.mixins.json into net.minecraft.world.item.ProjectileWeaponItem
[10Aug2025 21:07:20.786] [main/DEBUG] [mixin/]: Mixing reinforced.SwordAndShearsItemMixin from securitycraft.mixins.json into net.minecraft.world.item.SwordItem
[10Aug2025 21:07:20.791] [main/DEBUG] [mixin/]: Mixing SoupItemMixin from farmersdelight.mixins.json into net.minecraft.world.item.BowlFoodItem
[10Aug2025 21:07:20.795] [main/DEBUG] [mixin/]: Mixing PaintingItemMixin from supplementaries-common.mixins.json into net.minecraft.world.item.HangingEntityItem
[10Aug2025 21:07:20.800] [main/DEBUG] [net.minecraftforge.coremod.transformer.CoreModBaseTransformer/COREMOD]: Transforming net/minecraft/world/item/BucketItem
[10Aug2025 21:07:20.800] [main/DEBUG] [mixin/]: Mixing inject.MixinBucketItem from architectury-common.mixins.json into net.minecraft.world.item.BucketItem
[10Aug2025 21:07:20.804] [main/DEBUG] [mixin/]: Mixing MobBucketItemAccessor from supplementaries.mixins.json into net.minecraft.world.item.MobBucketItem
[10Aug2025 21:07:20.807] [main/DEBUG] [mixin/]: Mixing BundleItemMixin from tombstone.mixins.json into net.minecraft.world.item.BundleItem
[10Aug2025 21:07:20.807] [main/DEBUG] [mixin/]: Renaming synthetic method lambda$getEnchantmentLevel$0(Lnet/minecraft/world/item/ItemStack;Lovh/corail/tombstone/api/capability/ISoulConsumer;)Ljava/lang/Boolean; to md81b027$lambda$getEnchantmentLevel$0$0 in tombstone.mixins.json:BundleItemMixin
[10Aug2025 21:07:20.810] [main/DEBUG] [mixin/]: Mixing item.wearable.anglershat.FishingRodItemMixin from mixins.artifacts.common.json into net.minecraft.world.item.FishingRodItem
[10Aug2025 21:07:20.814] [main/DEBUG] [mixin/]: Mixing InkSackMixin from supplementaries-common.mixins.json into net.minecraft.world.item.InkSacItem
[10Aug2025 21:07:20.816] [main/DEBUG] [mixin/]: Mixing BoneMealItemMixin from collective_forge.mixins.json into net.minecraft.world.item.BoneMealItem
[10Aug2025 21:07:20.819] [main/DEBUG] [mixin/]: Mixing MapItemMixin from supplementaries-common.mixins.json into net.minecraft.world.item.MapItem
[10Aug2025 21:07:20.820] [main/DEBUG] [mixin/]: Renaming synthetic method lambda$updateCustomColor$3(Lorg/joml/Vector2i;)D to md81b027$lambda$updateCustomColor$3$0 in supplementaries-common.mixins.json:MapItemMixin
[10Aug2025 21:07:20.821] [main/DEBUG] [mixin/]: Renaming synthetic method lambda$updateCustomColor$2(Lorg/joml/Vector2i;)D to md81b027$lambda$updateCustomColor$2$1 in supplementaries-common.mixins.json:MapItemMixin
[10Aug2025 21:07:20.821] [main/DEBUG] [mixin/]: Renaming synthetic method lambda$removeXrayAndAddAccurateColor$1(Lnet/minecraft/core/BlockPos;Lorg/joml/Vector2i;)Lcom/mojang/datafixers/util/Pair; to md81b027$lambda$removeXrayAndAddAccurateColor$1$2 in supplementaries-common.mixins.json:MapItemMixin
[10Aug2025 21:07:20.821] [main/DEBUG] [mixin/]: Renaming synthetic method lambda$removeXrayAndAddAccurateColor$0(Lorg/joml/Vector2i;)Ljava/util/List; to md81b027$lambda$removeXrayAndAddAccurateColor$0$3 in supplementaries-common.mixins.json:MapItemMixin
[10Aug2025 21:07:20.830] [main/DEBUG] [mixin/]: Mixing MapItemMixin from moonlight-common.mixins.json into net.minecraft.world.item.MapItem
[10Aug2025 21:07:20.831] [main/DEBUG] [mixin/]: Renaming synthetic method lambda$update$1(Lnet/minecraft/world/level/saveddata/maps/MapItemSavedData;Lnet/minecraft/world/entity/Entity;Ljava/util/concurrent/atomic/AtomicBoolean;Lnet/minecraft/resources/ResourceLocation;Lnet/mehvahdjukaar/moonlight/api/map/CustomMapData;)V to md81b027$lambda$update$1$4 in moonlight-common.mixins.json:MapItemMixin
[10Aug2025 21:07:20.831] [main/DEBUG] [mixin/]: Renaming synthetic method lambda$appendHoverText$0(Lnet/minecraft/world/level/saveddata/maps/MapItemSavedData;Lnet/minecraft/world/item/ItemStack;Ljava/util/List;Lnet/minecraft/resources/ResourceLocation;Lnet/mehvahdjukaar/moonlight/api/map/CustomMapData;)V to md81b027$lambda$appendHoverText$0$5 in moonlight-common.mixins.json:MapItemMixin
[10Aug2025 21:07:20.850] [main/DEBUG] [mixin/]: Mixing ShearItemMixin from moonlight-common.mixins.json into net.minecraft.world.item.ShearsItem
[10Aug2025 21:07:20.851] [main/DEBUG] [mixin/]: Mixing MixinShearsItem from curios.mixins.json into net.minecraft.world.item.ShearsItem
[10Aug2025 21:07:20.851] [main/DEBUG] [mixin/]: Mixing reinforced.SwordAndShearsItemMixin from securitycraft.mixins.json into net.minecraft.world.item.ShearsItem
[10Aug2025 21:07:20.855] [main/DEBUG] [mixin/]: Mixing PotionItemMixin from tombstone.mixins.json into net.minecraft.world.item.PotionItem
[10Aug2025 21:07:20.855] [main/DEBUG] [mixin/]: Renaming synthetic method lambda$methodFinishUsingItemReturn$1(Lnet/minecraft/world/entity/LivingEntity;Lovh/corail/tombstone/api/capability/ITBCapability;)V to md81b027$lambda$methodFinishUsingItemReturn$1$0 in tombstone.mixins.json:PotionItemMixin
[10Aug2025 21:07:20.856] [main/DEBUG] [mixin/]: Renaming synthetic method lambda$effectList$0(Lnet/minecraft/world/effect/MobEffectInstance;)Ljava/lang/Integer; to md81b027$lambda$effectList$0$1 in tombstone.mixins.json:PotionItemMixin
[10Aug2025 21:07:20.857] [main/DEBUG] [mixin/]: Mixing PotionTooltipMixin from amendments-common.mixins.json into net.minecraft.world.item.PotionItem
[10Aug2025 21:07:20.870] [main/DEBUG] [mixin/]: Mixing reinforced.WritableAndWrittenBookItemMixin from securitycraft.mixins.json into net.minecraft.world.item.WritableBookItem
[10Aug2025 21:07:20.873] [main/DEBUG] [mixin/]: Mixing reinforced.WritableAndWrittenBookItemMixin from securitycraft.mixins.json into net.minecraft.world.item.WrittenBookItem
[10Aug2025 21:07:20.885] [main/DEBUG] [mixin/]: Mixing CrossbowItemRopeMixin from supplementaries-common.mixins.json into net.minecraft.world.item.CrossbowItem
[10Aug2025 21:07:20.889] [main/DEBUG] [mixin/]: Mixing BannerPatternItemMixin from supplementaries-common.mixins.json into net.minecraft.world.item.BannerPatternItem
[10Aug2025 21:07:20.892] [main/DEBUG] [mixin/]: Mixing BrushItemMixin from supplementaries-common.mixins.json into net.minecraft.world.item.BrushItem
[10Aug2025 21:07:20.892] [main/DEBUG] [mixin/]: Mixing suspiciousmines.BrushItemMixin from securitycraft.mixins.json into net.minecraft.world.item.BrushItem
[10Aug2025 21:07:20.893] [main/DEBUG] [mixin/]: Renaming synthetic method lambda$securitycraft$checkForSuspiciousMine$1(Lnet/minecraft/world/entity/player/Player;)V to md81b027$lambda$securitycraft$checkForSuspiciousMine$1$0 in securitycraft.mixins.json:suspiciousmines.BrushItemMixin
[10Aug2025 21:07:20.893] [main/DEBUG] [mixin/]: Renaming synthetic method lambda$securitycraft$makeSuspiciousMinesBrushablePartTwo$0(Lnet/minecraft/world/entity/Entity;)Z to md81b027$lambda$securitycraft$makeSuspiciousMinesBrushablePartTwo$0$1 in securitycraft.mixins.json:suspiciousmines.BrushItemMixin
[10Aug2025 21:07:20.905] [main/DEBUG] [mixin/]: Mixing inject.MixinItemProperties from architectury-common.mixins.json into net.minecraft.world.item.Item$Properties
[10Aug2025 21:07:20.937] [main/DEBUG] [mixin/]: Mixing ServerPlayerEntityTickMixin from yungsapi.mixins.json into net.minecraft.server.level.ServerPlayer
[10Aug2025 21:07:20.938] [main/DEBUG] [mixin/]: Mixing MixinServerPlayer from glitchcore.forge.mixins.json into net.minecraft.server.level.ServerPlayer
[10Aug2025 21:07:20.938] [main/DEBUG] [mixin/]: Mixing ServerPlayerMixin from moonlight-common.mixins.json into net.minecraft.server.level.ServerPlayer
[10Aug2025 21:07:20.939] [main/DEBUG] [mixin/]: Mixing ServerPlayerMixin from tombstone.mixins.json into net.minecraft.server.level.ServerPlayer
[10Aug2025 21:07:20.939] [main/DEBUG] [mixin/]: Mixing camera.ServerPlayerMixin from securitycraft.mixins.json into net.minecraft.server.level.ServerPlayer
[10Aug2025 21:07:21.532] [main/DEBUG] [mixin/]: Mixing TemptGoalAccessor from mixins.animal_feeding_trough.json into net.minecraft.world.entity.ai.goal.TemptGoal
[10Aug2025 21:07:21.532] [main/DEBUG] [mixin/]: mixins.animal_feeding_trough.json:TemptGoalAccessor: Class version 61 required is higher than the class version supported by the current version of Mixin (JAVA_16 supports class version 60)
[10Aug2025 21:07:21.536] [main/DEBUG] [mixin/]: Mixing BeeGoalMixin from moonlight-common.mixins.json into net.minecraft.world.entity.animal.Bee$BeeGrowCropGoal
[10Aug2025 21:07:21.541] [main/DEBUG] [mixin/]: Mixing HurtByTargetGoalMixin from tombstone.mixins.json into net.minecraft.world.entity.ai.goal.target.HurtByTargetGoal
[10Aug2025 21:07:21.543] [main/DEBUG] [mixin/]: Mixing accessor.TargetGoalAccessor from tombstone.mixins.json into net.minecraft.world.entity.ai.goal.target.TargetGoal
[10Aug2025 21:07:21.554] [main/DEBUG] [mixin/]: Mixing boat.BoatMixin from securitycraft.mixins.json into net.minecraft.world.entity.vehicle.Boat
[10Aug2025 21:07:21.560] [main/DEBUG] [mixin/]: Mixing AbstractHorseMixin from supplementaries-common.mixins.json into net.minecraft.world.entity.animal.horse.AbstractHorse
[10Aug2025 21:07:21.578] [main/DEBUG] [mixin/]: Mixing CatSitOnBlockGoalMixin from supplementaries-common.mixins.json into net.minecraft.world.entity.ai.goal.CatSitOnBlockGoal
[10Aug2025 21:07:21.582] [main/DEBUG] [net.minecraftforge.coremod.transformer.CoreModBaseTransformer/COREMOD]: Transforming net/minecraft/world/entity/monster/Spider
[10Aug2025 21:07:21.592] [main/DEBUG] [mixin/]: Mixing SkeletonMixin from supplementaries-common.mixins.json into net.minecraft.world.entity.monster.Skeleton
[10Aug2025 21:07:21.597] [main/DEBUG] [mixin/]: Mixing AbstractSkeletonMixin from supplementaries-common.mixins.json into net.minecraft.world.entity.monster.AbstractSkeleton
[10Aug2025 21:07:21.618] [main/DEBUG] [mixin/]: Mixing CreeperMixin from supplementaries-common.mixins.json into net.minecraft.world.entity.monster.Creeper
[10Aug2025 21:07:21.634] [main/DEBUG] [net.minecraftforge.coremod.transformer.CoreModBaseTransformer/COREMOD]: Transforming net/minecraft/world/entity/monster/Zombie
[10Aug2025 21:07:21.690] [main/DEBUG] [net.minecraftforge.coremod.transformer.CoreModBaseTransformer/COREMOD]: Transforming net/minecraft/world/entity/monster/ZombieVillager
[10Aug2025 21:07:21.745] [main/DEBUG] [mixin/]: Mixing EndermanMixin from supplementaries-common.mixins.json into net.minecraft.world.entity.monster.EnderMan
[10Aug2025 21:07:21.752] [main/DEBUG] [mixin/]: Mixing EvokerMixin from supplementaries-common.mixins.json into net.minecraft.world.entity.monster.Evoker
[10Aug2025 21:07:21.764] [main/DEBUG] [net.minecraftforge.coremod.transformer.CoreModBaseTransformer/COREMOD]: Transforming net/minecraft/world/entity/monster/Evoker$EvokerSummonSpellGoal
[10Aug2025 21:07:21.775] [main/DEBUG] [mixin/]: Mixing FixBlockPlaceContextMixin from moonlight-common.mixins.json into net.minecraft.world.item.context.BlockPlaceContext
[10Aug2025 21:07:21.837] [main/DEBUG] [mixin/]: Mixing SlimeMixin from supplementaries-common.mixins.json into net.minecraft.world.entity.monster.Slime
[10Aug2025 21:07:21.875] [main/DEBUG] [mixin/]: Mixing ThrownPotionMixin from moonlight-common.mixins.json into net.minecraft.world.entity.projectile.ThrownPotion
[10Aug2025 21:07:21.881] [main/DEBUG] [mixin/]: Mixing RabbitsEatCabbageMixin from farmersdelight.mixins.json into net.minecraft.world.entity.animal.Rabbit
[10Aug2025 21:07:21.890] [main/DEBUG] [mixin/]: Mixing EatBlockGoalMixin from ru.mixin.json into net.minecraft.world.entity.ai.goal.EatBlockGoal
[10Aug2025 21:07:21.904] [main/DEBUG] [mixin/]: Mixing SkellyHorseMixin from supplementaries-common.mixins.json into net.minecraft.world.entity.animal.horse.SkeletonHorse
[10Aug2025 21:07:21.905] [main/DEBUG] [mixin/]: Renaming synthetic method lambda$tick$0(Ljava/lang/Integer;)V to md81b027$lambda$tick$0$0 in supplementaries-common.mixins.json:SkellyHorseMixin
[10Aug2025 21:07:21.913] [main/DEBUG] [net.minecraftforge.coremod.transformer.CoreModBaseTransformer/COREMOD]: Transforming net/minecraft/world/entity/animal/horse/SkeletonTrapGoal
[10Aug2025 21:07:21.926] [main/DEBUG] [mixin/]: Mixing StrayMixin from supplementaries-common.mixins.json into net.minecraft.world.entity.monster.Stray
[10Aug2025 21:07:21.931] [main/DEBUG] [net.minecraftforge.coremod.transformer.CoreModBaseTransformer/COREMOD]: Transforming net/minecraft/world/entity/monster/Strider
[10Aug2025 21:07:21.959] [main/DEBUG] [mixin/]: Mixing FriendlyByteBufMixin from supplementaries.mixins.json into net.minecraft.network.FriendlyByteBuf
[10Aug2025 21:07:22.003] [main/DEBUG] [mixin/]: Mixing LevelChunkMixin from moonlight-common.mixins.json into net.minecraft.world.level.chunk.LevelChunk
[10Aug2025 21:07:22.025] [main/DEBUG] [net.minecraftforge.coremod.transformer.CoreModBaseTransformer/COREMOD]: Transforming net/minecraft/world/entity/npc/Villager
[10Aug2025 21:07:22.105] [main/DEBUG] [mixin/]: Mixing item.wearable.villagerhat.VillagerMixin from mixins.artifacts.common.json into net.minecraft.world.entity.npc.Villager
[10Aug2025 21:07:22.106] [main/DEBUG] [mixin/]: Mixing VillagerMixin from moonlight-common.mixins.json into net.minecraft.world.entity.npc.Villager
[10Aug2025 21:07:22.108] [main/DEBUG] [mixin/]: Mixing accessor.VillagerAccessor from tombstone.mixins.json into net.minecraft.world.entity.npc.Villager
[10Aug2025 21:07:22.108] [main/DEBUG] [mixin/]: Mixing VillagerAccessor from trade_cycling.mixins.json into net.minecraft.world.entity.npc.Villager
[10Aug2025 21:07:22.118] [main/DEBUG] [mixin/]: Mixing MerchantMenuAccessor from trade_cycling.mixins.json into net.minecraft.world.inventory.MerchantMenu
[10Aug2025 21:07:22.126] [main/DEBUG] [mixin/]: Mixing WanderingTraderMixin from supplementaries-common.mixins.json into net.minecraft.world.entity.npc.WanderingTrader
[10Aug2025 21:07:22.141] [main/DEBUG] [mixin/]: Mixing ZombieHorseMixin from supplementaries-common.mixins.json into net.minecraft.world.entity.animal.horse.ZombieHorse
[10Aug2025 21:07:22.162] [main/DEBUG] [mixin/]: Mixing inject.MixinFoodPropertiesBuilder from architectury-common.mixins.json into net.minecraft.world.food.FoodProperties$Builder
[10Aug2025 21:07:22.164] [main/DEBUG] [net.minecraftforge.coremod.transformer.CoreModBaseTransformer/COREMOD]: Transforming net/minecraft/world/effect/MobEffectInstance
[10Aug2025 21:07:22.189] [main/DEBUG] [mixin/]: Mixing item.umbrella.server.ServerGamePacketListenerImplMixin from mixins.artifacts.common.json into net.minecraft.server.network.ServerGamePacketListenerImpl
[10Aug2025 21:07:22.190] [main/DEBUG] [mixin/]: Mixing ServerGamePacketListenerMixin from supplementaries-common.mixins.json into net.minecraft.server.network.ServerGamePacketListenerImpl
[10Aug2025 21:07:22.190] [main/DEBUG] [mixin/]: Renaming synthetic method lambda$addAntiqueInk$0(Ljava/util/function/UnaryOperator;Ljava/lang/String;)Ljava/lang/String; to md81b027$lambda$addAntiqueInk$0$0 in supplementaries-common.mixins.json:ServerGamePacketListenerMixin
[10Aug2025 21:07:22.194] [main/DEBUG] [mixin/]: Mixing passcode.ServerGamePacketListenerImplMixin from securitycraft.mixins.json into net.minecraft.server.network.ServerGamePacketListenerImpl
[10Aug2025 21:07:22.195] [main/DEBUG] [mixin/]: Mixing swimming.server.ServerGamePacketListenerImplMixin from expandability-common.mixins.json into net.minecraft.server.network.ServerGamePacketListenerImpl
[10Aug2025 21:07:22.215] [main/DEBUG] [mixin/]: Mixing BrewingMixin from amendments-common.mixins.json into net.minecraft.world.item.alchemy.PotionBrewing
[10Aug2025 21:07:22.215] [main/DEBUG] [mixin/]: Mixing accessor.PotionBrewingAccessor from yungsapi.mixins.json into net.minecraft.world.item.alchemy.PotionBrewing
[10Aug2025 21:07:22.215] [main/DEBUG] [mixin/]: Renaming @Invoker method callAddMix(Lnet/minecraft/world/item/alchemy/Potion;Lnet/minecraft/world/item/Item;Lnet/minecraft/world/item/alchemy/Potion;)V to callAddMix_$md$81b027$0 in yungsapi.mixins.json:accessor.PotionBrewingAccessor
[10Aug2025 21:07:22.215] [main/DEBUG] [mixin/]: Mixing accessor.PotionBrewingForgeAccessor from puzzleslib.forge.mixins.json into net.minecraft.world.item.alchemy.PotionBrewing
[10Aug2025 21:07:22.215] [main/DEBUG] [mixin/]: Renaming @Accessor method puzzleslib$getPotionMixes()Ljava/util/List; to puzzleslib$getPotionMixes_$md$81b027$1 in puzzleslib.forge.mixins.json:accessor.PotionBrewingForgeAccessor
[10Aug2025 21:07:22.216] [main/DEBUG] [mixin/]: Renaming @Accessor method puzzleslib$getContainerMixes()Ljava/util/List; to puzzleslib$getContainerMixes_$md$81b027$2 in puzzleslib.forge.mixins.json:accessor.PotionBrewingForgeAccessor
[10Aug2025 21:07:22.216] [main/DEBUG] [mixin/]: Renaming @Accessor method puzzleslib$getAllowedContainers()Ljava/util/List; to puzzleslib$getAllowedContainers_$md$81b027$3 in puzzleslib.forge.mixins.json:accessor.PotionBrewingForgeAccessor
[10Aug2025 21:07:22.240] [main/DEBUG] [mixin/]: Mixing AbstractProjectileBehaviorAccessor from supplementaries-common.mixins.json into net.minecraft.core.dispenser.AbstractProjectileDispenseBehavior
[10Aug2025 21:07:22.276] [main/DEBUG] [mixin/]: Mixing potion.BrewingStandMenuMixin from securitycraft.mixins.json into net.minecraft.world.inventory.BrewingStandMenu
[10Aug2025 21:07:22.281] [main/DEBUG] [mixin/]: Mixing accessor.StructureProcessorAccessor from betterdungeons.mixins.json into net.minecraft.world.level.levelgen.structure.templatesystem.StructureProcessor
[10Aug2025 21:07:22.281] [main/DEBUG] [mixin/]: Mixing StructureProcessorAccessor from cataclysm.mixins.json into net.minecraft.world.level.levelgen.structure.templatesystem.StructureProcessor
[10Aug2025 21:07:22.281] [main/DEBUG] [mixin/]: Unexpected: Registered method callGetType()Lnet/minecraft/world/level/levelgen/structure/templatesystem/StructureProcessorType; in net.minecraft.world.level.levelgen.structure.templatesystem.StructureProcessor was not merged
[10Aug2025 21:07:22.325] [main/DEBUG] [mixin/]: Mixing MixinInventory from curios.mixins.json into net.minecraft.world.entity.player.Inventory
[10Aug2025 21:07:22.325] [main/DEBUG] [mixin/]: Mixing InventoryMixin from carryon.mixins.json into net.minecraft.world.entity.player.Inventory
[10Aug2025 21:07:22.326] [main/DEBUG] [mixin/]: Mixing InventoryMixin from moonlight-common.mixins.json into net.minecraft.world.entity.player.Inventory
[10Aug2025 21:07:22.334] [main/DEBUG] [mixin/]: Mixing accessor.SimpleContainerAccessor from puzzleslib.common.mixins.json into net.minecraft.world.SimpleContainer
[10Aug2025 21:07:22.336] [main/DEBUG] [mixin/]: Mixing accessor.SlotAccessor from easyanvils.common.mixins.json into net.minecraft.world.inventory.Slot
[10Aug2025 21:07:22.336] [main/DEBUG] [mixin/]: Mixing SlotAccessor from balm.mixins.json into net.minecraft.world.inventory.Slot
[10Aug2025 21:07:22.343] [main/DEBUG] [mixin/]: Mixing GrindstoneInputSlotMixin from supplementaries-common.mixins.json into net.minecraft.world.inventory.GrindstoneMenu$2
[10Aug2025 21:07:22.345] [main/DEBUG] [mixin/]: Mixing GrindstoneTestSlotMixin from supplementaries-common.mixins.json into net.minecraft.world.inventory.GrindstoneMenu$4
[10Aug2025 21:07:22.346] [main/DEBUG] [mixin/]: Mixing GrindstoneMenuSlotMixin from moonlight-common.mixins.json into net.minecraft.world.inventory.GrindstoneMenu$4
[10Aug2025 21:07:22.349] [main/DEBUG] [mixin/]: Mixing LoomInputSlotMixin from supplementaries-common.mixins.json into net.minecraft.world.inventory.LoomMenu$3
[10Aug2025 21:07:22.354] [main/DEBUG] [mixin/]: Mixing CartographyTableInputSlotMixin from supplementaries-common.mixins.json into net.minecraft.world.inventory.CartographyTableMenu$4
[10Aug2025 21:07:22.362] [main/DEBUG] [mixin/]: Mixing MapExtendingRecipeMixin from moonlight-common.mixins.json into net.minecraft.world.item.crafting.MapExtendingRecipe
[10Aug2025 21:07:22.364] [main/DEBUG] [mixin/]: Mixing accessor.ShapedRecipeAccessor from tombstone.mixins.json into net.minecraft.world.item.crafting.ShapedRecipe
[10Aug2025 21:07:22.449] [main/DEBUG] [mixin/]: Mixing ExplorationMapSerializerMixin from supplementaries-common.mixins.json into net.minecraft.world.level.storage.loot.functions.ExplorationMapFunction$Serializer
[10Aug2025 21:07:22.454] [main/DEBUG] [mixin/]: Mixing ExplorationMapFunctionMixin from supplementaries-common.mixins.json into net.minecraft.world.level.storage.loot.functions.ExplorationMapFunction
[10Aug2025 21:07:22.464] [main/DEBUG] [mixin/]: Mixing MixinApplyBonusCount from curios.mixins.json into net.minecraft.world.level.storage.loot.functions.ApplyBonusCount
[10Aug2025 21:07:22.566] [main/DEBUG] [mixin/]: Mixing NoMultifaceGrowthFeatureInStructuresMixin from cataclysm.mixins.json into net.minecraft.world.level.levelgen.feature.MultifaceGrowthFeature
[10Aug2025 21:07:22.571] [main/DEBUG] [net.minecraftforge.coremod.transformer.CoreModBaseTransformer/COREMOD]: Transforming net/minecraft/world/level/levelgen/structure/Structure
[10Aug2025 21:07:22.576] [main/DEBUG] [mixin/]: Mixing NoMagmaBlockInStructuresMixin from cataclysm.mixins.json into net.minecraft.world.level.levelgen.feature.UnderwaterMagmaFeature
[10Aug2025 21:07:22.581] [main/DEBUG] [mixin/]: Mixing NoLakesInStructuresMixin from cataclysm.mixins.json into net.minecraft.world.level.levelgen.feature.LakeFeature
[10Aug2025 21:07:22.584] [main/DEBUG] [mixin/]: Mixing NoOreInStructuresMixin from cataclysm.mixins.json into net.minecraft.world.level.levelgen.feature.OreFeature
[10Aug2025 21:07:22.593] [main/DEBUG] [mixin/]: Mixing NoBasaltColumnsInStructuresMixin from betterdungeons.mixins.json into net.minecraft.world.level.levelgen.feature.BasaltColumnsFeature
[10Aug2025 21:07:22.594] [main/DEBUG] [mixin/]: Mixing NoBasaltColumnsInStructuresMixin from cataclysm.mixins.json into net.minecraft.world.level.levelgen.feature.BasaltColumnsFeature
[10Aug2025 21:07:22.596] [main/DEBUG] [mixin/]: Mixing NoDeltasInStructuresMixin from betterdungeons.mixins.json into net.minecraft.world.level.levelgen.feature.DeltaFeature
[10Aug2025 21:07:22.597] [main/DEBUG] [mixin/]: Mixing NoDeltasInStructuresMixin from cataclysm.mixins.json into net.minecraft.world.level.levelgen.feature.DeltaFeature
[10Aug2025 21:07:22.605] [main/DEBUG] [mixin/]: Mixing NoGeodeInStructuresMixin from cataclysm.mixins.json into net.minecraft.world.level.levelgen.feature.GeodeFeature
[10Aug2025 21:07:22.702] [main/DEBUG] [net.minecraftforge.coremod.transformer.CoreModBaseTransformer/COREMOD]: Transforming net/minecraft/world/level/levelgen/structure/Structure
[10Aug2025 21:07:22.710] [main/DEBUG] [mixin/]: Mixing MineshaftCorridorMixin from supplementaries-common.mixins.json into net.minecraft.world.level.levelgen.structure.structures.MineshaftPieces$MineShaftCorridor
[10Aug2025 21:07:22.732] [main/DEBUG] [mixin/]: Mixing StrongholdCrossingSconceMixin from supplementaries-common.mixins.json into net.minecraft.world.level.levelgen.structure.structures.StrongholdPieces$FiveCrossing
[10Aug2025 21:07:22.740] [main/DEBUG] [mixin/]: Mixing StrongholdRoomSconceMixin from supplementaries-common.mixins.json into net.minecraft.world.level.levelgen.structure.structures.StrongholdPieces$RoomCrossing
[10Aug2025 21:07:22.748] [main/DEBUG] [net.minecraftforge.coremod.transformer.CoreModBaseTransformer/COREMOD]: Transforming net/minecraft/world/level/levelgen/structure/structures/OceanRuinPieces$OceanRuinPiece
[10Aug2025 21:07:22.767] [main/DEBUG] [net.minecraftforge.coremod.transformer.CoreModBaseTransformer/COREMOD]: Transforming net/minecraft/world/level/levelgen/structure/structures/SwampHutPiece
[10Aug2025 21:07:22.787] [main/DEBUG] [net.minecraftforge.coremod.transformer.CoreModBaseTransformer/COREMOD]: Transforming net/minecraft/world/level/levelgen/structure/structures/OceanMonumentPieces$OceanMonumentPiece
[10Aug2025 21:07:22.812] [main/DEBUG] [net.minecraftforge.coremod.transformer.CoreModBaseTransformer/COREMOD]: Transforming net/minecraft/world/level/levelgen/structure/structures/WoodlandMansionPieces$WoodlandMansionPiece
[10Aug2025 21:07:22.844] [main/DEBUG] [mixin/]: Mixing StructureTemplatePoolAccessor from waystones.mixins.json into net.minecraft.world.level.levelgen.structure.pools.StructureTemplatePool
[10Aug2025 21:07:22.844] [main/DEBUG] [mixin/]: Mixing accessor.StructureTemplatePoolAccessor from yungsapi.mixins.json into net.minecraft.world.level.levelgen.structure.pools.StructureTemplatePool
[10Aug2025 21:07:22.844] [main/DEBUG] [mixin/]: Mixing IncreaseStructureWeightLimitMixinForge from yungsapi_forge.mixins.json into net.minecraft.world.level.levelgen.structure.pools.StructureTemplatePool
[10Aug2025 21:07:22.844] [main/DEBUG] [mixin/]: Mixing accessor.StructureTemplatePoolAccessor from cataclysm.mixins.json into net.minecraft.world.level.levelgen.structure.pools.StructureTemplatePool
[10Aug2025 21:07:22.846] [main/DEBUG] [mixin/]: Unexpected: Registered method getRawTemplates()Ljava/util/List; in net.minecraft.world.level.levelgen.structure.pools.StructureTemplatePool was not merged
[10Aug2025 21:07:22.846] [main/DEBUG] [mixin/]: Unexpected: Registered method getRawTemplates()Ljava/util/List; in net.minecraft.world.level.levelgen.structure.pools.StructureTemplatePool was not merged
[10Aug2025 21:07:22.913] [main/DEBUG] [mixin/]: Mixing MixinBiomeSource from terrablender.mixins.json into net.minecraft.world.level.biome.BiomeSource
[10Aug2025 21:07:22.913] [main/DEBUG] [mixin/]: Renaming synthetic method lambda$appendDeferredBiomesList$0(Lcom/google/common/collect/ImmutableList;)Ljava/util/Set; to md81b027$lambda$appendDeferredBiomesList$0$0 in terrablender.mixins.json:MixinBiomeSource
[10Aug2025 21:07:22.920] [main/DEBUG] [mixin/]: Mixing access.BiomeSourceAccess from ru.mixin.json into net.minecraft.world.level.biome.BiomeSource
[10Aug2025 21:07:22.923] [main/DEBUG] [net.minecraftforge.coremod.transformer.CoreModBaseTransformer/COREMOD]: Transforming net/minecraft/world/level/biome/Biome
[10Aug2025 21:07:22.947] [main/DEBUG] [mixin/]: Mixing accessor.MobSpawnSettingsBuilderForgeAccessor from puzzleslib.forge.mixins.json into net.minecraft.world.level.biome.MobSpawnSettings$Builder
[10Aug2025 21:07:22.956] [main/DEBUG] [mixin/]: Mixing MixinMultiNoiseBiomeSource from terrablender.mixins.json into net.minecraft.world.level.biome.MultiNoiseBiomeSource
[10Aug2025 21:07:22.958] [main/DEBUG] [mixin/]: Mixing MixinParameterList from terrablender.mixins.json into net.minecraft.world.level.biome.Climate$ParameterList
[10Aug2025 21:07:22.958] [main/DEBUG] [mixin/]: Renaming synthetic method lambda$initializeForTerraBlender$0(Lnet/minecraft/core/Registry;Lcom/google/common/collect/ImmutableList$Builder;Lcom/mojang/datafixers/util/Pair;)V to md81b027$lambda$initializeForTerraBlender$0$0 in terrablender.mixins.json:MixinParameterList
[10Aug2025 21:07:22.980] [main/DEBUG] [mixin/]: Mixing access.NoiseBasedChunkGeneratorAccess from ru.mixin.json into net.minecraft.world.level.levelgen.NoiseBasedChunkGenerator
[10Aug2025 21:07:22.984] [main/DEBUG] [mixin/]: Mixing MixinNoiseGeneratorSettings from terrablender.mixins.json into net.minecraft.world.level.levelgen.NoiseGeneratorSettings
[10Aug2025 21:07:22.985] [main/DEBUG] [mixin/]: Mixing access.NoiseGeneratorSettingsAccess from ru.mixin.json into net.minecraft.world.level.levelgen.NoiseGeneratorSettings
[10Aug2025 21:07:23.057] [main/DEBUG] [mixin/]: Mixing SinglePoolElementMixin from waystones.mixins.json into net.minecraft.world.level.levelgen.structure.pools.SinglePoolElement
[10Aug2025 21:07:23.058] [main/DEBUG] [mixin/]: Renaming synthetic method lambda$waystones$isWaystone$1(Lnet/minecraft/world/level/levelgen/structure/templatesystem/StructureTemplate;)V to md81b027$lambda$waystones$isWaystone$1$0 in waystones.mixins.json:SinglePoolElementMixin
[10Aug2025 21:07:23.058] [main/DEBUG] [mixin/]: Renaming synthetic method lambda$waystones$isWaystone$0(Lnet/minecraft/resources/ResourceLocation;)V to md81b027$lambda$waystones$isWaystone$0$1 in waystones.mixins.json:SinglePoolElementMixin
[10Aug2025 21:07:23.059] [main/DEBUG] [mixin/]: Mixing accessor.SinglePoolElementAccessor from yungsapi.mixins.json into net.minecraft.world.level.levelgen.structure.pools.SinglePoolElement
[10Aug2025 21:07:23.059] [main/DEBUG] [mixin/]: Mixing accessor.SinglePoolElementAccessor from cataclysm.mixins.json into net.minecraft.world.level.levelgen.structure.pools.SinglePoolElement
[10Aug2025 21:07:23.061] [main/DEBUG] [mixin/]: Unexpected: Registered method callGetTemplate(Lnet/minecraft/world/level/levelgen/structure/templatesystem/StructureTemplateManager;)Lnet/minecraft/world/level/levelgen/structure/templatesystem/StructureTemplate; in net.minecraft.world.level.levelgen.structure.pools.SinglePoolElement was not merged
[10Aug2025 21:07:23.065] [main/DEBUG] [mixin/]: Mixing accessor.ListPoolElementAccessor from yungsapi.mixins.json into net.minecraft.world.level.levelgen.structure.pools.ListPoolElement
[10Aug2025 21:07:23.065] [main/DEBUG] [mixin/]: Mixing accessor.ListPoolElementAccessor from cataclysm.mixins.json into net.minecraft.world.level.levelgen.structure.pools.ListPoolElement
[10Aug2025 21:07:23.066] [main/DEBUG] [mixin/]: Unexpected: Registered method getElements()Ljava/util/List; in net.minecraft.world.level.levelgen.structure.pools.ListPoolElement was not merged
[10Aug2025 21:07:23.067] [main/DEBUG] [mixin/]: Mixing accessor.FeaturePoolElementAccessor from yungsapi.mixins.json into net.minecraft.world.level.levelgen.structure.pools.FeaturePoolElement
[10Aug2025 21:07:23.068] [main/DEBUG] [mixin/]: Mixing accessor.FeaturePoolElementAccessor from cataclysm.mixins.json into net.minecraft.world.level.levelgen.structure.pools.FeaturePoolElement
[10Aug2025 21:07:23.068] [main/DEBUG] [mixin/]: Unexpected: Registered method getFeature()Lnet/minecraft/core/Holder; in net.minecraft.world.level.levelgen.structure.pools.FeaturePoolElement was not merged
[10Aug2025 21:07:23.152] [main/DEBUG] [io.netty.util.internal.PlatformDependent0/]: -Dio.netty.noUnsafe: false
[10Aug2025 21:07:23.152] [main/DEBUG] [io.netty.util.internal.PlatformDependent0/]: Java version: 17
[10Aug2025 21:07:23.152] [main/DEBUG] [io.netty.util.internal.PlatformDependent0/]: sun.misc.Unsafe.theUnsafe: available
[10Aug2025 21:07:23.153] [main/DEBUG] [io.netty.util.internal.PlatformDependent0/]: sun.misc.Unsafe.copyMemory: available
[10Aug2025 21:07:23.153] [main/DEBUG] [io.netty.util.internal.PlatformDependent0/]: sun.misc.Unsafe.storeFence: available
[10Aug2025 21:07:23.153] [main/DEBUG] [io.netty.util.internal.PlatformDependent0/]: java.nio.Buffer.address: available
[10Aug2025 21:07:23.153] [main/DEBUG] [io.netty.util.internal.PlatformDependent0/]: direct buffer constructor: unavailable
java.lang.UnsupportedOperationException: Reflective setAccessible(true) disabled
	at io.netty.util.internal.ReflectionUtil.trySetAccessible(ReflectionUtil.java:31) ~[netty-common-4.1.82.Final.jar%2382!/:4.1.82.Final]
	at io.netty.util.internal.PlatformDependent0$5.run(PlatformDependent0.java:288) ~[netty-common-4.1.82.Final.jar%2382!/:4.1.82.Final]
	at java.security.AccessController.doPrivileged(AccessController.java:318) ~[?:?]
	at io.netty.util.internal.PlatformDependent0.<clinit>(PlatformDependent0.java:282) ~[netty-common-4.1.82.Final.jar%2382!/:4.1.82.Final]
	at io.netty.util.internal.PlatformDependent.isAndroid(PlatformDependent.java:333) ~[netty-common-4.1.82.Final.jar%2382!/:4.1.82.Final]
	at io.netty.util.internal.PlatformDependent.<clinit>(PlatformDependent.java:88) ~[netty-common-4.1.82.Final.jar%2382!/:4.1.82.Final]
	at io.netty.util.ConstantPool.<init>(ConstantPool.java:34) ~[netty-common-4.1.82.Final.jar%2382!/:4.1.82.Final]
	at io.netty.util.AttributeKey$1.<init>(AttributeKey.java:27) ~[netty-common-4.1.82.Final.jar%2382!/:4.1.82.Final]
	at io.netty.util.AttributeKey.<clinit>(AttributeKey.java:27) ~[netty-common-4.1.82.Final.jar%2382!/:4.1.82.Final]
	at net.minecraftforge.network.NetworkConstants.<clinit>(NetworkConstants.java:34) ~[forge-1.20.1-47.4.0-universal.jar%23232!/:?]
	at net.minecraftforge.network.NetworkHooks.init(NetworkHooks.java:52) ~[forge-1.20.1-47.4.0-universal.jar%23232!/:?]
	at net.minecraft.server.Bootstrap.m_135870_(Bootstrap.java:62) ~[server-1.20.1-20230612.114412-srg.jar%23227!/:?]
	at net.minecraft.server.Main.main(Main.java:121) ~[server-1.20.1-20230612.114412-srg.jar%23227!/:?]
	at jdk.internal.reflect.NativeMethodAccessorImpl.invoke0(Native Method) ~[?:?]
	at jdk.internal.reflect.NativeMethodAccessorImpl.invoke(NativeMethodAccessorImpl.java:77) ~[?:?]
	at jdk.internal.reflect.DelegatingMethodAccessorImpl.invoke(DelegatingMethodAccessorImpl.java:43) ~[?:?]
	at java.lang.reflect.Method.invoke(Method.java:569) ~[?:?]
	at net.minecraftforge.fml.loading.targets.CommonLaunchHandler.runTarget(CommonLaunchHandler.java:111) ~[fmlloader-1.20.1-47.4.0.jar%2369!/:?]
	at net.minecraftforge.fml.loading.targets.CommonLaunchHandler.serverService(CommonLaunchHandler.java:103) ~[fmlloader-1.20.1-47.4.0.jar%2369!/:?]
	at net.minecraftforge.fml.loading.targets.CommonServerLaunchHandler.lambda$makeService$0(CommonServerLaunchHandler.java:27) ~[fmlloader-1.20.1-47.4.0.jar%2369!/:?]
	at cpw.mods.modlauncher.LaunchServiceHandlerDecorator.launch(LaunchServiceHandlerDecorator.java:30) ~[modlauncher-10.0.9.jar%2355!/:?]
	at cpw.mods.modlauncher.LaunchServiceHandler.launch(LaunchServiceHandler.java:53) ~[modlauncher-10.0.9.jar%2355!/:?]
	at cpw.mods.modlauncher.LaunchServiceHandler.launch(LaunchServiceHandler.java:71) ~[modlauncher-10.0.9.jar%2355!/:?]
	at cpw.mods.modlauncher.Launcher.run(Launcher.java:108) ~[modlauncher-10.0.9.jar%2355!/:?]
	at cpw.mods.modlauncher.Launcher.main(Launcher.java:78) ~[modlauncher-10.0.9.jar%2355!/:?]
	at cpw.mods.modlauncher.BootstrapLaunchConsumer.accept(BootstrapLaunchConsumer.java:26) ~[modlauncher-10.0.9.jar%2355!/:?]
	at cpw.mods.modlauncher.BootstrapLaunchConsumer.accept(BootstrapLaunchConsumer.java:23) ~[modlauncher-10.0.9.jar%2355!/:?]
	at cpw.mods.bootstraplauncher.BootstrapLauncher.main(BootstrapLauncher.java:141) ~[bootstraplauncher-1.1.2.jar:?]
[10Aug2025 21:07:23.154] [main/DEBUG] [io.netty.util.internal.PlatformDependent0/]: java.nio.Bits.unaligned: available, true
[10Aug2025 21:07:23.155] [main/DEBUG] [io.netty.util.internal.PlatformDependent0/]: jdk.internal.misc.Unsafe.allocateUninitializedArray(int): unavailable
java.lang.IllegalAccessException: class io.netty.util.internal.PlatformDependent0$7 (in module io.netty.common) cannot access class jdk.internal.misc.Unsafe (in module java.base) because module java.base does not export jdk.internal.misc to module io.netty.common
	at jdk.internal.reflect.Reflection.newIllegalAccessException(Reflection.java:392) ~[?:?]
	at java.lang.reflect.AccessibleObject.checkAccess(AccessibleObject.java:674) ~[?:?]
	at java.lang.reflect.Method.invoke(Method.java:561) ~[?:?]
	at io.netty.util.internal.PlatformDependent0$7.run(PlatformDependent0.java:410) ~[netty-common-4.1.82.Final.jar%2382!/:4.1.82.Final]
	at java.security.AccessController.doPrivileged(AccessController.java:318) ~[?:?]
	at io.netty.util.internal.PlatformDependent0.<clinit>(PlatformDependent0.java:401) ~[netty-common-4.1.82.Final.jar%2382!/:4.1.82.Final]
	at io.netty.util.internal.PlatformDependent.isAndroid(PlatformDependent.java:333) ~[netty-common-4.1.82.Final.jar%2382!/:4.1.82.Final]
	at io.netty.util.internal.PlatformDependent.<clinit>(PlatformDependent.java:88) ~[netty-common-4.1.82.Final.jar%2382!/:4.1.82.Final]
	at io.netty.util.ConstantPool.<init>(ConstantPool.java:34) ~[netty-common-4.1.82.Final.jar%2382!/:4.1.82.Final]
	at io.netty.util.AttributeKey$1.<init>(AttributeKey.java:27) ~[netty-common-4.1.82.Final.jar%2382!/:4.1.82.Final]
	at io.netty.util.AttributeKey.<clinit>(AttributeKey.java:27) ~[netty-common-4.1.82.Final.jar%2382!/:4.1.82.Final]
	at net.minecraftforge.network.NetworkConstants.<clinit>(NetworkConstants.java:34) ~[forge-1.20.1-47.4.0-universal.jar%23232!/:?]
	at net.minecraftforge.network.NetworkHooks.init(NetworkHooks.java:52) ~[forge-1.20.1-47.4.0-universal.jar%23232!/:?]
	at net.minecraft.server.Bootstrap.m_135870_(Bootstrap.java:62) ~[server-1.20.1-20230612.114412-srg.jar%23227!/:?]
	at net.minecraft.server.Main.main(Main.java:121) ~[server-1.20.1-20230612.114412-srg.jar%23227!/:?]
	at jdk.internal.reflect.NativeMethodAccessorImpl.invoke0(Native Method) ~[?:?]
	at jdk.internal.reflect.NativeMethodAccessorImpl.invoke(NativeMethodAccessorImpl.java:77) ~[?:?]
	at jdk.internal.reflect.DelegatingMethodAccessorImpl.invoke(DelegatingMethodAccessorImpl.java:43) ~[?:?]
	at java.lang.reflect.Method.invoke(Method.java:569) ~[?:?]
	at net.minecraftforge.fml.loading.targets.CommonLaunchHandler.runTarget(CommonLaunchHandler.java:111) ~[fmlloader-1.20.1-47.4.0.jar%2369!/:?]
	at net.minecraftforge.fml.loading.targets.CommonLaunchHandler.serverService(CommonLaunchHandler.java:103) ~[fmlloader-1.20.1-47.4.0.jar%2369!/:?]
	at net.minecraftforge.fml.loading.targets.CommonServerLaunchHandler.lambda$makeService$0(CommonServerLaunchHandler.java:27) ~[fmlloader-1.20.1-47.4.0.jar%2369!/:?]
	at cpw.mods.modlauncher.LaunchServiceHandlerDecorator.launch(LaunchServiceHandlerDecorator.java:30) ~[modlauncher-10.0.9.jar%2355!/:?]
	at cpw.mods.modlauncher.LaunchServiceHandler.launch(LaunchServiceHandler.java:53) ~[modlauncher-10.0.9.jar%2355!/:?]
	at cpw.mods.modlauncher.LaunchServiceHandler.launch(LaunchServiceHandler.java:71) ~[modlauncher-10.0.9.jar%2355!/:?]
	at cpw.mods.modlauncher.Launcher.run(Launcher.java:108) ~[modlauncher-10.0.9.jar%2355!/:?]
	at cpw.mods.modlauncher.Launcher.main(Launcher.java:78) ~[modlauncher-10.0.9.jar%2355!/:?]
	at cpw.mods.modlauncher.BootstrapLaunchConsumer.accept(BootstrapLaunchConsumer.java:26) ~[modlauncher-10.0.9.jar%2355!/:?]
	at cpw.mods.modlauncher.BootstrapLaunchConsumer.accept(BootstrapLaunchConsumer.java:23) ~[modlauncher-10.0.9.jar%2355!/:?]
	at cpw.mods.bootstraplauncher.BootstrapLauncher.main(BootstrapLauncher.java:141) ~[bootstraplauncher-1.1.2.jar:?]
[10Aug2025 21:07:23.156] [main/DEBUG] [io.netty.util.internal.PlatformDependent0/]: java.nio.DirectByteBuffer.<init>(long, int): unavailable
[10Aug2025 21:07:23.156] [main/DEBUG] [io.netty.util.internal.PlatformDependent/]: sun.misc.Unsafe: available
[10Aug2025 21:07:23.156] [main/DEBUG] [io.netty.util.internal.PlatformDependent/]: maxDirectMemory: 12884901888 bytes (maybe)
[10Aug2025 21:07:23.156] [main/DEBUG] [io.netty.util.internal.PlatformDependent/]: -Dio.netty.tmpdir: /tmp (java.io.tmpdir)
[10Aug2025 21:07:23.156] [main/DEBUG] [io.netty.util.internal.PlatformDependent/]: -Dio.netty.bitMode: 64 (sun.arch.data.model)
[10Aug2025 21:07:23.157] [main/DEBUG] [io.netty.util.internal.PlatformDependent/]: -Dio.netty.maxDirectMemory: -1 bytes
[10Aug2025 21:07:23.157] [main/DEBUG] [io.netty.util.internal.PlatformDependent/]: -Dio.netty.uninitializedArrayAllocationThreshold: -1
[10Aug2025 21:07:23.158] [main/DEBUG] [io.netty.util.internal.CleanerJava9/]: java.nio.ByteBuffer.cleaner(): available
[10Aug2025 21:07:23.158] [main/DEBUG] [io.netty.util.internal.PlatformDependent/]: -Dio.netty.noPreferDirect: false
[10Aug2025 21:07:23.211] [main/DEBUG] [net.minecraftforge.network.NetworkHooks/]: Loading Network data for FML net version: FML3
[10Aug2025 21:07:23.243] [main/DEBUG] [net.minecraftforge.common.ForgeI18n/CORE]: Loading I18N data entries: 6434
[10Aug2025 21:07:23.258] [main/DEBUG] [net.minecraftforge.fml.ModWorkManager/LOADING]: Using 4 threads for parallel mod-loading
[10Aug2025 21:07:23.263] [main/DEBUG] [net.minecraftforge.fml.javafmlmod.FMLJavaModLanguageProvider/LOADING]: Loading FMLModContainer from classloader cpw.mods.modlauncher.TransformingClassLoader@481558ce - got cpw.mods.cl.ModuleClassLoader@15fdd1f2
[10Aug2025 21:07:23.264] [main/DEBUG] [net.minecraftforge.fml.javafmlmod.FMLModContainer/LOADING]: Creating FMLModContainer instance for com.yungnickyoung.minecraft.betterdungeons.BetterDungeonsForge
[10Aug2025 21:07:23.266] [main/DEBUG] [net.minecraftforge.fml.javafmlmod.FMLJavaModLanguageProvider/LOADING]: Loading FMLModContainer from classloader cpw.mods.modlauncher.TransformingClassLoader@481558ce - got cpw.mods.cl.ModuleClassLoader@15fdd1f2
[10Aug2025 21:07:23.266] [main/DEBUG] [net.minecraftforge.fml.javafmlmod.FMLModContainer/LOADING]: Creating FMLModContainer instance for com.bobmowzie.mowziesmobs.MowziesMobs
[10Aug2025 21:07:23.266] [main/DEBUG] [net.minecraftforge.fml.javafmlmod.FMLJavaModLanguageProvider/LOADING]: Loading FMLModContainer from classloader cpw.mods.modlauncher.TransformingClassLoader@481558ce - got cpw.mods.cl.ModuleClassLoader@15fdd1f2
[10Aug2025 21:07:23.267] [main/DEBUG] [net.minecraftforge.fml.javafmlmod.FMLModContainer/LOADING]: Creating FMLModContainer instance for net.blay09.mods.kuma.forge.ForgeKumaAPI
[10Aug2025 21:07:23.267] [main/DEBUG] [net.minecraftforge.fml.javafmlmod.FMLJavaModLanguageProvider/LOADING]: Loading FMLModContainer from classloader cpw.mods.modlauncher.TransformingClassLoader@481558ce - got cpw.mods.cl.ModuleClassLoader@15fdd1f2
[10Aug2025 21:07:23.267] [main/DEBUG] [net.minecraftforge.fml.javafmlmod.FMLModContainer/LOADING]: Creating FMLModContainer instance for fuzs.easyanvils.EasyAnvilsForge
[10Aug2025 21:07:23.267] [main/DEBUG] [net.minecraftforge.fml.javafmlmod.FMLJavaModLanguageProvider/LOADING]: Loading FMLModContainer from classloader cpw.mods.modlauncher.TransformingClassLoader@481558ce - got cpw.mods.cl.ModuleClassLoader@15fdd1f2
[10Aug2025 21:07:23.268] [main/DEBUG] [net.minecraftforge.fml.javafmlmod.FMLModContainer/LOADING]: Creating FMLModContainer instance for net.mehvahdjukaar.amendments.forge.AmendmentsForge
[10Aug2025 21:07:23.268] [main/DEBUG] [net.minecraftforge.fml.javafmlmod.FMLJavaModLanguageProvider/LOADING]: Loading FMLModContainer from classloader cpw.mods.modlauncher.TransformingClassLoader@481558ce - got cpw.mods.cl.ModuleClassLoader@15fdd1f2
[10Aug2025 21:07:23.268] [main/DEBUG] [net.minecraftforge.fml.javafmlmod.FMLModContainer/LOADING]: Creating FMLModContainer instance for software.bernie.example.GeckoLibMod
[10Aug2025 21:07:23.269] [main/DEBUG] [net.minecraftforge.fml.javafmlmod.FMLJavaModLanguageProvider/LOADING]: Loading FMLModContainer from classloader cpw.mods.modlauncher.TransformingClassLoader@481558ce - got cpw.mods.cl.ModuleClassLoader@15fdd1f2
[10Aug2025 21:07:23.269] [main/DEBUG] [net.minecraftforge.fml.javafmlmod.FMLModContainer/LOADING]: Creating FMLModContainer instance for fuzs.easymagic.EasyMagicForge
[10Aug2025 21:07:23.269] [main/DEBUG] [net.minecraftforge.fml.javafmlmod.FMLJavaModLanguageProvider/LOADING]: Loading FMLModContainer from classloader cpw.mods.modlauncher.TransformingClassLoader@481558ce - got cpw.mods.cl.ModuleClassLoader@15fdd1f2
[10Aug2025 21:07:23.269] [main/DEBUG] [net.minecraftforge.fml.javafmlmod.FMLModContainer/LOADING]: Creating FMLModContainer instance for mezz.jei.forge.JustEnoughItems
[10Aug2025 21:07:23.270] [main/DEBUG] [net.minecraftforge.fml.javafmlmod.FMLJavaModLanguageProvider/LOADING]: Loading FMLModContainer from classloader cpw.mods.modlauncher.TransformingClassLoader@481558ce - got cpw.mods.cl.ModuleClassLoader@15fdd1f2
[10Aug2025 21:07:23.270] [main/DEBUG] [net.minecraftforge.fml.javafmlmod.FMLModContainer/LOADING]: Creating FMLModContainer instance for com.mcwwindows.kikoz.MacawsWindows
[10Aug2025 21:07:23.270] [main/DEBUG] [net.minecraftforge.fml.javafmlmod.FMLJavaModLanguageProvider/LOADING]: Loading FMLModContainer from classloader cpw.mods.modlauncher.TransformingClassLoader@481558ce - got cpw.mods.cl.ModuleClassLoader@15fdd1f2
[10Aug2025 21:07:23.271] [main/DEBUG] [net.minecraftforge.fml.javafmlmod.FMLModContainer/LOADING]: Creating FMLModContainer instance for net.tschipcraft.dynamiclights.forge.Init
[10Aug2025 21:07:23.272] [main/DEBUG] [net.minecraftforge.fml.lowcodemod.LowCodeModLanguageProvider.LowCodeModTarget/LOADING]: Loading LowCodeModContainer from classloader cpw.mods.modlauncher.TransformingClassLoader@481558ce - got cpw.mods.cl.ModuleClassLoader@15fdd1f2
[10Aug2025 21:07:23.272] [main/DEBUG] [net.minecraftforge.fml.lowcodemod.LowCodeModContainer/LOADING]: Creating LowCodeModContainer for incendium
[10Aug2025 21:07:23.272] [main/DEBUG] [net.minecraftforge.fml.javafmlmod.FMLJavaModLanguageProvider/LOADING]: Loading FMLModContainer from classloader cpw.mods.modlauncher.TransformingClassLoader@481558ce - got cpw.mods.cl.ModuleClassLoader@15fdd1f2
[10Aug2025 21:07:23.272] [main/DEBUG] [net.minecraftforge.fml.javafmlmod.FMLModContainer/LOADING]: Creating FMLModContainer instance for net.p3pp3rf1y.sophisticatedcore.SophisticatedCore
[10Aug2025 21:07:23.273] [main/DEBUG] [net.minecraftforge.fml.javafmlmod.FMLJavaModLanguageProvider/LOADING]: Loading FMLModContainer from classloader cpw.mods.modlauncher.TransformingClassLoader@481558ce - got cpw.mods.cl.ModuleClassLoader@15fdd1f2
[10Aug2025 21:07:23.273] [main/DEBUG] [net.minecraftforge.fml.javafmlmod.FMLModContainer/LOADING]: Creating FMLModContainer instance for net.blay09.mods.waystones.ForgeWaystones
[10Aug2025 21:07:23.273] [main/DEBUG] [net.minecraftforge.fml.javafmlmod.FMLJavaModLanguageProvider/LOADING]: Loading FMLModContainer from classloader cpw.mods.modlauncher.TransformingClassLoader@481558ce - got cpw.mods.cl.ModuleClassLoader@15fdd1f2
[10Aug2025 21:07:23.273] [main/DEBUG] [net.minecraftforge.fml.javafmlmod.FMLModContainer/LOADING]: Creating FMLModContainer instance for com.mcwpaintings.kikoz.MacawsPaintings
[10Aug2025 21:07:23.274] [main/DEBUG] [net.minecraftforge.fml.javafmlmod.FMLJavaModLanguageProvider/LOADING]: Loading FMLModContainer from classloader cpw.mods.modlauncher.TransformingClassLoader@481558ce - got cpw.mods.cl.ModuleClassLoader@15fdd1f2
[10Aug2025 21:07:23.274] [main/DEBUG] [net.minecraftforge.fml.javafmlmod.FMLModContainer/LOADING]: Creating FMLModContainer instance for journeymap.common.Journeymap
[10Aug2025 21:07:23.275] [main/DEBUG] [net.minecraftforge.fml.javafmlmod.FMLJavaModLanguageProvider/LOADING]: Loading FMLModContainer from classloader cpw.mods.modlauncher.TransformingClassLoader@481558ce - got cpw.mods.cl.ModuleClassLoader@15fdd1f2
[10Aug2025 21:07:23.275] [main/DEBUG] [net.minecraftforge.fml.javafmlmod.FMLModContainer/LOADING]: Creating FMLModContainer instance for com.tiviacz.travelersbackpack.TravelersBackpack
[10Aug2025 21:07:23.276] [main/DEBUG] [net.minecraftforge.fml.javafmlmod.FMLJavaModLanguageProvider/LOADING]: Loading FMLModContainer from classloader cpw.mods.modlauncher.TransformingClassLoader@481558ce - got cpw.mods.cl.ModuleClassLoader@15fdd1f2
[10Aug2025 21:07:23.276] [main/DEBUG] [net.minecraftforge.fml.javafmlmod.FMLModContainer/LOADING]: Creating FMLModContainer instance for artifacts.forge.ArtifactsForge
[10Aug2025 21:07:23.276] [main/DEBUG] [net.minecraftforge.fml.javafmlmod.FMLJavaModLanguageProvider/LOADING]: Loading FMLModContainer from classloader cpw.mods.modlauncher.TransformingClassLoader@481558ce - got cpw.mods.cl.ModuleClassLoader@15fdd1f2
[10Aug2025 21:07:23.276] [main/DEBUG] [net.minecraftforge.fml.javafmlmod.FMLModContainer/LOADING]: Creating FMLModContainer instance for com.yungnickyoung.minecraft.yungsapi.YungsApiForge
[10Aug2025 21:07:23.277] [main/DEBUG] [net.minecraftforge.fml.javafmlmod.FMLJavaModLanguageProvider/LOADING]: Loading FMLModContainer from classloader cpw.mods.modlauncher.TransformingClassLoader@481558ce - got cpw.mods.cl.ModuleClassLoader@15fdd1f2
[10Aug2025 21:07:23.277] [main/DEBUG] [net.minecraftforge.fml.javafmlmod.FMLModContainer/LOADING]: Creating FMLModContainer instance for com.mcwstairs.kikoz.MacawsStairs
[10Aug2025 21:07:23.277] [main/DEBUG] [net.minecraftforge.fml.javafmlmod.FMLJavaModLanguageProvider/LOADING]: Loading FMLModContainer from classloader cpw.mods.modlauncher.TransformingClassLoader@481558ce - got cpw.mods.cl.ModuleClassLoader@15fdd1f2
[10Aug2025 21:07:23.277] [main/DEBUG] [net.minecraftforge.fml.javafmlmod.FMLModContainer/LOADING]: Creating FMLModContainer instance for com.llamalad7.mixinextras.platform.forge.MixinExtrasMod
[10Aug2025 21:07:23.278] [main/DEBUG] [net.minecraftforge.fml.javafmlmod.FMLJavaModLanguageProvider/LOADING]: Loading FMLModContainer from classloader cpw.mods.modlauncher.TransformingClassLoader@481558ce - got cpw.mods.cl.ModuleClassLoader@15fdd1f2
[10Aug2025 21:07:23.278] [main/DEBUG] [net.minecraftforge.fml.javafmlmod.FMLModContainer/LOADING]: Creating FMLModContainer instance for glitchcore.forge.GlitchCoreForge
[10Aug2025 21:07:23.278] [main/DEBUG] [net.minecraftforge.fml.javafmlmod.FMLJavaModLanguageProvider/LOADING]: Loading FMLModContainer from classloader cpw.mods.modlauncher.TransformingClassLoader@481558ce - got cpw.mods.cl.ModuleClassLoader@15fdd1f2
[10Aug2025 21:07:23.278] [main/DEBUG] [net.minecraftforge.fml.javafmlmod.FMLModContainer/LOADING]: Creating FMLModContainer instance for net.p3pp3rf1y.sophisticatedbackpacks.SophisticatedBackpacks
[10Aug2025 21:07:23.279] [main/DEBUG] [net.minecraftforge.fml.javafmlmod.FMLJavaModLanguageProvider/LOADING]: Loading FMLModContainer from classloader cpw.mods.modlauncher.TransformingClassLoader@481558ce - got cpw.mods.cl.ModuleClassLoader@15fdd1f2
[10Aug2025 21:07:23.279] [main/DEBUG] [net.minecraftforge.fml.javafmlmod.FMLModContainer/LOADING]: Creating FMLModContainer instance for com.mcwdoors.kikoz.MacawsDoors
[10Aug2025 21:07:23.279] [main/DEBUG] [net.minecraftforge.fml.javafmlmod.FMLJavaModLanguageProvider/LOADING]: Loading FMLModContainer from classloader cpw.mods.modlauncher.TransformingClassLoader@481558ce - got cpw.mods.cl.ModuleClassLoader@15fdd1f2
[10Aug2025 21:07:23.279] [main/DEBUG] [net.minecraftforge.fml.javafmlmod.FMLModContainer/LOADING]: Creating FMLModContainer instance for net.blay09.mods.balm.forge.ForgeBalm
[10Aug2025 21:07:23.280] [main/DEBUG] [net.minecraftforge.fml.lowcodemod.LowCodeModLanguageProvider.LowCodeModTarget/LOADING]: Loading LowCodeModContainer from classloader cpw.mods.modlauncher.TransformingClassLoader@481558ce - got cpw.mods.cl.ModuleClassLoader@15fdd1f2
[10Aug2025 21:07:23.280] [main/DEBUG] [net.minecraftforge.fml.lowcodemod.LowCodeModContainer/LOADING]: Creating LowCodeModContainer for terralith
[10Aug2025 21:07:23.280] [main/DEBUG] [net.minecraftforge.fml.javafmlmod.FMLJavaModLanguageProvider/LOADING]: Loading FMLModContainer from classloader cpw.mods.modlauncher.TransformingClassLoader@481558ce - got cpw.mods.cl.ModuleClassLoader@15fdd1f2
[10Aug2025 21:07:23.280] [main/DEBUG] [net.minecraftforge.fml.javafmlmod.FMLModContainer/LOADING]: Creating FMLModContainer instance for tschipp.carryon.CarryOnForge
[10Aug2025 21:07:23.281] [main/DEBUG] [net.minecraftforge.fml.javafmlmod.FMLJavaModLanguageProvider/LOADING]: Loading FMLModContainer from classloader cpw.mods.modlauncher.TransformingClassLoader@481558ce - got cpw.mods.cl.ModuleClassLoader@15fdd1f2
[10Aug2025 21:07:23.281] [main/DEBUG] [net.minecraftforge.fml.javafmlmod.FMLModContainer/LOADING]: Creating FMLModContainer instance for jeresources.JEResources
[10Aug2025 21:07:23.281] [main/DEBUG] [net.minecraftforge.fml.javafmlmod.FMLJavaModLanguageProvider/LOADING]: Loading FMLModContainer from classloader cpw.mods.modlauncher.TransformingClassLoader@481558ce - got cpw.mods.cl.ModuleClassLoader@15fdd1f2
[10Aug2025 21:07:23.281] [main/DEBUG] [net.minecraftforge.fml.javafmlmod.FMLModContainer/LOADING]: Creating FMLModContainer instance for fuzs.puzzlesaccessapi.forge.PuzzlesAccessApiForge
[10Aug2025 21:07:23.281] [main/DEBUG] [net.minecraftforge.fml.javafmlmod.FMLJavaModLanguageProvider/LOADING]: Loading FMLModContainer from classloader cpw.mods.modlauncher.TransformingClassLoader@481558ce - got cpw.mods.cl.ModuleClassLoader@15fdd1f2
[10Aug2025 21:07:23.282] [main/DEBUG] [net.minecraftforge.fml.javafmlmod.FMLModContainer/LOADING]: Creating FMLModContainer instance for net.aurelj.dungeons_arise_seven_seas.DungeonsAriseSevenSeasMain
[10Aug2025 21:07:23.282] [main/DEBUG] [net.minecraftforge.fml.javafmlmod.FMLJavaModLanguageProvider/LOADING]: Loading FMLModContainer from classloader cpw.mods.modlauncher.TransformingClassLoader@481558ce - got cpw.mods.cl.ModuleClassLoader@15fdd1f2
[10Aug2025 21:07:23.282] [main/DEBUG] [net.minecraftforge.fml.javafmlmod.FMLModContainer/LOADING]: Creating FMLModContainer instance for me.shedaniel.clothconfig.ClothConfigForge
[10Aug2025 21:07:23.282] [main/DEBUG] [net.minecraftforge.fml.javafmlmod.FMLJavaModLanguageProvider/LOADING]: Loading FMLModContainer from classloader cpw.mods.modlauncher.TransformingClassLoader@481558ce - got cpw.mods.cl.ModuleClassLoader@15fdd1f2
[10Aug2025 21:07:23.282] [main/DEBUG] [net.minecraftforge.fml.javafmlmod.FMLModContainer/LOADING]: Creating FMLModContainer instance for net.minecraftforge.common.ForgeMod
[10Aug2025 21:07:23.284] [main/DEBUG] [net.minecraftforge.fml.javafmlmod.FMLJavaModLanguageProvider/LOADING]: Loading FMLModContainer from classloader cpw.mods.modlauncher.TransformingClassLoader@481558ce - got cpw.mods.cl.ModuleClassLoader@15fdd1f2
[10Aug2025 21:07:23.284] [main/DEBUG] [net.minecraftforge.fml.javafmlmod.FMLModContainer/LOADING]: Creating FMLModContainer instance for com.natamus.stackrefill.ModForge
[10Aug2025 21:07:23.285] [main/DEBUG] [net.minecraftforge.fml.javafmlmod.FMLJavaModLanguageProvider/LOADING]: Loading FMLModContainer from classloader cpw.mods.modlauncher.TransformingClassLoader@481558ce - got cpw.mods.cl.ModuleClassLoader@15fdd1f2
[10Aug2025 21:07:23.285] [main/DEBUG] [net.minecraftforge.fml.javafmlmod.FMLModContainer/LOADING]: Creating FMLModContainer instance for net.mehvahdjukaar.supplementaries.forge.SupplementariesForge
[10Aug2025 21:07:23.285] [main/DEBUG] [net.minecraftforge.fml.javafmlmod.FMLJavaModLanguageProvider/LOADING]: Loading FMLModContainer from classloader cpw.mods.modlauncher.TransformingClassLoader@481558ce - got cpw.mods.cl.ModuleClassLoader@15fdd1f2
[10Aug2025 21:07:23.285] [main/DEBUG] [net.minecraftforge.fml.javafmlmod.FMLModContainer/LOADING]: Creating FMLModContainer instance for com.mcwpaths.kikoz.MacawsPaths
[10Aug2025 21:07:23.286] [main/DEBUG] [net.minecraftforge.fml.javafmlmod.FMLJavaModLanguageProvider/LOADING]: Loading FMLModContainer from classloader cpw.mods.modlauncher.TransformingClassLoader@481558ce - got cpw.mods.cl.ModuleClassLoader@15fdd1f2
[10Aug2025 21:07:23.286] [main/DEBUG] [net.minecraftforge.fml.javafmlmod.FMLModContainer/LOADING]: Creating FMLModContainer instance for net.aurelj.dungeons_arise.DungeonsAriseMain
[10Aug2025 21:07:23.287] [main/DEBUG] [net.minecraftforge.fml.javafmlmod.FMLJavaModLanguageProvider/LOADING]: Loading FMLModContainer from classloader cpw.mods.modlauncher.TransformingClassLoader@481558ce - got cpw.mods.cl.ModuleClassLoader@15fdd1f2
[10Aug2025 21:07:23.287] [main/DEBUG] [net.minecraftforge.fml.javafmlmod.FMLModContainer/LOADING]: Creating FMLModContainer instance for atistructures.AtiStructuresvMod
[10Aug2025 21:07:23.287] [main/DEBUG] [net.minecraftforge.fml.javafmlmod.FMLJavaModLanguageProvider/LOADING]: Loading FMLModContainer from classloader cpw.mods.modlauncher.TransformingClassLoader@481558ce - got cpw.mods.cl.ModuleClassLoader@15fdd1f2
[10Aug2025 21:07:23.287] [main/DEBUG] [net.minecraftforge.fml.javafmlmod.FMLModContainer/LOADING]: Creating FMLModContainer instance for com.mcwbridges.kikoz.MacawsBridges
[10Aug2025 21:07:23.288] [main/DEBUG] [net.minecraftforge.fml.javafmlmod.FMLJavaModLanguageProvider/LOADING]: Loading FMLModContainer from classloader cpw.mods.modlauncher.TransformingClassLoader@481558ce - got cpw.mods.cl.ModuleClassLoader@15fdd1f2
[10Aug2025 21:07:23.288] [main/DEBUG] [net.minecraftforge.fml.javafmlmod.FMLModContainer/LOADING]: Creating FMLModContainer instance for vectorwing.farmersdelight.FarmersDelight
[10Aug2025 21:07:23.288] [main/DEBUG] [net.minecraftforge.fml.javafmlmod.FMLJavaModLanguageProvider/LOADING]: Loading FMLModContainer from classloader cpw.mods.modlauncher.TransformingClassLoader@481558ce - got cpw.mods.cl.ModuleClassLoader@15fdd1f2
[10Aug2025 21:07:23.288] [main/DEBUG] [net.minecraftforge.fml.javafmlmod.FMLModContainer/LOADING]: Creating FMLModContainer instance for de.maxhenkel.tradecycling.ForgeTradeCyclingMod
[10Aug2025 21:07:23.290] [main/DEBUG] [thedarkcolour.kotlinforforge.LoggerKt/LOADING]: Loading KotlinModContainer from classloader cpw.mods.modlauncher.TransformingClassLoader@481558ce - got cpw.mods.cl.ModuleClassLoader@15fdd1f2}
[10Aug2025 21:07:23.290] [main/DEBUG] [thedarkcolour.kotlinforforge.LoggerKt/LOADING]: Creating KotlinModContainer instance for org.anti_ad.mc.libipn.LibIPNModEntry
[10Aug2025 21:07:23.292] [main/DEBUG] [net.minecraftforge.fml.javafmlmod.FMLJavaModLanguageProvider/LOADING]: Loading FMLModContainer from classloader cpw.mods.modlauncher.TransformingClassLoader@481558ce - got cpw.mods.cl.ModuleClassLoader@15fdd1f2
[10Aug2025 21:07:23.292] [main/DEBUG] [net.minecraftforge.fml.javafmlmod.FMLModContainer/LOADING]: Creating FMLModContainer instance for terrablender.core.TerraBlenderForge
[10Aug2025 21:07:23.292] [main/DEBUG] [net.minecraftforge.fml.javafmlmod.FMLJavaModLanguageProvider/LOADING]: Loading FMLModContainer from classloader cpw.mods.modlauncher.TransformingClassLoader@481558ce - got cpw.mods.cl.ModuleClassLoader@15fdd1f2
[10Aug2025 21:07:23.292] [main/DEBUG] [net.minecraftforge.fml.javafmlmod.FMLModContainer/LOADING]: Creating FMLModContainer instance for net.mehvahdjukaar.moonlight.forge.MoonlightForge
[10Aug2025 21:07:23.293] [main/DEBUG] [net.minecraftforge.fml.javafmlmod.FMLJavaModLanguageProvider/LOADING]: Loading FMLModContainer from classloader cpw.mods.modlauncher.TransformingClassLoader@481558ce - got cpw.mods.cl.ModuleClassLoader@15fdd1f2
[10Aug2025 21:07:23.293] [main/DEBUG] [net.minecraftforge.fml.javafmlmod.FMLModContainer/LOADING]: Creating FMLModContainer instance for net.regions_unexplored.RegionsUnexploredMod
[10Aug2025 21:07:23.293] [main/DEBUG] [net.minecraftforge.fml.javafmlmod.FMLJavaModLanguageProvider/LOADING]: Loading FMLModContainer from classloader cpw.mods.modlauncher.TransformingClassLoader@481558ce - got cpw.mods.cl.ModuleClassLoader@15fdd1f2
[10Aug2025 21:07:23.293] [main/DEBUG] [net.minecraftforge.fml.javafmlmod.FMLModContainer/LOADING]: Creating FMLModContainer instance for com.bawnorton.mixinsquared.platform.forge.MixinSquaredMod
[10Aug2025 21:07:23.294] [main/DEBUG] [net.minecraftforge.fml.javafmlmod.FMLJavaModLanguageProvider/LOADING]: Loading FMLModContainer from classloader cpw.mods.modlauncher.TransformingClassLoader@481558ce - got cpw.mods.cl.ModuleClassLoader@15fdd1f2
[10Aug2025 21:07:23.294] [main/DEBUG] [net.minecraftforge.fml.javafmlmod.FMLModContainer/LOADING]: Creating FMLModContainer instance for snownee.jade.util.CommonProxy
[10Aug2025 21:07:23.295] [main/DEBUG] [net.minecraftforge.fml.javafmlmod.FMLJavaModLanguageProvider/LOADING]: Loading FMLModContainer from classloader cpw.mods.modlauncher.TransformingClassLoader@481558ce - got cpw.mods.cl.ModuleClassLoader@15fdd1f2
[10Aug2025 21:07:23.295] [main/DEBUG] [net.minecraftforge.fml.javafmlmod.FMLModContainer/LOADING]: Creating FMLModContainer instance for com.mcwtrpdoors.kikoz.MacawsTrapdoors
[10Aug2025 21:07:23.296] [main/DEBUG] [net.minecraftforge.fml.javafmlmod.FMLJavaModLanguageProvider/LOADING]: Loading FMLModContainer from classloader cpw.mods.modlauncher.TransformingClassLoader@481558ce - got cpw.mods.cl.ModuleClassLoader@15fdd1f2
[10Aug2025 21:07:23.296] [main/DEBUG] [net.minecraftforge.fml.javafmlmod.FMLModContainer/LOADING]: Creating FMLModContainer instance for com.mcwfences.kikoz.MacawsFences
[10Aug2025 21:07:23.296] [main/DEBUG] [net.minecraftforge.fml.javafmlmod.FMLJavaModLanguageProvider/LOADING]: Loading FMLModContainer from classloader cpw.mods.modlauncher.TransformingClassLoader@481558ce - got cpw.mods.cl.ModuleClassLoader@15fdd1f2
[10Aug2025 21:07:23.296] [main/DEBUG] [net.minecraftforge.fml.javafmlmod.FMLModContainer/LOADING]: Creating FMLModContainer instance for com.github.L_Ender.lionfishapi.LionfishAPI
[10Aug2025 21:07:23.297] [main/DEBUG] [thedarkcolour.kotlinforforge.LoggerKt/LOADING]: Loading KotlinModContainer from classloader cpw.mods.modlauncher.TransformingClassLoader@481558ce - got cpw.mods.cl.ModuleClassLoader@15fdd1f2}
[10Aug2025 21:07:23.297] [main/DEBUG] [thedarkcolour.kotlinforforge.LoggerKt/LOADING]: Creating KotlinModContainer instance for thedarkcolour.kotlinforforge.test.KotlinForForge
[10Aug2025 21:07:23.297] [main/DEBUG] [net.minecraftforge.fml.javafmlmod.FMLJavaModLanguageProvider/LOADING]: Loading FMLModContainer from classloader cpw.mods.modlauncher.TransformingClassLoader@481558ce - got cpw.mods.cl.ModuleClassLoader@15fdd1f2
[10Aug2025 21:07:23.297] [main/DEBUG] [net.minecraftforge.fml.javafmlmod.FMLModContainer/LOADING]: Creating FMLModContainer instance for fr.samlegamer.mcwbiomesoplenty.McwBOP
[10Aug2025 21:07:23.298] [main/DEBUG] [net.minecraftforge.fml.javafmlmod.FMLJavaModLanguageProvider/LOADING]: Loading FMLModContainer from classloader cpw.mods.modlauncher.TransformingClassLoader@481558ce - got cpw.mods.cl.ModuleClassLoader@15fdd1f2
[10Aug2025 21:07:23.298] [main/DEBUG] [net.minecraftforge.fml.javafmlmod.FMLModContainer/LOADING]: Creating FMLModContainer instance for biomesoplenty.forge.core.BiomesOPlentyForge
[10Aug2025 21:07:23.298] [main/DEBUG] [net.minecraftforge.fml.javafmlmod.FMLJavaModLanguageProvider/LOADING]: Loading FMLModContainer from classloader cpw.mods.modlauncher.TransformingClassLoader@481558ce - got cpw.mods.cl.ModuleClassLoader@15fdd1f2
[10Aug2025 21:07:23.298] [main/DEBUG] [net.minecraftforge.fml.javafmlmod.FMLModContainer/LOADING]: Creating FMLModContainer instance for com.github.L_Ender.cataclysm.Cataclysm
[10Aug2025 21:07:23.299] [main/DEBUG] [net.minecraftforge.fml.javafmlmod.FMLJavaModLanguageProvider/LOADING]: Loading FMLModContainer from classloader cpw.mods.modlauncher.TransformingClassLoader@481558ce - got cpw.mods.cl.ModuleClassLoader@15fdd1f2
[10Aug2025 21:07:23.299] [main/DEBUG] [net.minecraftforge.fml.javafmlmod.FMLModContainer/LOADING]: Creating FMLModContainer instance for top.theillusivec4.curios.Curios
[10Aug2025 21:07:23.300] [main/DEBUG] [net.minecraftforge.fml.javafmlmod.FMLJavaModLanguageProvider/LOADING]: Loading FMLModContainer from classloader cpw.mods.modlauncher.TransformingClassLoader@481558ce - got cpw.mods.cl.ModuleClassLoader@15fdd1f2
[10Aug2025 21:07:23.300] [main/DEBUG] [net.minecraftforge.fml.javafmlmod.FMLModContainer/LOADING]: Creating FMLModContainer instance for net.mehvahdjukaar.suppsquared.forge.SuppSquaredForge
[10Aug2025 21:07:23.300] [main/DEBUG] [net.minecraftforge.fml.javafmlmod.FMLJavaModLanguageProvider/LOADING]: Loading FMLModContainer from classloader cpw.mods.modlauncher.TransformingClassLoader@481558ce - got cpw.mods.cl.ModuleClassLoader@15fdd1f2
[10Aug2025 21:07:23.300] [main/DEBUG] [net.minecraftforge.fml.javafmlmod.FMLModContainer/LOADING]: Creating FMLModContainer instance for com.natamus.collective.CollectiveForge
[10Aug2025 21:07:23.301] [main/DEBUG] [net.minecraftforge.fml.javafmlmod.FMLJavaModLanguageProvider/LOADING]: Loading FMLModContainer from classloader cpw.mods.modlauncher.TransformingClassLoader@481558ce - got cpw.mods.cl.ModuleClassLoader@15fdd1f2
[10Aug2025 21:07:23.301] [main/DEBUG] [net.minecraftforge.fml.javafmlmod.FMLModContainer/LOADING]: Creating FMLModContainer instance for net.geforcemods.securitycraft.SecurityCraft
[10Aug2025 21:07:23.302] [main/DEBUG] [net.minecraftforge.fml.lowcodemod.LowCodeModLanguageProvider.LowCodeModTarget/LOADING]: Loading LowCodeModContainer from classloader cpw.mods.modlauncher.TransformingClassLoader@481558ce - got cpw.mods.cl.ModuleClassLoader@15fdd1f2
[10Aug2025 21:07:23.302] [main/DEBUG] [net.minecraftforge.fml.lowcodemod.LowCodeModContainer/LOADING]: Creating LowCodeModContainer for mr_dungeons_andtaverns
[10Aug2025 21:07:23.302] [main/DEBUG] [net.minecraftforge.fml.javafmlmod.FMLJavaModLanguageProvider/LOADING]: Loading FMLModContainer from classloader cpw.mods.modlauncher.TransformingClassLoader@481558ce - got cpw.mods.cl.ModuleClassLoader@15fdd1f2
[10Aug2025 21:07:23.302] [main/DEBUG] [net.minecraftforge.fml.javafmlmod.FMLModContainer/LOADING]: Creating FMLModContainer instance for ovh.corail.tombstone.ModTombstone
[10Aug2025 21:07:23.302] [main/DEBUG] [net.minecraftforge.fml.javafmlmod.FMLJavaModLanguageProvider/LOADING]: Loading FMLModContainer from classloader cpw.mods.modlauncher.TransformingClassLoader@481558ce - got cpw.mods.cl.ModuleClassLoader@15fdd1f2
[10Aug2025 21:07:23.302] [main/DEBUG] [net.minecraftforge.fml.javafmlmod.FMLModContainer/LOADING]: Creating FMLModContainer instance for com.mcwroofs.kikoz.MacawsRoofs
[10Aug2025 21:07:23.303] [main/DEBUG] [thedarkcolour.kotlinforforge.LoggerKt/LOADING]: Loading KotlinModContainer from classloader cpw.mods.modlauncher.TransformingClassLoader@481558ce - got cpw.mods.cl.ModuleClassLoader@15fdd1f2}
[10Aug2025 21:07:23.303] [main/DEBUG] [thedarkcolour.kotlinforforge.LoggerKt/LOADING]: Creating KotlinModContainer instance for org.anti_ad.mc.ipnext.forge.IPNForgeModInit
[10Aug2025 21:07:23.303] [main/DEBUG] [net.minecraftforge.fml.javafmlmod.FMLJavaModLanguageProvider/LOADING]: Loading FMLModContainer from classloader cpw.mods.modlauncher.TransformingClassLoader@481558ce - got cpw.mods.cl.ModuleClassLoader@15fdd1f2
[10Aug2025 21:07:23.304] [main/DEBUG] [net.minecraftforge.fml.javafmlmod.FMLModContainer/LOADING]: Creating FMLModContainer instance for dev.architectury.forge.ArchitecturyForge
[10Aug2025 21:07:23.304] [main/DEBUG] [net.minecraftforge.fml.javafmlmod.FMLJavaModLanguageProvider/LOADING]: Loading FMLModContainer from classloader cpw.mods.modlauncher.TransformingClassLoader@481558ce - got cpw.mods.cl.ModuleClassLoader@15fdd1f2
[10Aug2025 21:07:23.304] [main/DEBUG] [net.minecraftforge.fml.javafmlmod.FMLModContainer/LOADING]: Creating FMLModContainer instance for slexom.vf.animal_feeding_trough.forge.AnimalFeedingTroughModForge
[10Aug2025 21:07:23.305] [main/DEBUG] [net.minecraftforge.fml.javafmlmod.FMLJavaModLanguageProvider/LOADING]: Loading FMLModContainer from classloader cpw.mods.modlauncher.TransformingClassLoader@481558ce - got cpw.mods.cl.ModuleClassLoader@15fdd1f2
[10Aug2025 21:07:23.305] [main/DEBUG] [net.minecraftforge.fml.javafmlmod.FMLModContainer/LOADING]: Creating FMLModContainer instance for com.mcwfurnitures.kikoz.MacawsFurnitures
[10Aug2025 21:07:23.305] [main/DEBUG] [net.minecraftforge.fml.javafmlmod.FMLJavaModLanguageProvider/LOADING]: Loading FMLModContainer from classloader cpw.mods.modlauncher.TransformingClassLoader@481558ce - got cpw.mods.cl.ModuleClassLoader@15fdd1f2
[10Aug2025 21:07:23.305] [main/DEBUG] [net.minecraftforge.fml.javafmlmod.FMLModContainer/LOADING]: Creating FMLModContainer instance for fuzs.puzzleslib.impl.PuzzlesLibForge
[10Aug2025 21:07:23.305] [main/DEBUG] [net.minecraftforge.fml.javafmlmod.FMLJavaModLanguageProvider/LOADING]: Loading FMLModContainer from classloader cpw.mods.modlauncher.TransformingClassLoader@481558ce - got cpw.mods.cl.ModuleClassLoader@15fdd1f2
[10Aug2025 21:07:23.306] [main/DEBUG] [net.minecraftforge.fml.javafmlmod.FMLModContainer/LOADING]: Creating FMLModContainer instance for fr.samlegamer.addonslib.AddonsLib
[10Aug2025 21:07:23.306] [main/DEBUG] [net.minecraftforge.fml.javafmlmod.FMLJavaModLanguageProvider/LOADING]: Loading FMLModContainer from classloader cpw.mods.modlauncher.TransformingClassLoader@481558ce - got cpw.mods.cl.ModuleClassLoader@15fdd1f2
[10Aug2025 21:07:23.306] [main/DEBUG] [net.minecraftforge.fml.javafmlmod.FMLModContainer/LOADING]: Creating FMLModContainer instance for snownee.jade.addon.JadeAddons
[10Aug2025 21:07:23.306] [main/DEBUG] [net.minecraftforge.fml.javafmlmod.FMLJavaModLanguageProvider/LOADING]: Loading FMLModContainer from classloader cpw.mods.modlauncher.TransformingClassLoader@481558ce - got cpw.mods.cl.ModuleClassLoader@15fdd1f2
[10Aug2025 21:07:23.306] [main/DEBUG] [net.minecraftforge.fml.javafmlmod.FMLModContainer/LOADING]: Creating FMLModContainer instance for be.florens.expandability.forge.ExpandAbilityForge
[10Aug2025 21:07:23.307] [main/DEBUG] [net.minecraftforge.fml.javafmlmod.FMLJavaModLanguageProvider/LOADING]: Loading FMLModContainer from classloader cpw.mods.modlauncher.TransformingClassLoader@481558ce - got cpw.mods.cl.ModuleClassLoader@15fdd1f2
[10Aug2025 21:07:23.307] [main/DEBUG] [net.minecraftforge.fml.javafmlmod.FMLModContainer/LOADING]: Creating FMLModContainer instance for com.mcwlights.kikoz.MacawsLights
[10Aug2025 21:07:23.307] [main/DEBUG] [net.minecraftforge.fml.javafmlmod.FMLJavaModLanguageProvider/LOADING]: Loading FMLModContainer from classloader cpw.mods.modlauncher.TransformingClassLoader@481558ce - got cpw.mods.cl.ModuleClassLoader@15fdd1f2
[10Aug2025 21:07:23.307] [main/DEBUG] [net.minecraftforge.fml.javafmlmod.FMLModContainer/LOADING]: Creating FMLModContainer instance for net.mehvahdjukaar.every_compat.forge.EveryCompatForge
[10Aug2025 21:07:23.325] [modloading-worker-0/DEBUG] [betterdungeons/]: Loaded com.yungnickyoung.minecraft.betterdungeons.services.ForgePlatformHelper@c2f086c for service interface com.yungnickyoung.minecraft.betterdungeons.services.IPlatformHelper
[10Aug2025 21:07:23.325] [modloading-worker-0/DEBUG] [net.minecraftforge.fml.javafmlmod.AutomaticEventSubscriber/LOADING]: Attempting to inject @EventBusSubscriber classes into the eventbus for kuma_api
[10Aug2025 21:07:23.328] [modloading-worker-0/DEBUG] [betterdungeons/]: Loaded com.yungnickyoung.minecraft.betterdungeons.services.ForgeModulesLoader@2208549 for service interface com.yungnickyoung.minecraft.betterdungeons.services.IModulesLoader
[10Aug2025 21:07:23.330] [modloading-worker-0/DEBUG] [net.minecraftforge.fml.javafmlmod.AutomaticEventSubscriber/LOADING]: Attempting to inject @EventBusSubscriber classes into the eventbus for easyanvils
[10Aug2025 21:07:23.340] [modloading-worker-0/DEBUG] [net.minecraftforge.fml.javafmlmod.AutomaticEventSubscriber/LOADING]: Auto-subscribing fuzs.easyanvils.EasyAnvilsForge to MOD
[10Aug2025 21:07:23.359] [modloading-worker-0/DEBUG] [net.minecraftforge.fml.config.ConfigTracker/CONFIG]: Config file betterdungeons-forge-1_20.toml for betterdungeons tracking
[10Aug2025 21:07:23.361] [modloading-worker-0/DEBUG] [mixin/]: Mixing MixinLevelEvent from architectury.mixins.json into net.minecraftforge.event.level.LevelEvent
[10Aug2025 21:07:23.363] [modloading-worker-0/DEBUG] [net.minecraftforge.fml.config.ConfigTracker/CONFIG]: Config file amendments-common.toml for amendments tracking
[10Aug2025 21:07:23.368] [modloading-worker-0/DEBUG] [net.minecraftforge.fml.javafmlmod.AutomaticEventSubscriber/LOADING]: Attempting to inject @EventBusSubscriber classes into the eventbus for betterdungeons
[10Aug2025 21:07:23.369] [modloading-worker-0/DEBUG] [net.minecraftforge.fml.javafmlmod.AutomaticEventSubscriber/LOADING]: Attempting to inject @EventBusSubscriber classes into the eventbus for geckolib
[10Aug2025 21:07:23.369] [modloading-worker-0/DEBUG] [net.minecraftforge.fml.javafmlmod.AutomaticEventSubscriber/LOADING]: Auto-subscribing software.bernie.example.GeckoLibMod to FORGE
[10Aug2025 21:07:23.369] [modloading-worker-0/DEBUG] [net.minecraftforge.fml.javafmlmod.AutomaticEventSubscriber/LOADING]: Auto-subscribing software.bernie.example.CommonListener to MOD
[10Aug2025 21:07:23.371] [modloading-worker-0/DEBUG] [net.minecraftforge.fml.javafmlmod.AutomaticEventSubscriber/LOADING]: Attempting to inject @EventBusSubscriber classes into the eventbus for easymagic
[10Aug2025 21:07:23.371] [modloading-worker-0/DEBUG] [net.minecraftforge.fml.javafmlmod.AutomaticEventSubscriber/LOADING]: Auto-subscribing fuzs.easymagic.EasyMagicForge to MOD
[10Aug2025 21:07:23.395] [modloading-worker-0/INFO] [Puzzles Lib/]: Constructing common components for easymagic:main
[10Aug2025 21:07:23.401] [modloading-worker-0/INFO] [Puzzles Lib/]: Constructing common components for easyanvils:main
[10Aug2025 21:07:23.423] [modloading-worker-0/DEBUG] [net.minecraftforge.fml.config.ConfigTracker/CONFIG]: Config file easyanvils-server.toml for easyanvils tracking
[10Aug2025 21:07:23.425] [modloading-worker-0/DEBUG] [net.minecraftforge.fml.config.ConfigTracker/CONFIG]: Config file easymagic-server.toml for easymagic tracking
[10Aug2025 21:07:23.459] [modloading-worker-0/DEBUG] [mixin/]: Mixing ReloadableServerResourcesMixin from balm.mixins.json into net.minecraft.server.ReloadableServerResources
[10Aug2025 21:07:23.459] [modloading-worker-0/DEBUG] [mixin/]: Renaming synthetic method lambda$loadResources$0(Lnet/minecraft/server/ReloadableServerResources;)V to md81b027$lambda$loadResources$0$0 in balm.mixins.json:ReloadableServerResourcesMixin
[10Aug2025 21:07:23.483] [modloading-worker-0/DEBUG] [net.minecraftforge.fml.config.ConfigTracker/CONFIG]: Config file jei-server.toml for jei tracking
[10Aug2025 21:07:23.491] [modloading-worker-0/DEBUG] [net.minecraftforge.fml.javafmlmod.AutomaticEventSubscriber/LOADING]: Attempting to inject @EventBusSubscriber classes into the eventbus for jei
[10Aug2025 21:07:23.517] [modloading-worker-0/INFO] [dynamiclights/]: [Dynamic Lights] Registering server started event ...
[10Aug2025 21:07:23.522] [modloading-worker-0/DEBUG] [net.minecraftforge.fml.javafmlmod.AutomaticEventSubscriber/LOADING]: Attempting to inject @EventBusSubscriber classes into the eventbus for dynamiclights
[10Aug2025 21:07:23.522] [modloading-worker-0/DEBUG] [net.minecraftforge.fml.javafmlmod.AutomaticEventSubscriber/LOADING]: Auto-subscribing net.tschipcraft.dynamiclights.forge.Init to FORGE
[10Aug2025 21:07:23.529] [modloading-worker-0/DEBUG] [net.minecraftforge.fml.config.ConfigTracker/CONFIG]: Config file sophisticatedcore-common.toml for sophisticatedcore tracking
[10Aug2025 21:07:23.529] [modloading-worker-0/DEBUG] [net.minecraftforge.fml.config.ConfigTracker/CONFIG]: Config file sophisticatedcore-client.toml for sophisticatedcore tracking
[10Aug2025 21:07:23.552] [modloading-worker-0/DEBUG] [mixin/]: Mixing PlayerListMixin from balm.mixins.json into net.minecraft.server.players.PlayerList
[10Aug2025 21:07:23.554] [modloading-worker-0/DEBUG] [mixin/]: Mixing camera.PlayerListMixin from securitycraft.mixins.json into net.minecraft.server.players.PlayerList
[10Aug2025 21:07:23.570] [modloading-worker-0/DEBUG] [mixin/]: Mixing accessor.RecipeManagerAccessor from farmersdelight.mixins.json into net.minecraft.world.item.crafting.RecipeManager
[10Aug2025 21:07:23.577] [modloading-worker-0/DEBUG] [mixin/]: Mixing ConditionHackMixin from moonlight.mixins.json into net.minecraft.server.packs.resources.SimplePreparableReloadListener
[10Aug2025 21:07:23.589] [modloading-worker-0/DEBUG] [net.minecraftforge.fml.javafmlmod.AutomaticEventSubscriber/LOADING]: Attempting to inject @EventBusSubscriber classes into the eventbus for sophisticatedcore
[10Aug2025 21:07:23.601] [modloading-worker-0/DEBUG] [net.minecraftforge.fml.javafmlmod.AutomaticEventSubscriber/LOADING]: Attempting to inject @EventBusSubscriber classes into the eventbus for amendments
[10Aug2025 21:07:23.601] [modloading-worker-0/DEBUG] [net.minecraftforge.fml.javafmlmod.AutomaticEventSubscriber/LOADING]: Auto-subscribing net.mehvahdjukaar.amendments.forge.RemapHandler to FORGE
[10Aug2025 21:07:23.603] [modloading-worker-0/DEBUG] [net.minecraftforge.fml.config.ConfigTracker/CONFIG]: Config file mowziesmobs-common.toml for mowziesmobs tracking
[10Aug2025 21:07:23.624] [modloading-worker-0/DEBUG] [net.minecraftforge.fml.javafmlmod.AutomaticEventSubscriber/LOADING]: Attempting to inject @EventBusSubscriber classes into the eventbus for mcwpaintings
[10Aug2025 21:07:23.627] [modloading-worker-0/DEBUG] [net.minecraftforge.fml.javafmlmod.AutomaticEventSubscriber/LOADING]: Auto-subscribing com.mcwpaintings.kikoz.MacawsPaintings to MOD
[10Aug2025 21:07:23.635] [modloading-worker-0/DEBUG] [net.minecraftforge.fml.config.ConfigTracker/CONFIG]: Config file journeymap-server.toml for journeymap tracking
[10Aug2025 21:07:23.639] [modloading-worker-0/DEBUG] [net.minecraftforge.fml.javafmlmod.AutomaticEventSubscriber/LOADING]: Attempting to inject @EventBusSubscriber classes into the eventbus for journeymap
[10Aug2025 21:07:23.641] [modloading-worker-0/DEBUG] [net.minecraftforge.fml.javafmlmod.AutomaticEventSubscriber/LOADING]: Auto-subscribing journeymap.common.config.forge.ForgeConfig to MOD
[10Aug2025 21:07:23.641] [modloading-worker-0/DEBUG] [net.minecraftforge.fml.javafmlmod.AutomaticEventSubscriber/LOADING]: Auto-subscribing journeymap.common.Journeymap to FORGE
[10Aug2025 21:07:23.693] [modloading-worker-0/DEBUG] [net.minecraftforge.fml.config.ConfigTracker/CONFIG]: Config file travelersbackpack-server.toml for travelersbackpack tracking
[10Aug2025 21:07:23.694] [modloading-worker-0/DEBUG] [net.minecraftforge.fml.config.ConfigTracker/CONFIG]: Config file travelersbackpack-common.toml for travelersbackpack tracking
[10Aug2025 21:07:23.694] [modloading-worker-0/DEBUG] [net.minecraftforge.fml.config.ConfigTracker/CONFIG]: Config file travelersbackpack-client.toml for travelersbackpack tracking
[10Aug2025 21:07:23.710] [modloading-worker-0/DEBUG] [net.minecraftforge.fml.javafmlmod.AutomaticEventSubscriber/LOADING]: Attempting to inject @EventBusSubscriber classes into the eventbus for mowziesmobs
[10Aug2025 21:07:23.710] [modloading-worker-0/DEBUG] [net.minecraftforge.fml.javafmlmod.AutomaticEventSubscriber/LOADING]: Auto-subscribing com.bobmowzie.mowziesmobs.server.sound.MMSounds to FORGE
[10Aug2025 21:07:23.711] [modloading-worker-0/DEBUG] [net.minecraftforge.fml.javafmlmod.AutomaticEventSubscriber/LOADING]: Auto-subscribing com.bobmowzie.mowziesmobs.server.inventory.ContainerHandler to MOD
[10Aug2025 21:07:23.711] [modloading-worker-0/DEBUG] [net.minecraftforge.fml.javafmlmod.AutomaticEventSubscriber/LOADING]: Auto-subscribing com.bobmowzie.mowziesmobs.server.entity.EntityHandler to MOD
[10Aug2025 21:07:23.711] [modloading-worker-0/DEBUG] [net.minecraftforge.fml.javafmlmod.AutomaticEventSubscriber/LOADING]: Auto-subscribing com.bobmowzie.mowziesmobs.server.config.ConfigHandler to MOD
[10Aug2025 21:07:23.711] [modloading-worker-0/DEBUG] [net.minecraftforge.fml.javafmlmod.AutomaticEventSubscriber/LOADING]: Auto-subscribing com.bobmowzie.mowziesmobs.MowziesMobs to FORGE
[10Aug2025 21:07:23.711] [modloading-worker-0/DEBUG] [net.minecraftforge.fml.javafmlmod.AutomaticEventSubscriber/LOADING]: Auto-subscribing com.bobmowzie.mowziesmobs.datagen.DataGenerators to MOD
[10Aug2025 21:07:23.754] [modloading-worker-0/DEBUG] [net.minecraftforge.fml.javafmlmod.AutomaticEventSubscriber/LOADING]: Attempting to inject @EventBusSubscriber classes into the eventbus for mcwwindows
[10Aug2025 21:07:23.757] [modloading-worker-0/DEBUG] [net.minecraftforge.fml.javafmlmod.AutomaticEventSubscriber/LOADING]: Auto-subscribing com.mcwwindows.kikoz.MacawsWindows to MOD
[10Aug2025 21:07:23.810] [modloading-worker-0/DEBUG] [net.minecraftforge.fml.config.ConfigTracker/CONFIG]: Config file waystones-common.toml for waystones tracking
[10Aug2025 21:07:23.858] [modloading-worker-0/INFO] [dev.architectury.networking.forge.NetworkManagerImpl/]: Registering C2S receiver with id architectury:sync_ids
[10Aug2025 21:07:23.859] [modloading-worker-0/INFO] [dev.architectury.networking.forge.NetworkManagerImpl/]: Registering C2S receiver with id artifacts:networking_channel/42a7ad70b1cc371599a0eff744096b8a
[10Aug2025 21:07:23.866] [modloading-worker-0/INFO] [dev.architectury.networking.forge.NetworkManagerImpl/]: Registering C2S receiver with id artifacts:networking_channel/74a5e841822a3a87854ae896a33430d6
[10Aug2025 21:07:23.975] [modloading-worker-0/INFO] [dev.architectury.networking.forge.NetworkManagerImpl/]: Registering C2S receiver with id artifacts:networking_channel/eb3d1e2748533430848cadf0f37c7e9c
[10Aug2025 21:07:23.977] [modloading-worker-0/INFO] [dev.architectury.networking.forge.NetworkManagerImpl/]: Registering C2S receiver with id artifacts:networking_channel/91c8520f19f93b3e8b6a727568e194ab
[10Aug2025 21:07:23.988] [modloading-worker-0/INFO] [dev.architectury.networking.forge.NetworkManagerImpl/]: Registering C2S receiver with id artifacts:networking_channel/8c2784d778293fd482ed84b8aa5fedb9
[10Aug2025 21:07:23.989] [modloading-worker-0/INFO] [dev.architectury.networking.forge.NetworkManagerImpl/]: Registering C2S receiver with id artifacts:networking_channel/ea038224ea783d40b2863f52239e2604
[10Aug2025 21:07:23.990] [modloading-worker-0/INFO] [dev.architectury.networking.forge.NetworkManagerImpl/]: Registering C2S receiver with id artifacts:networking_channel/97ad64b7ecaf33209991c4f031501a58
[10Aug2025 21:07:24.006] [modloading-worker-0/DEBUG] [net.minecraftforge.fml.javafmlmod.AutomaticEventSubscriber/LOADING]: Attempting to inject @EventBusSubscriber classes into the eventbus for yungsapi
[10Aug2025 21:07:24.056] [modloading-worker-0/DEBUG] [mixin/]: Mixing item.wearable.WearableArtifactItemMixin from mixins.artifacts.forge.json into artifacts.item.wearable.WearableArtifactItem
[10Aug2025 21:07:24.102] [modloading-worker-0/DEBUG] [mixin/]: Mixing item.umbrella.UmbrellaItemMixin from mixins.artifacts.forge.json into artifacts.item.UmbrellaItem
[10Aug2025 21:07:24.156] [modloading-worker-0/DEBUG] [net.minecraftforge.fml.javafmlmod.AutomaticEventSubscriber/LOADING]: Attempting to inject @EventBusSubscriber classes into the eventbus for waystones
[10Aug2025 21:07:24.157] [modloading-worker-0/DEBUG] [net.minecraftforge.fml.javafmlmod.AutomaticEventSubscriber/LOADING]: Attempting to inject @EventBusSubscriber classes into the eventbus for mixinextras
[10Aug2025 21:07:24.161] [modloading-worker-0/DEBUG] [net.minecraftforge.fml.javafmlmod.AutomaticEventSubscriber/LOADING]: Attempting to inject @EventBusSubscriber classes into the eventbus for glitchcore
[10Aug2025 21:07:24.162] [modloading-worker-0/DEBUG] [net.minecraftforge.fml.javafmlmod.AutomaticEventSubscriber/LOADING]: Auto-subscribing glitchcore.forge.handlers.VillagerTradesEventHandler to FORGE
[10Aug2025 21:07:24.165] [modloading-worker-0/DEBUG] [net.minecraftforge.fml.javafmlmod.AutomaticEventSubscriber/LOADING]: Auto-subscribing glitchcore.forge.handlers.TooltipEventHandler to FORGE
[10Aug2025 21:07:24.169] [modloading-worker-0/DEBUG] [net.minecraftforge.fml.javafmlmod.AutomaticEventSubscriber/LOADING]: Auto-subscribing glitchcore.forge.handlers.ToolModificationEventHandler to FORGE
[10Aug2025 21:07:24.173] [modloading-worker-0/DEBUG] [net.minecraftforge.fml.javafmlmod.AutomaticEventSubscriber/LOADING]: Auto-subscribing glitchcore.forge.handlers.TickEventHandler to FORGE
[10Aug2025 21:07:24.177] [modloading-worker-0/DEBUG] [net.minecraftforge.fml.javafmlmod.AutomaticEventSubscriber/LOADING]: Auto-subscribing glitchcore.forge.handlers.TagsUpdatedEventHandler to FORGE
[10Aug2025 21:07:24.178] [modloading-worker-0/DEBUG] [net.minecraftforge.fml.javafmlmod.AutomaticEventSubscriber/LOADING]: Auto-subscribing glitchcore.forge.handlers.RegistryEventHandler to MOD
[10Aug2025 21:07:24.185] [modloading-worker-0/DEBUG] [net.minecraftforge.fml.javafmlmod.AutomaticEventSubscriber/LOADING]: Auto-subscribing glitchcore.forge.handlers.RegisterCommandsEventHandler to FORGE
[10Aug2025 21:07:24.187] [modloading-worker-0/DEBUG] [net.minecraftforge.fml.javafmlmod.AutomaticEventSubscriber/LOADING]: Auto-subscribing glitchcore.forge.handlers.PlayerLoggedInEventHandler to FORGE
[10Aug2025 21:07:24.188] [modloading-worker-0/DEBUG] [net.minecraftforge.fml.javafmlmod.AutomaticEventSubscriber/LOADING]: Auto-subscribing glitchcore.forge.handlers.InteractionEventHandler to FORGE
[10Aug2025 21:07:24.265] [modloading-worker-0/DEBUG] [net.minecraftforge.fml.javafmlmod.AutomaticEventSubscriber/LOADING]: Attempting to inject @EventBusSubscriber classes into the eventbus for mcwstairs
[10Aug2025 21:07:24.265] [modloading-worker-0/DEBUG] [net.minecraftforge.fml.javafmlmod.AutomaticEventSubscriber/LOADING]: Auto-subscribing com.mcwstairs.kikoz.MacawsStairs to MOD
[10Aug2025 21:07:24.295] [modloading-worker-0/DEBUG] [net.minecraftforge.fml.config.ConfigTracker/CONFIG]: Config file sophisticatedbackpacks-server.toml for sophisticatedbackpacks tracking
[10Aug2025 21:07:24.296] [modloading-worker-0/DEBUG] [net.minecraftforge.fml.config.ConfigTracker/CONFIG]: Config file sophisticatedbackpacks-common.toml for sophisticatedbackpacks tracking
[10Aug2025 21:07:24.303] [modloading-worker-0/DEBUG] [net.minecraftforge.fml.javafmlmod.AutomaticEventSubscriber/LOADING]: Attempting to inject @EventBusSubscriber classes into the eventbus for artifacts
[10Aug2025 21:07:24.370] [modloading-worker-0/DEBUG] [net.minecraftforge.fml.config.ConfigTracker/CONFIG]: Config file balm-client.toml for balm tracking
[10Aug2025 21:07:24.376] [modloading-worker-0/DEBUG] [net.minecraftforge.fml.javafmlmod.AutomaticEventSubscriber/LOADING]: Attempting to inject @EventBusSubscriber classes into the eventbus for travelersbackpack
[10Aug2025 21:07:24.377] [modloading-worker-0/DEBUG] [net.minecraftforge.fml.javafmlmod.AutomaticEventSubscriber/LOADING]: Auto-subscribing com.tiviacz.travelersbackpack.handlers.NeoForgeEventHandler to FORGE
[10Aug2025 21:07:24.379] [modloading-worker-0/DEBUG] [net.minecraftforge.fml.config.ConfigTracker/CONFIG]: Config file balm-common.toml for balm tracking
[10Aug2025 21:07:24.393] [modloading-worker-0/DEBUG] [net.minecraftforge.fml.javafmlmod.AutomaticEventSubscriber/LOADING]: Attempting to inject @EventBusSubscriber classes into the eventbus for balm
[10Aug2025 21:07:24.426] [modloading-worker-0/DEBUG] [net.minecraftforge.fml.javafmlmod.AutomaticEventSubscriber/LOADING]: Auto-subscribing com.tiviacz.travelersbackpack.handlers.ModEventHandler to MOD
[10Aug2025 21:07:24.437] [modloading-worker-0/DEBUG] [Carry On/]: Loaded tschipp.carryon.platform.ForgePlatformHelper@64c5a829 for service interface tschipp.carryon.platform.services.IPlatformHelper
[10Aug2025 21:07:24.438] [modloading-worker-0/DEBUG] [Carry On/]: Loaded tschipp.carryon.platform.ForgeGamestagesHelper@7ed13c91 for service interface tschipp.carryon.platform.services.IGamestagePlatformHelper
[10Aug2025 21:07:24.442] [modloading-worker-0/DEBUG] [net.minecraftforge.fml.config.ConfigTracker/CONFIG]: Config file jeresources-common.toml for jeresources tracking
[10Aug2025 21:07:24.443] [modloading-worker-0/DEBUG] [net.minecraftforge.fml.javafmlmod.AutomaticEventSubscriber/LOADING]: Attempting to inject @EventBusSubscriber classes into the eventbus for mcwdoors
[10Aug2025 21:07:24.444] [modloading-worker-0/DEBUG] [net.minecraftforge.fml.javafmlmod.AutomaticEventSubscriber/LOADING]: Auto-subscribing com.mcwdoors.kikoz.MacawsDoors to MOD
[10Aug2025 21:07:24.444] [modloading-worker-0/DEBUG] [net.minecraftforge.fml.javafmlmod.AutomaticEventSubscriber/LOADING]: Attempting to inject @EventBusSubscriber classes into the eventbus for puzzlesaccessapi
[10Aug2025 21:07:24.445] [modloading-worker-0/DEBUG] [net.minecraftforge.fml.javafmlmod.AutomaticEventSubscriber/LOADING]: Attempting to inject @EventBusSubscriber classes into the eventbus for dungeons_arise_seven_seas
[10Aug2025 21:07:24.447] [modloading-worker-0/DEBUG] [net.minecraftforge.fml.javafmlmod.AutomaticEventSubscriber/LOADING]: Attempting to inject @EventBusSubscriber classes into the eventbus for cloth_config
[10Aug2025 21:07:24.450] [modloading-worker-0/DEBUG] [jeresources/]: Loaded jeresources.forge.ForgePlatformHelper@7ad8f1d3 for service interface jeresources.platform.IPlatformHelper
[10Aug2025 21:07:24.450] [modloading-worker-0/DEBUG] [jeresources/]: Loading config file /workspaces/Server/servidor_minecraft/config/jeresources.toml
[10Aug2025 21:07:24.450] [modloading-worker-0/DEBUG] [jeresources/]: Built TOML config for /workspaces/Server/servidor_minecraft/config/jeresources.toml
[10Aug2025 21:07:24.451] [modloading-worker-0/DEBUG] [net.minecraftforge.fml.config.ConfigTracker/CONFIG]: Config file carryon-common.toml for carryon tracking
[10Aug2025 21:07:24.451] [modloading-worker-0/DEBUG] [net.minecraftforge.fml.config.ConfigTracker/CONFIG]: Config file carryon-client.toml for carryon tracking
[10Aug2025 21:07:24.452] [modloading-worker-0/DEBUG] [net.minecraftforge.fml.javafmlmod.AutomaticEventSubscriber/LOADING]: Attempting to inject @EventBusSubscriber classes into the eventbus for carryon
[10Aug2025 21:07:24.452] [modloading-worker-0/DEBUG] [net.minecraftforge.fml.javafmlmod.AutomaticEventSubscriber/LOADING]: Auto-subscribing tschipp.carryon.CarryOnForge to MOD
[10Aug2025 21:07:24.451] [modloading-worker-0/DEBUG] [net.minecraftforge.versions.forge.ForgeVersion/CORE]: Forge Version package package net.minecraftforge.versions.forge, Forge, version 47.4 from cpw.mods.modlauncher.TransformingClassLoader@481558ce
[10Aug2025 21:07:24.452] [modloading-worker-0/DEBUG] [net.minecraftforge.versions.forge.ForgeVersion/CORE]: Found Forge version 47.4.0
[10Aug2025 21:07:24.453] [modloading-worker-0/DEBUG] [net.minecraftforge.versions.forge.ForgeVersion/CORE]: Found Forge spec 47.4
[10Aug2025 21:07:24.453] [modloading-worker-0/DEBUG] [net.minecraftforge.versions.forge.ForgeVersion/CORE]: Found Forge group net.minecraftforge
[10Aug2025 21:07:24.454] [modloading-worker-0/DEBUG] [net.minecraftforge.versions.mcp.MCPVersion/CORE]: MCP Version package package net.minecraftforge.versions.mcp, Minecraft, version 1.20.1 from cpw.mods.modlauncher.TransformingClassLoader@481558ce
[10Aug2025 21:07:24.456] [modloading-worker-0/DEBUG] [net.minecraftforge.versions.mcp.MCPVersion/CORE]: Found MC version information 1.20.1
[10Aug2025 21:07:24.456] [modloading-worker-0/DEBUG] [net.minecraftforge.versions.mcp.MCPVersion/CORE]: Found MCP version information 20230612.114412
[10Aug2025 21:07:24.452] [modloading-worker-0/DEBUG] [net.minecraftforge.fml.javafmlmod.AutomaticEventSubscriber/LOADING]: Auto-subscribing tschipp.carryon.events.CommonEvents to FORGE
[10Aug2025 21:07:24.453] [modloading-worker-0/DEBUG] [jeresources/]: Loaded TOML config file /workspaces/Server/servidor_minecraft/config/jeresources.toml
[10Aug2025 21:07:24.456] [modloading-worker-0/INFO] [net.minecraftforge.common.ForgeMod/FORGEMOD]: Forge mod loading, version 47.4.0, for MC 1.20.1 with MCP 20230612.114412
[10Aug2025 21:07:24.459] [modloading-worker-0/INFO] [net.minecraftforge.common.MinecraftForge/FORGE]: MinecraftForge v47.4.0 Initialized
[10Aug2025 21:07:24.469] [modloading-worker-0/DEBUG] [net.minecraftforge.fml.javafmlmod.AutomaticEventSubscriber/LOADING]: Auto-subscribing tschipp.carryon.events.ModBusEvents to MOD
[10Aug2025 21:07:24.494] [modloading-worker-0/DEBUG] [net.minecraftforge.fml.javafmlmod.AutomaticEventSubscriber/LOADING]: Attempting to inject @EventBusSubscriber classes into the eventbus for stackrefill
[10Aug2025 21:07:24.498] [modloading-worker-0/DEBUG] [net.minecraftforge.fml.javafmlmod.AutomaticEventSubscriber/LOADING]: Attempting to inject @EventBusSubscriber classes into the eventbus for jeresources
[10Aug2025 21:07:24.504] [modloading-worker-0/DEBUG] [net.minecraftforge.fml.config.ConfigTracker/CONFIG]: Config file forge-client.toml for forge tracking
[10Aug2025 21:07:24.504] [modloading-worker-0/DEBUG] [net.minecraftforge.fml.config.ConfigTracker/CONFIG]: Config file forge-server.toml for forge tracking
[10Aug2025 21:07:24.504] [modloading-worker-0/DEBUG] [net.minecraftforge.fml.ModLoadingContext/]: Attempted to register an empty config for type COMMON on mod forge
[10Aug2025 21:07:24.528] [modloading-worker-0/DEBUG] [net.minecraftforge.fml.javafmlmod.AutomaticEventSubscriber/LOADING]: Attempting to inject @EventBusSubscriber classes into the eventbus for forge
[10Aug2025 21:07:24.534] [modloading-worker-0/DEBUG] [net.minecraftforge.fml.javafmlmod.AutomaticEventSubscriber/LOADING]: Auto-subscribing net.minecraftforge.common.ForgeSpawnEggItem$CommonHandler to MOD
[10Aug2025 21:07:24.536] [modloading-worker-0/DEBUG] [net.minecraftforge.fml.javafmlmod.AutomaticEventSubscriber/LOADING]: Attempting to inject @EventBusSubscriber classes into the eventbus for dungeons_arise
[10Aug2025 21:07:24.546] [modloading-worker-0/DEBUG] [net.minecraftforge.fml.javafmlmod.AutomaticEventSubscriber/LOADING]: Attempting to inject @EventBusSubscriber classes into the eventbus for ati_structuresv
[10Aug2025 21:07:24.562] [modloading-worker-0/DEBUG] [net.minecraftforge.fml.config.ConfigTracker/CONFIG]: Config file supplementaries-common.toml for supplementaries tracking
[10Aug2025 21:07:24.599] [modloading-worker-0/DEBUG] [net.minecraftforge.fml.javafmlmod.AutomaticEventSubscriber/LOADING]: Attempting to inject @EventBusSubscriber classes into the eventbus for sophisticatedbackpacks
[10Aug2025 21:07:24.609] [modloading-worker-0/DEBUG] [net.minecraftforge.fml.config.ConfigTracker/CONFIG]: Config file farmersdelight-common.toml for farmersdelight tracking
[10Aug2025 21:07:24.612] [modloading-worker-0/DEBUG] [net.minecraftforge.fml.config.ConfigTracker/CONFIG]: Config file farmersdelight-client.toml for farmersdelight tracking
[10Aug2025 21:07:24.638] [modloading-worker-0/DEBUG] [mixin/]: Mixing CompatFarmersDelightTomatoMixin from supplementaries.mixins.json into vectorwing.farmersdelight.common.block.TomatoVineBlock
[10Aug2025 21:07:24.689] [modloading-worker-0/DEBUG] [mixin/]: Mixing self.SelfLumiseneFluidMixin from supplementaries.mixins.json into net.mehvahdjukaar.supplementaries.common.fluids.LumiseneFluid
[10Aug2025 21:07:24.695] [modloading-worker-0/DEBUG] [mixin/]: Mixing self.SelfFlammableFluidBlockMixin from supplementaries.mixins.json into net.mehvahdjukaar.supplementaries.common.fluids.FlammableLiquidBlock
[10Aug2025 21:07:24.721] [modloading-worker-0/DEBUG] [net.minecraftforge.fml.javafmlmod.AutomaticEventSubscriber/LOADING]: Attempting to inject @EventBusSubscriber classes into the eventbus for mcwbridges
[10Aug2025 21:07:24.723] [modloading-worker-0/DEBUG] [mixin/]: Mixing self.SelfSoapItemMixin from supplementaries.mixins.json into net.mehvahdjukaar.supplementaries.common.items.SoapItem
[10Aug2025 21:07:24.724] [modloading-worker-0/DEBUG] [net.minecraftforge.fml.javafmlmod.AutomaticEventSubscriber/LOADING]: Auto-subscribing com.mcwbridges.kikoz.MacawsBridges to MOD
[10Aug2025 21:07:24.725] [modloading-worker-0/DEBUG] [net.minecraftforge.fml.javafmlmod.AutomaticEventSubscriber/LOADING]: Attempting to inject @EventBusSubscriber classes into the eventbus for trade_cycling
[10Aug2025 21:07:24.746] [modloading-worker-0/DEBUG] [net.minecraftforge.fml.javafmlmod.AutomaticEventSubscriber/LOADING]: Attempting to inject @EventBusSubscriber classes into the eventbus for mcwpaths
[10Aug2025 21:07:24.749] [modloading-worker-0/DEBUG] [mixin/]: Mixing self.SelfGunpowderMixin from supplementaries.mixins.json into net.mehvahdjukaar.supplementaries.common.block.blocks.GunpowderBlock
[10Aug2025 21:07:24.750] [modloading-worker-0/DEBUG] [net.minecraftforge.fml.javafmlmod.AutomaticEventSubscriber/LOADING]: Auto-subscribing com.mcwpaths.kikoz.MacawsPaths to MOD
[10Aug2025 21:07:24.771] [modloading-worker-0/DEBUG] [net.minecraftforge.fml.javafmlmod.AutomaticEventSubscriber/LOADING]: Attempting to inject @EventBusSubscriber classes into the eventbus for terrablender
[10Aug2025 21:07:24.771] [modloading-worker-0/DEBUG] [net.minecraftforge.fml.javafmlmod.AutomaticEventSubscriber/LOADING]: Auto-subscribing terrablender.handler.InitializationHandler to FORGE
[10Aug2025 21:07:24.813] [modloading-worker-0/DEBUG] [mixin/]: Mixing accessor.CriteriaTriggersAccessor from yungsapi.mixins.json into net.minecraft.advancements.CriteriaTriggers
[10Aug2025 21:07:24.816] [modloading-worker-0/DEBUG] [mixin/]: Renaming @Accessor method getValues()Ljava/util/Map; to getValues_$md$81b027$0 in yungsapi.mixins.json:accessor.CriteriaTriggersAccessor
[10Aug2025 21:07:24.816] [modloading-worker-0/DEBUG] [mixin/]: Mixing accessor.CriteriaTriggersAccessor from cataclysm.mixins.json into net.minecraft.advancements.CriteriaTriggers
[10Aug2025 21:07:24.816] [modloading-worker-0/DEBUG] [mixin/]: Renaming @Accessor method getValues()Ljava/util/Map; to getValues_$md$81b027$1 in cataclysm.mixins.json:accessor.CriteriaTriggersAccessor
[10Aug2025 21:07:24.897] [modloading-worker-0/DEBUG] [net.minecraftforge.fml.javafmlmod.AutomaticEventSubscriber/LOADING]: Attempting to inject @EventBusSubscriber classes into the eventbus for farmersdelight
[10Aug2025 21:07:24.897] [modloading-worker-0/DEBUG] [net.minecraftforge.fml.javafmlmod.AutomaticEventSubscriber/LOADING]: Auto-subscribing vectorwing.farmersdelight.data.DataGenerators to MOD
[10Aug2025 21:07:24.907] [modloading-worker-0/DEBUG] [net.minecraftforge.fml.javafmlmod.AutomaticEventSubscriber/LOADING]: Auto-subscribing vectorwing.farmersdelight.common.item.SkilletItem$SkilletEvents to FORGE
[10Aug2025 21:07:24.908] [modloading-worker-0/DEBUG] [net.minecraftforge.fml.javafmlmod.AutomaticEventSubscriber/LOADING]: Auto-subscribing vectorwing.farmersdelight.common.item.KnifeItem$KnifeEvents to FORGE
[10Aug2025 21:07:24.920] [modloading-worker-0/DEBUG] [net.minecraftforge.fml.javafmlmod.AutomaticEventSubscriber/LOADING]: Auto-subscribing vectorwing.farmersdelight.common.item.HorseFeedItem$HorseFeedEvent to FORGE
[10Aug2025 21:07:24.922] [modloading-worker-0/DEBUG] [net.minecraftforge.fml.javafmlmod.AutomaticEventSubscriber/LOADING]: Auto-subscribing vectorwing.farmersdelight.common.item.enchantment.BackstabbingEnchantment$BackstabbingEvent to FORGE
[10Aug2025 21:07:24.923] [modloading-worker-0/DEBUG] [net.minecraftforge.fml.javafmlmod.AutomaticEventSubscriber/LOADING]: Auto-subscribing vectorwing.farmersdelight.common.item.DogFoodItem$DogFoodEvent to FORGE
[10Aug2025 21:07:24.927] [modloading-worker-0/DEBUG] [net.minecraftforge.fml.javafmlmod.AutomaticEventSubscriber/LOADING]: Auto-subscribing vectorwing.farmersdelight.common.event.VillagerEvents to FORGE
[10Aug2025 21:07:24.930] [modloading-worker-0/DEBUG] [net.minecraftforge.fml.javafmlmod.AutomaticEventSubscriber/LOADING]: Auto-subscribing vectorwing.farmersdelight.common.event.SetupEvents to MOD
[10Aug2025 21:07:24.932] [modloading-worker-0/DEBUG] [net.minecraftforge.fml.javafmlmod.AutomaticEventSubscriber/LOADING]: Auto-subscribing vectorwing.farmersdelight.common.event.MappingEvents to FORGE
[10Aug2025 21:07:24.936] [modloading-worker-0/DEBUG] [net.minecraftforge.fml.javafmlmod.AutomaticEventSubscriber/LOADING]: Auto-subscribing vectorwing.farmersdelight.common.event.CommonEvents to FORGE
[10Aug2025 21:07:24.938] [modloading-worker-0/DEBUG] [net.minecraftforge.fml.javafmlmod.AutomaticEventSubscriber/LOADING]: Auto-subscribing vectorwing.farmersdelight.common.block.CuttingBoardBlock$ToolCarvingEvent to FORGE
[10Aug2025 21:07:24.948] [modloading-worker-0/DEBUG] [mixin/]: Mixing self.SelfSlingshotMixin from supplementaries.mixins.json into net.mehvahdjukaar.supplementaries.common.items.SlingshotItem
[10Aug2025 21:07:24.957] [modloading-worker-0/DEBUG] [net.minecraftforge.fml.config.ConfigTracker/CONFIG]: Config file regions_unexplored/ru-common.toml for regions_unexplored tracking
[10Aug2025 21:07:24.967] [modloading-worker-0/DEBUG] [mixin/]: Mixing self.SelfSafeMixin from supplementaries.mixins.json into net.mehvahdjukaar.supplementaries.common.block.blocks.SafeBlock
[10Aug2025 21:07:24.975] [modloading-worker-0/DEBUG] [net.minecraftforge.fml.config.ConfigTracker/CONFIG]: Config file moonlight-common.toml for moonlight tracking
[10Aug2025 21:07:24.980] [modloading-worker-0/DEBUG] [net.minecraftforge.fml.config.ConfigTracker/CONFIG]: Config file regions_unexplored/ru-primary-region.toml for regions_unexplored tracking
[10Aug2025 21:07:24.985] [modloading-worker-0/DEBUG] [mixin/]: Mixing self.SelfWrenchMixin from supplementaries.mixins.json into net.mehvahdjukaar.supplementaries.common.items.WrenchItem
[10Aug2025 21:07:24.986] [modloading-worker-0/DEBUG] [mixin/]: Renaming synthetic method lambda$onLeftClickEntity$0(Lnet/minecraft/world/entity/player/Player;Lnet/minecraft/world/entity/player/Player;)V to md81b027$lambda$onLeftClickEntity$0$0 in supplementaries.mixins.json:self.SelfWrenchMixin
[10Aug2025 21:07:25.000] [modloading-worker-0/DEBUG] [net.minecraftforge.fml.config.ConfigTracker/CONFIG]: Config file regions_unexplored/ru-secondary-region.toml for regions_unexplored tracking
[10Aug2025 21:07:25.026] [modloading-worker-0/DEBUG] [mixin/]: Mixing self.SelfQuiverItemMixin from supplementaries.mixins.json into net.mehvahdjukaar.supplementaries.common.items.QuiverItem
[10Aug2025 21:07:25.038] [modloading-worker-0/DEBUG] [mixin/]: Mixing self.SelfLunchBoxItemMixin from supplementaries.mixins.json into net.mehvahdjukaar.supplementaries.common.items.LunchBoxItem
[10Aug2025 21:07:25.065] [modloading-worker-0/DEBUG] [mixin/]: Mixing self.SelfOpenableContainerMixin from supplementaries.mixins.json into net.mehvahdjukaar.supplementaries.common.block.tiles.OpeneableContainerBlockEntity
[10Aug2025 21:07:25.086] [modloading-worker-0/DEBUG] [net.minecraftforge.fml.javafmlmod.AutomaticEventSubscriber/LOADING]: Attempting to inject @EventBusSubscriber classes into the eventbus for moonlight
[10Aug2025 21:07:25.087] [modloading-worker-0/DEBUG] [net.minecraftforge.fml.javafmlmod.AutomaticEventSubscriber/LOADING]: Attempting to inject @EventBusSubscriber classes into the eventbus for mixinsquared
[10Aug2025 21:07:25.096] [modloading-worker-0/DEBUG] [net.minecraftforge.fml.javafmlmod.AutomaticEventSubscriber/LOADING]: Attempting to inject @EventBusSubscriber classes into the eventbus for jade
[10Aug2025 21:07:25.096] [modloading-worker-0/DEBUG] [mixin/]: Mixing self.SelfPlanterMixin from supplementaries.mixins.json into net.mehvahdjukaar.supplementaries.common.block.blocks.PlanterBlock
[10Aug2025 21:07:25.153] [modloading-worker-0/DEBUG] [mixin/]: Mixing self.SelfFrameMixin from supplementaries.mixins.json into net.mehvahdjukaar.supplementaries.common.block.blocks.FrameBlock
[10Aug2025 21:07:25.214] [modloading-worker-0/DEBUG] [net.minecraftforge.fml.javafmlmod.AutomaticEventSubscriber/LOADING]: Attempting to inject @EventBusSubscriber classes into the eventbus for mcwtrpdoors
[10Aug2025 21:07:25.215] [modloading-worker-0/DEBUG] [net.minecraftforge.fml.javafmlmod.AutomaticEventSubscriber/LOADING]: Auto-subscribing com.mcwtrpdoors.kikoz.MacawsTrapdoors to MOD
[10Aug2025 21:07:25.273] [modloading-worker-0/DEBUG] [mixin/]: Mixing SelfEntitySpawnDataMixin from moonlight.mixins.json into net.mehvahdjukaar.moonlight.api.entity.IExtraClientSpawnData
[10Aug2025 21:07:25.318] [modloading-worker-0/DEBUG] [net.minecraftforge.fml.javafmlmod.AutomaticEventSubscriber/LOADING]: Attempting to inject @EventBusSubscriber classes into the eventbus for mcwfences
[10Aug2025 21:07:25.324] [modloading-worker-0/DEBUG] [net.minecraftforge.fml.javafmlmod.AutomaticEventSubscriber/LOADING]: Auto-subscribing com.mcwfences.kikoz.MacawsFences to MOD
[10Aug2025 21:07:25.335] [modloading-worker-0/DEBUG] [net.minecraftforge.fml.javafmlmod.AutomaticEventSubscriber/LOADING]: Attempting to inject @EventBusSubscriber classes into the eventbus for lionfishapi
[10Aug2025 21:07:25.335] [modloading-worker-0/DEBUG] [net.minecraftforge.fml.javafmlmod.AutomaticEventSubscriber/LOADING]: Auto-subscribing com.github.L_Ender.lionfishapi.LionfishAPI to FORGE
[10Aug2025 21:07:25.335] [modloading-worker-0/DEBUG] [net.minecraftforge.fml.javafmlmod.AutomaticEventSubscriber/LOADING]: Auto-subscribing com.github.L_Ender.lionfishapi.CommonProxy to MOD
[10Aug2025 21:07:25.337] [modloading-worker-0/DEBUG] [mixin/]: Mixing MapDataMixin from moonlight-common.mixins.json into net.minecraft.world.level.saveddata.maps.MapItemSavedData
[10Aug2025 21:07:25.341] [modloading-worker-0/DEBUG] [mixin/]: Renaming synthetic method lambda$save$3(Lnet/minecraft/nbt/CompoundTag;Lnet/minecraft/resources/ResourceLocation;Lnet/mehvahdjukaar/moonlight/api/map/CustomMapData;)V to md81b027$lambda$save$3$0 in moonlight-common.mixins.json:MapDataMixin
[10Aug2025 21:07:25.341] [modloading-worker-0/DEBUG] [mixin/]: Renaming synthetic method lambda$load$2(Lnet/minecraft/nbt/CompoundTag;Lnet/mehvahdjukaar/moonlight/api/map/CustomMapData;)V to md81b027$lambda$load$2$1 in moonlight-common.mixins.json:MapDataMixin
[10Aug2025 21:07:25.341] [modloading-worker-0/DEBUG] [mixin/]: Renaming synthetic method lambda$setCustomDataDirty$1(Lnet/mehvahdjukaar/moonlight/api/map/CustomMapData$Type;Ljava/util/function/Consumer;Lnet/minecraft/world/level/saveddata/maps/MapItemSavedData$HoldingPlayer;)V to md81b027$lambda$setCustomDataDirty$1$2 in moonlight-common.mixins.json:MapDataMixin
[10Aug2025 21:07:25.341] [modloading-worker-0/DEBUG] [mixin/]: Renaming synthetic method lambda$setCustomDecorationsDirty$0(Lnet/minecraft/world/level/saveddata/maps/MapItemSavedData$HoldingPlayer;)V to md81b027$lambda$setCustomDecorationsDirty$0$3 in moonlight-common.mixins.json:MapDataMixin
[10Aug2025 21:07:25.342] [modloading-worker-0/INFO] [thedarkcolour.kotlinforforge.test.KotlinForForge/]: Kotlin For Forge Enabled!
[10Aug2025 21:07:25.343] [modloading-worker-0/DEBUG] [thedarkcolour.kotlinforforge.LoggerKt/LOADING]: Attempting to inject @EventBusSubscriber kotlin objects in to the event bus for kotlinforforge
[10Aug2025 21:07:25.371] [modloading-worker-0/INFO] [fr.samlegamer.mcwbiomesoplenty.McwBOP/]: Macaw's Biomes O' Plenty Loading...
[10Aug2025 21:07:25.375] [modloading-worker-0/INFO] [libIPN/]: [libIPN] libIPN - init in Kotlin
[10Aug2025 21:07:25.378] [modloading-worker-0/DEBUG] [thedarkcolour.kotlinforforge.LoggerKt/LOADING]: Attempting to inject @EventBusSubscriber kotlin objects in to the event bus for libipn
[10Aug2025 21:07:25.386] [modloading-worker-0/DEBUG] [mixin/]: Mixing impl.MixinEnvironment from glitchcore.forge.mixins.json into glitchcore.util.Environment
[10Aug2025 21:07:25.396] [modloading-worker-0/DEBUG] [mixin/]: Mixing LootTableMixin from balm.mixins.json into net.minecraft.world.level.storage.loot.LootTable
[10Aug2025 21:07:25.397] [modloading-worker-0/DEBUG] [mixin/]: Mixing accessor.LootTableForgeAccessor from puzzleslib.forge.mixins.json into net.minecraft.world.level.storage.loot.LootTable
[10Aug2025 21:07:25.416] [modloading-worker-0/DEBUG] [io.netty.util.internal.InternalThreadLocalMap/]: -Dio.netty.threadLocalMap.stringBuilder.initialSize: 1024
[10Aug2025 21:07:25.419] [modloading-worker-0/DEBUG] [io.netty.util.internal.InternalThreadLocalMap/]: -Dio.netty.threadLocalMap.stringBuilder.maxSize: 4096
[10Aug2025 21:07:25.420] [modloading-worker-0/DEBUG] [io.netty.util.internal.ThreadLocalRandom/]: -Dio.netty.initialSeedUniquifier: 0x7f4bb05a0f3c3fde
[10Aug2025 21:07:25.484] [modloading-worker-0/DEBUG] [mixin/]: Mixing MixinBloodFluid from biomesoplenty.forge.mixins.json into biomesoplenty.block.BloodFluid
[10Aug2025 21:07:25.489] [modloading-worker-0/DEBUG] [mixin/]: Mixing MixinLiquidNullFluid from biomesoplenty.forge.mixins.json into biomesoplenty.block.LiquidNullFluid
[10Aug2025 21:07:25.530] [modloading-worker-0/INFO] [fr.samlegamer.mcwbiomesoplenty.McwBOP/]: Macaw's Biomes O' Plenty Is Charged !
[10Aug2025 21:07:25.531] [modloading-worker-0/DEBUG] [net.minecraftforge.fml.javafmlmod.AutomaticEventSubscriber/LOADING]: Attempting to inject @EventBusSubscriber classes into the eventbus for mcwbiomesoplenty
[10Aug2025 21:07:25.531] [modloading-worker-0/DEBUG] [net.minecraftforge.fml.javafmlmod.AutomaticEventSubscriber/LOADING]: Auto-subscribing fr.samlegamer.mcwbiomesoplenty.Mapping to FORGE
[10Aug2025 21:07:25.553] [modloading-worker-0/DEBUG] [mixin/]: Mixing accessor.BrainAccessor from moonlight-common.mixins.json into net.minecraft.world.entity.ai.Brain
[10Aug2025 21:07:25.564] [modloading-worker-0/DEBUG] [net.minecraftforge.fml.javafmlmod.AutomaticEventSubscriber/LOADING]: Attempting to inject @EventBusSubscriber classes into the eventbus for supplementaries
[10Aug2025 21:07:25.566] [modloading-worker-0/DEBUG] [net.minecraftforge.fml.javafmlmod.AutomaticEventSubscriber/LOADING]: Auto-subscribing net.mehvahdjukaar.supplementaries.forge.RemapHandler to FORGE
[10Aug2025 21:07:25.572] [modloading-worker-0/DEBUG] [net.minecraftforge.fml.config.ConfigTracker/CONFIG]: Config file cataclysm.toml for cataclysm tracking
[10Aug2025 21:07:25.590] [modloading-worker-0/DEBUG] [net.minecraftforge.fml.config.ConfigTracker/CONFIG]: Config file curios-client.toml for curios tracking
[10Aug2025 21:07:25.592] [modloading-worker-0/DEBUG] [net.minecraftforge.fml.config.ConfigTracker/CONFIG]: Config file curios-common.toml for curios tracking
[10Aug2025 21:07:25.592] [modloading-worker-0/DEBUG] [net.minecraftforge.fml.config.ConfigTracker/CONFIG]: Config file curios-server.toml for curios tracking
[10Aug2025 21:07:25.592] [modloading-worker-0/DEBUG] [net.minecraftforge.fml.javafmlmod.AutomaticEventSubscriber/LOADING]: Attempting to inject @EventBusSubscriber classes into the eventbus for curios
[10Aug2025 21:07:25.601] [modloading-worker-0/DEBUG] [net.minecraftforge.fml.javafmlmod.AutomaticEventSubscriber/LOADING]: Attempting to inject @EventBusSubscriber classes into the eventbus for regions_unexplored
[10Aug2025 21:07:25.601] [modloading-worker-0/DEBUG] [net.minecraftforge.fml.javafmlmod.AutomaticEventSubscriber/LOADING]: Auto-subscribing net.regions_unexplored.datagen.DataGeneration to MOD
[10Aug2025 21:07:25.610] [modloading-worker-0/DEBUG] [net.minecraftforge.fml.javafmlmod.AutomaticEventSubscriber/LOADING]: Auto-subscribing net.regions_unexplored.block.compat.FurnaceBurnTimes to FORGE
[10Aug2025 21:07:25.613] [modloading-worker-0/DEBUG] [net.minecraftforge.fml.javafmlmod.AutomaticEventSubscriber/LOADING]: Attempting to inject @EventBusSubscriber classes into the eventbus for biomesoplenty
[10Aug2025 21:07:25.614] [modloading-worker-0/DEBUG] [net.minecraftforge.fml.javafmlmod.AutomaticEventSubscriber/LOADING]: Auto-subscribing biomesoplenty.forge.handler.MissingMappingsHandler to FORGE
[10Aug2025 21:07:25.615] [modloading-worker-0/DEBUG] [net.minecraftforge.fml.javafmlmod.AutomaticEventSubscriber/LOADING]: Auto-subscribing biomesoplenty.forge.datagen.DataGenerationHandler to MOD
[10Aug2025 21:07:25.619] [modloading-worker-0/INFO] [Collective/]: Loading Collective version 8.3.
[10Aug2025 21:07:25.621] [modloading-worker-0/DEBUG] [net.minecraftforge.fml.config.ConfigTracker/CONFIG]: Config file suppsquared-common.toml for suppsquared tracking
[10Aug2025 21:07:25.627] [modloading-worker-0/DEBUG] [mixin/]: Mixing item.wearable.charmofsinking.EnchantmentHelperMixin from mixins.artifacts.common.json into net.minecraft.world.item.enchantment.EnchantmentHelper
[10Aug2025 21:07:25.627] [modloading-worker-0/DEBUG] [mixin/]: Mixing item.wearable.pendant.EnchantmentHelperMixin from mixins.artifacts.common.json into net.minecraft.world.item.enchantment.EnchantmentHelper
[10Aug2025 21:07:25.629] [modloading-worker-0/DEBUG] [net.minecraftforge.fml.javafmlmod.AutomaticEventSubscriber/LOADING]: Attempting to inject @EventBusSubscriber classes into the eventbus for suppsquared
[10Aug2025 21:07:25.637] [modloading-worker-0/DEBUG] [net.minecraftforge.fml.config.ConfigTracker/CONFIG]: Config file securitycraft-client.toml for securitycraft tracking
[10Aug2025 21:07:25.637] [modloading-worker-0/DEBUG] [net.minecraftforge.fml.config.ConfigTracker/CONFIG]: Config file securitycraft-server.toml for securitycraft tracking
[10Aug2025 21:07:25.666] [modloading-worker-0/DEBUG] [net.minecraftforge.fml.config.ConfigTracker/CONFIG]: Config file tombstone-client.toml for tombstone tracking
[10Aug2025 21:07:25.666] [modloading-worker-0/DEBUG] [net.minecraftforge.fml.config.ConfigTracker/CONFIG]: Config file tombstone-common.toml for tombstone tracking
[10Aug2025 21:07:25.682] [modloading-worker-0/DEBUG] [net.minecraftforge.fml.javafmlmod.AutomaticEventSubscriber/LOADING]: Attempting to inject @EventBusSubscriber classes into the eventbus for collective
[10Aug2025 21:07:25.682] [modloading-worker-0/DEBUG] [net.minecraftforge.fml.javafmlmod.AutomaticEventSubscriber/LOADING]: Auto-subscribing com.natamus.collective.forge.events.RegisterCollectiveForgeEvents to FORGE
[10Aug2025 21:07:25.689] [modloading-worker-0/DEBUG] [net.minecraftforge.fml.config.ConfigTracker/CONFIG]: Config file tombstone-server.toml for tombstone tracking
[10Aug2025 21:07:25.690] [modloading-worker-0/DEBUG] [net.minecraftforge.fml.javafmlmod.AutomaticEventSubscriber/LOADING]: Attempting to inject @EventBusSubscriber classes into the eventbus for tombstone
[10Aug2025 21:07:25.690] [modloading-worker-0/DEBUG] [net.minecraftforge.fml.javafmlmod.AutomaticEventSubscriber/LOADING]: Auto-subscribing ovh.corail.tombstone.registry.Registration to MOD
[10Aug2025 21:07:25.695] [modloading-worker-0/DEBUG] [net.minecraftforge.fml.javafmlmod.AutomaticEventSubscriber/LOADING]: Auto-subscribing ovh.corail.tombstone.perk.PerkRegistry to MOD
[10Aug2025 21:07:25.696] [modloading-worker-0/DEBUG] [net.minecraftforge.fml.javafmlmod.AutomaticEventSubscriber/LOADING]: Auto-subscribing ovh.corail.tombstone.helper.LootHelper to FORGE
[10Aug2025 21:07:25.718] [modloading-worker-0/DEBUG] [net.minecraftforge.fml.javafmlmod.AutomaticEventSubscriber/LOADING]: Auto-subscribing ovh.corail.tombstone.event.EventHandler to FORGE
[10Aug2025 21:07:25.755] [modloading-worker-0/DEBUG] [mixin/]: Mixing ExplosionMixin from supplementaries-common.mixins.json into net.minecraft.world.level.Explosion
[10Aug2025 21:07:25.788] [modloading-worker-0/DEBUG] [net.minecraftforge.fml.javafmlmod.AutomaticEventSubscriber/LOADING]: Auto-subscribing ovh.corail.tombstone.config.ConfigTombstone$ConfigEvent to MOD
[10Aug2025 21:07:25.820] [modloading-worker-0/INFO] [Inventory Profiles Next/]: [Inventory Profiles Next] Inventory Profiles Next - init in Kotlin
[10Aug2025 21:07:25.821] [modloading-worker-0/DEBUG] [thedarkcolour.kotlinforforge.LoggerKt/LOADING]: Attempting to inject @EventBusSubscriber kotlin objects in to the event bus for inventoryprofilesnext
[10Aug2025 21:07:25.895] [modloading-worker-0/DEBUG] [net.minecraftforge.fml.javafmlmod.AutomaticEventSubscriber/LOADING]: Attempting to inject @EventBusSubscriber classes into the eventbus for architectury
[10Aug2025 21:07:25.895] [modloading-worker-0/DEBUG] [net.minecraftforge.fml.javafmlmod.AutomaticEventSubscriber/LOADING]: Auto-subscribing dev.architectury.registry.level.entity.trade.forge.TradeRegistryImpl to FORGE
[10Aug2025 21:07:25.897] [modloading-worker-0/DEBUG] [net.minecraftforge.fml.javafmlmod.AutomaticEventSubscriber/LOADING]: Auto-subscribing dev.architectury.registry.forge.ReloadListenerRegistryImpl to FORGE
[10Aug2025 21:07:25.898] [modloading-worker-0/DEBUG] [net.minecraftforge.fml.javafmlmod.AutomaticEventSubscriber/LOADING]: Auto-subscribing dev.architectury.networking.forge.NetworkManagerImpl to FORGE
[10Aug2025 21:07:25.904] [modloading-worker-0/INFO] [Animal Feeding Trough/]: [Animal Feeding Trough] Load Complete! Enjoy :D
[10Aug2025 21:07:25.904] [modloading-worker-0/DEBUG] [net.minecraftforge.fml.javafmlmod.AutomaticEventSubscriber/LOADING]: Attempting to inject @EventBusSubscriber classes into the eventbus for animal_feeding_trough
[10Aug2025 21:07:26.027] [modloading-worker-0/DEBUG] [net.minecraftforge.fml.javafmlmod.AutomaticEventSubscriber/LOADING]: Attempting to inject @EventBusSubscriber classes into the eventbus for cataclysm
[10Aug2025 21:07:26.028] [modloading-worker-0/DEBUG] [net.minecraftforge.fml.javafmlmod.AutomaticEventSubscriber/LOADING]: Auto-subscribing com.github.L_Ender.cataclysm.world.CMWorldRegistry to MOD
[10Aug2025 21:07:26.029] [modloading-worker-0/DEBUG] [net.minecraftforge.fml.javafmlmod.AutomaticEventSubscriber/LOADING]: Auto-subscribing com.github.L_Ender.cataclysm.init.ModEntities to MOD
[10Aug2025 21:07:26.029] [modloading-worker-0/DEBUG] [net.minecraftforge.fml.javafmlmod.AutomaticEventSubscriber/LOADING]: Auto-subscribing com.github.L_Ender.cataclysm.event.ServerEventHandler to FORGE
[10Aug2025 21:07:26.029] [modloading-worker-0/DEBUG] [net.minecraftforge.fml.javafmlmod.AutomaticEventSubscriber/LOADING]: Auto-subscribing com.github.L_Ender.cataclysm.CommonProxy to MOD
[10Aug2025 21:07:26.030] [modloading-worker-0/DEBUG] [net.minecraftforge.fml.javafmlmod.AutomaticEventSubscriber/LOADING]: Auto-subscribing com.github.L_Ender.cataclysm.Cataclysm to FORGE
[10Aug2025 21:07:26.033] [modloading-worker-0/DEBUG] [net.minecraftforge.fml.javafmlmod.AutomaticEventSubscriber/LOADING]: Attempting to inject @EventBusSubscriber classes into the eventbus for puzzleslib
[10Aug2025 21:07:26.033] [modloading-worker-0/DEBUG] [net.minecraftforge.fml.javafmlmod.AutomaticEventSubscriber/LOADING]: Auto-subscribing fuzs.puzzleslib.impl.PuzzlesLibForge to MOD
[10Aug2025 21:07:26.078] [modloading-worker-0/INFO] [Puzzles Lib/]: Constructing common components for puzzleslib:main
[10Aug2025 21:07:26.096] [modloading-worker-0/DEBUG] [net.minecraftforge.fml.javafmlmod.AutomaticEventSubscriber/LOADING]: Attempting to inject @EventBusSubscriber classes into the eventbus for mcwroofs
[10Aug2025 21:07:26.096] [modloading-worker-0/DEBUG] [net.minecraftforge.fml.javafmlmod.AutomaticEventSubscriber/LOADING]: Auto-subscribing com.mcwroofs.kikoz.MacawsRoofs to MOD
[10Aug2025 21:07:26.097] [modloading-worker-0/DEBUG] [net.minecraftforge.fml.javafmlmod.AutomaticEventSubscriber/LOADING]: Attempting to inject @EventBusSubscriber classes into the eventbus for addonslib
[10Aug2025 21:07:26.097] [modloading-worker-0/DEBUG] [net.minecraftforge.fml.javafmlmod.AutomaticEventSubscriber/LOADING]: Attempting to inject @EventBusSubscriber classes into the eventbus for jadeaddons
[10Aug2025 21:07:26.098] [modloading-worker-0/INFO] [be.florens.expandability.ExpandAbility/]: ExpandAbility here, who dis?
[10Aug2025 21:07:26.098] [modloading-worker-0/DEBUG] [net.minecraftforge.fml.javafmlmod.AutomaticEventSubscriber/LOADING]: Attempting to inject @EventBusSubscriber classes into the eventbus for expandability
[10Aug2025 21:07:26.128] [modloading-worker-0/DEBUG] [net.minecraftforge.fml.config.ConfigTracker/CONFIG]: Config file everycomp-common.toml for everycomp tracking
[10Aug2025 21:07:26.215] [modloading-worker-0/DEBUG] [net.minecraftforge.fml.javafmlmod.AutomaticEventSubscriber/LOADING]: Attempting to inject @EventBusSubscriber classes into the eventbus for mcwlights
[10Aug2025 21:07:26.215] [modloading-worker-0/DEBUG] [net.minecraftforge.fml.javafmlmod.AutomaticEventSubscriber/LOADING]: Auto-subscribing com.mcwlights.kikoz.MacawsLights to MOD
[10Aug2025 21:07:26.216] [modloading-worker-0/DEBUG] [net.minecraftforge.fml.javafmlmod.AutomaticEventSubscriber/LOADING]: Attempting to inject @EventBusSubscriber classes into the eventbus for securitycraft
[10Aug2025 21:07:26.216] [modloading-worker-0/DEBUG] [net.minecraftforge.fml.javafmlmod.AutomaticEventSubscriber/LOADING]: Auto-subscribing net.geforcemods.securitycraft.api.SecurityCraftAPI to MOD
[10Aug2025 21:07:26.217] [modloading-worker-0/DEBUG] [net.minecraftforge.fml.javafmlmod.AutomaticEventSubscriber/LOADING]: Auto-subscribing net.geforcemods.securitycraft.SecurityCraft to MOD
[10Aug2025 21:07:26.218] [modloading-worker-0/DEBUG] [net.minecraftforge.fml.javafmlmod.AutomaticEventSubscriber/LOADING]: Auto-subscribing net.geforcemods.securitycraft.SCEventHandler to FORGE
[10Aug2025 21:07:26.227] [modloading-worker-0/DEBUG] [net.minecraftforge.fml.javafmlmod.AutomaticEventSubscriber/LOADING]: Auto-subscribing net.geforcemods.securitycraft.RegistrationHandler to MOD
[10Aug2025 21:07:26.230] [modloading-worker-0/DEBUG] [net.minecraftforge.fml.javafmlmod.AutomaticEventSubscriber/LOADING]: Auto-subscribing net.geforcemods.securitycraft.ConfigHandler to MOD
[10Aug2025 21:07:26.300] [modloading-worker-0/DEBUG] [net.minecraftforge.fml.javafmlmod.AutomaticEventSubscriber/LOADING]: Attempting to inject @EventBusSubscriber classes into the eventbus for mcwfurnitures
[10Aug2025 21:07:26.300] [modloading-worker-0/DEBUG] [net.minecraftforge.fml.javafmlmod.AutomaticEventSubscriber/LOADING]: Auto-subscribing com.mcwfurnitures.kikoz.init.EntityInit to MOD
[10Aug2025 21:07:26.301] [modloading-worker-0/DEBUG] [net.minecraftforge.fml.javafmlmod.AutomaticEventSubscriber/LOADING]: Auto-subscribing com.mcwfurnitures.kikoz.MacawsFurnitures to MOD
[10Aug2025 21:07:26.349] [modloading-worker-0/DEBUG] [net.minecraftforge.fml.javafmlmod.AutomaticEventSubscriber/LOADING]: Attempting to inject @EventBusSubscriber classes into the eventbus for everycomp
[10Aug2025 21:07:26.405] [main/DEBUG] [net.minecraftforge.common.capabilities.CapabilityManager/CAPABILITIES]: Attempting to automatically register: Lcom/tiviacz/travelersbackpack/capability/ITravelersBackpack;
[10Aug2025 21:07:26.406] [main/DEBUG] [net.minecraftforge.common.capabilities.CapabilityManager/CAPABILITIES]: Attempting to automatically register: Lnet/minecraftforge/energy/IEnergyStorage;
[10Aug2025 21:07:26.406] [main/DEBUG] [net.minecraftforge.common.capabilities.CapabilityManager/CAPABILITIES]: Attempting to automatically register: Lnet/minecraftforge/fluids/capability/IFluidHandler;
[10Aug2025 21:07:26.406] [main/DEBUG] [net.minecraftforge.common.capabilities.CapabilityManager/CAPABILITIES]: Attempting to automatically register: Lnet/minecraftforge/fluids/capability/IFluidHandlerItem;
[10Aug2025 21:07:26.406] [main/DEBUG] [net.minecraftforge.common.capabilities.CapabilityManager/CAPABILITIES]: Attempting to automatically register: Lnet/minecraftforge/items/IItemHandler;
[10Aug2025 21:07:26.453] [main/DEBUG] [mixin/]: Mixing SelfModFlowingFluidMixin from moonlight.mixins.json into net.mehvahdjukaar.moonlight.api.fluids.ModFlowingFluid
[10Aug2025 21:07:26.453] [main/DEBUG] [mixin/]: Renaming synthetic method lambda$afterInit$0(Lnet/mehvahdjukaar/moonlight/api/client/forge/ModFluidType;)Lnet/minecraftforge/fluids/FluidType; to md81b027$lambda$afterInit$0$0 in moonlight.mixins.json:SelfModFlowingFluidMixin
[10Aug2025 21:07:26.468] [main/DEBUG] [mixin/]: Mixing SelfCauldronMixin from amendments.mixins.json into net.mehvahdjukaar.amendments.common.tile.LiquidCauldronBlockTile
[10Aug2025 21:07:26.469] [main/DEBUG] [mixin/]: Renaming synthetic method lambda$new$0()Lnet/minecraftforge/fluids/capability/IFluidHandler; to md81b027$lambda$new$0$0 in amendments.mixins.json:SelfCauldronMixin
[10Aug2025 21:07:26.758] [main/DEBUG] [mixin/]: Mixing SelfItemDisplayTileMixin from moonlight.mixins.json into net.mehvahdjukaar.moonlight.api.block.ItemDisplayTile
[10Aug2025 21:07:27.938] [main/DEBUG] [mixin/]: Mixing self.SelfSpeakerBlockTileMixin from supplementaries.mixins.json into net.mehvahdjukaar.supplementaries.common.block.tiles.SpeakerBlockTile
[10Aug2025 21:07:30.422] [main/DEBUG] [software.bernie.geckolib.GeckoLib/]: Registered SyncedAnimatable for class com.bobmowzie.mowziesmobs.server.item.ItemEarthrendGauntlet
[10Aug2025 21:07:30.422] [main/DEBUG] [software.bernie.geckolib.GeckoLib/]: Registered SyncedAnimatable for class com.bobmowzie.mowziesmobs.server.item.ItemSculptorStaff
[10Aug2025 21:07:30.437] [main/DEBUG] [mixin/]: Mixing gamerule.BooleanValueInvoker from mixins.artifacts.common.json into net.minecraft.world.level.GameRules$BooleanValue
[10Aug2025 21:07:30.437] [main/DEBUG] [mixin/]: Renaming @Invoker method invokeCreate(ZLjava/util/function/BiConsumer;)Lnet/minecraft/world/level/GameRules$Type; to invokeCreate_$md$81b027$0 in mixins.artifacts.common.json:gamerule.BooleanValueInvoker
[10Aug2025 21:07:30.443] [main/DEBUG] [mixin/]: Mixing gamerule.IntegerValueInvoker from mixins.artifacts.common.json into net.minecraft.world.level.GameRules$IntegerValue
[10Aug2025 21:07:30.443] [main/DEBUG] [mixin/]: Renaming @Invoker method invokeCreate(ILjava/util/function/BiConsumer;)Lnet/minecraft/world/level/GameRules$Type; to invokeCreate_$md$81b027$0 in mixins.artifacts.common.json:gamerule.IntegerValueInvoker
[10Aug2025 21:07:30.462] [main/DEBUG] [mixin/]: Mixing impl.MixinBlockHelper from glitchcore.forge.mixins.json into glitchcore.util.BlockHelper
[10Aug2025 21:07:30.491] [main/DEBUG] [mixin/]: Mixing self.SelfDispenserMinecraftMixin from supplementaries.mixins.json into net.mehvahdjukaar.supplementaries.common.entities.dispenser_minecart.DispenserMinecartEntity
[10Aug2025 21:07:30.493] [main/DEBUG] [mixin/]: Renaming synthetic method lambda$reviveCaps$1()Lnet/minecraftforge/items/wrapper/InvWrapper; to md81b027$lambda$reviveCaps$1$0 in supplementaries.mixins.json:self.SelfDispenserMinecraftMixin
[10Aug2025 21:07:30.493] [main/DEBUG] [mixin/]: Renaming synthetic method lambda$new$0()Lnet/minecraftforge/items/wrapper/InvWrapper; to md81b027$lambda$new$0$1 in supplementaries.mixins.json:self.SelfDispenserMinecraftMixin
[10Aug2025 21:07:30.789] [main/INFO] [Moonlight/]: Initialized block sets in 32ms
[10Aug2025 21:07:30.798] [main/INFO] [Every Compat/]: Registering Compat WoodType Blocks
[10Aug2025 21:07:30.803] [main/INFO] [Every Compat/]: [module: farmersdelight]: registered 35 WoodType blocks
[10Aug2025 21:07:30.805] [main/INFO] [Every Compat/]: [module: regions_unexplored]: registered 13 WoodType blocks
[10Aug2025 21:07:30.845] [main/INFO] [Every Compat/]: [module: mcwbridges]: registered 140 WoodType blocks
[10Aug2025 21:07:31.253] [main/INFO] [Every Compat/]: [module: mcwdoors]: registered 504 WoodType blocks
[10Aug2025 21:07:31.340] [main/INFO] [Every Compat/]: [module: mcwfences]: registered 142 WoodType blocks
[10Aug2025 21:07:32.074] [main/INFO] [Every Compat/]: [module: mcwfurnitures]: registered 1200 WoodType blocks
[10Aug2025 21:07:32.092] [main/INFO] [Every Compat/]: [module: mcwlights]: registered 109 WoodType blocks
[10Aug2025 21:07:32.095] [main/INFO] [Every Compat/]: [module: mcwpaths]: registered 24 WoodType blocks
[10Aug2025 21:07:32.218] [main/INFO] [Every Compat/]: [module: mcwroofs]: registered 336 WoodType blocks
[10Aug2025 21:07:32.531] [main/INFO] [Every Compat/]: [module: mcwtrpdoors]: registered 382 WoodType blocks
[10Aug2025 21:07:32.732] [main/INFO] [Every Compat/]: [module: mcwwindows]: registered 398 WoodType blocks
[10Aug2025 21:07:32.747] [main/INFO] [Every Compat/]: [module: mcwstairs]: registered 176 WoodType blocks
[10Aug2025 21:07:32.747] [main/INFO] [Every Compat/]: Registering Compat LeavesType Blocks
[10Aug2025 21:07:32.749] [main/INFO] [Every Compat/]: [module: regions_unexplored]: registered 17 LeavesType blocks
[10Aug2025 21:07:32.768] [main/INFO] [Every Compat/]: [module: mcwfences]: registered 31 LeavesType blocks
[10Aug2025 21:07:32.806] [main/DEBUG] [net.minecraftforge.fml.config.ConfigTracker/CONFIG]: Config file everycomp-entries.toml for amendments tracking
[10Aug2025 21:07:32.812] [main/DEBUG] [dev.architectury.core.item.ArchitecturySpawnEggItem/]: Registering spawn egg mimic_spawn_egg for artifacts:mimic
[10Aug2025 21:07:33.245] [main/DEBUG] [mixin/]: Mixing accessor.ShapelessRecipeAccessor from tombstone.mixins.json into net.minecraft.world.item.crafting.ShapelessRecipe
[10Aug2025 21:07:33.459] [main/DEBUG] [mixin/]: Mixing ForgeHooksMixin from tombstone.mixins.json into net.minecraftforge.common.ForgeHooks
[10Aug2025 21:07:33.535] [main/DEBUG] [net.minecraftforge.fml.config.ConfigTracker/CONFIG]: Loading configs type COMMON
[10Aug2025 21:07:33.535] [main/DEBUG] [net.minecraftforge.fml.config.ConfigFileTypeHandler/CONFIG]: Built TOML config for /workspaces/Server/servidor_minecraft/config/betterdungeons-forge-1_20.toml
[10Aug2025 21:07:33.536] [main/DEBUG] [net.minecraftforge.fml.config.ConfigFileTypeHandler/CONFIG]: Loaded TOML config file /workspaces/Server/servidor_minecraft/config/betterdungeons-forge-1_20.toml
[10Aug2025 21:07:33.541] [main/DEBUG] [net.minecraftforge.fml.config.ConfigFileTypeHandler/CONFIG]: Watching TOML config file /workspaces/Server/servidor_minecraft/config/betterdungeons-forge-1_20.toml for changes
[10Aug2025 21:07:33.542] [main/DEBUG] [net.minecraftforge.fml.config.ConfigFileTypeHandler/CONFIG]: Built TOML config for /workspaces/Server/servidor_minecraft/config/amendments-common.toml
[10Aug2025 21:07:33.542] [Thread-2/DEBUG] [net.minecraftforge.fml.config.ConfigFileTypeHandler/CONFIG]: Config file betterdungeons-forge-1_20.toml changed, sending notifies
[10Aug2025 21:07:33.542] [main/DEBUG] [net.minecraftforge.fml.config.ConfigFileTypeHandler/CONFIG]: Loaded TOML config file /workspaces/Server/servidor_minecraft/config/amendments-common.toml
[10Aug2025 21:07:33.542] [main/DEBUG] [net.minecraftforge.fml.config.ConfigFileTypeHandler/CONFIG]: Watching TOML config file /workspaces/Server/servidor_minecraft/config/amendments-common.toml for changes
[10Aug2025 21:07:33.542] [Thread-2/DEBUG] [net.minecraftforge.fml.config.ConfigFileTypeHandler/CONFIG]: Config file betterdungeons-forge-1_20.toml changed, sending notifies
[10Aug2025 21:07:33.543] [Thread-2/DEBUG] [net.minecraftforge.fml.config.ConfigFileTypeHandler/CONFIG]: Config file amendments-common.toml changed, sending notifies
[10Aug2025 21:07:33.543] [main/DEBUG] [net.minecraftforge.fml.config.ConfigFileTypeHandler/CONFIG]: Built TOML config for /workspaces/Server/servidor_minecraft/config/sophisticatedcore-common.toml
[10Aug2025 21:07:33.543] [main/DEBUG] [net.minecraftforge.fml.config.ConfigFileTypeHandler/CONFIG]: Loaded TOML config file /workspaces/Server/servidor_minecraft/config/sophisticatedcore-common.toml
[10Aug2025 21:07:33.544] [main/DEBUG] [net.minecraftforge.fml.config.ConfigFileTypeHandler/CONFIG]: Watching TOML config file /workspaces/Server/servidor_minecraft/config/sophisticatedcore-common.toml for changes
[10Aug2025 21:07:33.544] [Thread-2/DEBUG] [net.minecraftforge.fml.config.ConfigFileTypeHandler/CONFIG]: Config file amendments-common.toml changed, sending notifies
[10Aug2025 21:07:33.544] [Thread-2/DEBUG] [net.minecraftforge.fml.config.ConfigFileTypeHandler/CONFIG]: Config file sophisticatedcore-common.toml changed, sending notifies
[10Aug2025 21:07:33.544] [main/DEBUG] [net.minecraftforge.fml.config.ConfigFileTypeHandler/CONFIG]: Built TOML config for /workspaces/Server/servidor_minecraft/config/mowziesmobs-common.toml
[10Aug2025 21:07:33.545] [Thread-2/DEBUG] [net.minecraftforge.fml.config.ConfigFileTypeHandler/CONFIG]: Config file sophisticatedcore-common.toml changed, sending notifies
[10Aug2025 21:07:33.547] [main/DEBUG] [net.minecraftforge.fml.config.ConfigFileTypeHandler/CONFIG]: Loaded TOML config file /workspaces/Server/servidor_minecraft/config/mowziesmobs-common.toml
[10Aug2025 21:07:33.547] [main/DEBUG] [net.minecraftforge.fml.config.ConfigFileTypeHandler/CONFIG]: Watching TOML config file /workspaces/Server/servidor_minecraft/config/mowziesmobs-common.toml for changes
[10Aug2025 21:07:33.550] [Thread-2/DEBUG] [net.minecraftforge.fml.config.ConfigFileTypeHandler/CONFIG]: Config file mowziesmobs-common.toml changed, sending notifies
[10Aug2025 21:07:33.551] [main/DEBUG] [net.minecraftforge.fml.config.ConfigFileTypeHandler/CONFIG]: Built TOML config for /workspaces/Server/servidor_minecraft/config/travelersbackpack-common.toml
[10Aug2025 21:07:33.552] [main/DEBUG] [net.minecraftforge.fml.config.ConfigFileTypeHandler/CONFIG]: Loaded TOML config file /workspaces/Server/servidor_minecraft/config/travelersbackpack-common.toml
[10Aug2025 21:07:33.552] [main/DEBUG] [net.minecraftforge.fml.config.ConfigFileTypeHandler/CONFIG]: Watching TOML config file /workspaces/Server/servidor_minecraft/config/travelersbackpack-common.toml for changes
[10Aug2025 21:07:33.552] [Thread-2/DEBUG] [net.minecraftforge.fml.config.ConfigFileTypeHandler/CONFIG]: Config file travelersbackpack-common.toml changed, sending notifies
[10Aug2025 21:07:33.552] [main/DEBUG] [net.minecraftforge.fml.config.ConfigFileTypeHandler/CONFIG]: Built TOML config for /workspaces/Server/servidor_minecraft/config/waystones-common.toml
[10Aug2025 21:07:33.553] [Thread-2/DEBUG] [net.minecraftforge.fml.config.ConfigFileTypeHandler/CONFIG]: Config file travelersbackpack-common.toml changed, sending notifies
[10Aug2025 21:07:33.553] [main/DEBUG] [net.minecraftforge.fml.config.ConfigFileTypeHandler/CONFIG]: Loaded TOML config file /workspaces/Server/servidor_minecraft/config/waystones-common.toml
[10Aug2025 21:07:33.553] [main/DEBUG] [net.minecraftforge.fml.config.ConfigFileTypeHandler/CONFIG]: Watching TOML config file /workspaces/Server/servidor_minecraft/config/waystones-common.toml for changes
[10Aug2025 21:07:33.559] [Thread-2/DEBUG] [net.minecraftforge.fml.config.ConfigFileTypeHandler/CONFIG]: Config file waystones-common.toml changed, sending notifies
[10Aug2025 21:07:33.559] [main/DEBUG] [net.minecraftforge.fml.config.ConfigFileTypeHandler/CONFIG]: Built TOML config for /workspaces/Server/servidor_minecraft/config/sophisticatedbackpacks-common.toml
[10Aug2025 21:07:33.559] [main/DEBUG] [net.minecraftforge.fml.config.ConfigFileTypeHandler/CONFIG]: Loaded TOML config file /workspaces/Server/servidor_minecraft/config/sophisticatedbackpacks-common.toml
[10Aug2025 21:07:33.559] [main/DEBUG] [net.minecraftforge.fml.config.ConfigFileTypeHandler/CONFIG]: Watching TOML config file /workspaces/Server/servidor_minecraft/config/sophisticatedbackpacks-common.toml for changes
[10Aug2025 21:07:33.560] [main/DEBUG] [net.minecraftforge.fml.config.ConfigFileTypeHandler/CONFIG]: Built TOML config for /workspaces/Server/servidor_minecraft/config/balm-common.toml
[10Aug2025 21:07:33.560] [main/DEBUG] [net.minecraftforge.fml.config.ConfigFileTypeHandler/CONFIG]: Loaded TOML config file /workspaces/Server/servidor_minecraft/config/balm-common.toml
[10Aug2025 21:07:33.560] [main/DEBUG] [net.minecraftforge.fml.config.ConfigFileTypeHandler/CONFIG]: Watching TOML config file /workspaces/Server/servidor_minecraft/config/balm-common.toml for changes
[10Aug2025 21:07:33.560] [main/DEBUG] [net.minecraftforge.fml.config.ConfigFileTypeHandler/CONFIG]: Built TOML config for /workspaces/Server/servidor_minecraft/config/jeresources-common.toml
[10Aug2025 21:07:33.561] [main/DEBUG] [net.minecraftforge.fml.config.ConfigFileTypeHandler/CONFIG]: Loaded TOML config file /workspaces/Server/servidor_minecraft/config/jeresources-common.toml
[10Aug2025 21:07:33.561] [main/DEBUG] [net.minecraftforge.fml.config.ConfigFileTypeHandler/CONFIG]: Watching TOML config file /workspaces/Server/servidor_minecraft/config/jeresources-common.toml for changes
[10Aug2025 21:07:33.561] [main/DEBUG] [net.minecraftforge.fml.config.ConfigFileTypeHandler/CONFIG]: Built TOML config for /workspaces/Server/servidor_minecraft/config/carryon-common.toml
[10Aug2025 21:07:33.562] [main/DEBUG] [net.minecraftforge.fml.config.ConfigFileTypeHandler/CONFIG]: Loaded TOML config file /workspaces/Server/servidor_minecraft/config/carryon-common.toml
[10Aug2025 21:07:33.562] [main/DEBUG] [net.minecraftforge.fml.config.ConfigFileTypeHandler/CONFIG]: Watching TOML config file /workspaces/Server/servidor_minecraft/config/carryon-common.toml for changes
[10Aug2025 21:07:33.564] [Thread-2/DEBUG] [net.minecraftforge.fml.config.ConfigFileTypeHandler/CONFIG]: Config file waystones-common.toml changed, sending notifies
[10Aug2025 21:07:33.820] [Thread-2/DEBUG] [net.minecraftforge.fml.config.ConfigFileTypeHandler/CONFIG]: Config file carryon-common.toml changed, sending notifies
[10Aug2025 21:07:33.820] [main/DEBUG] [net.minecraftforge.fml.config.ConfigFileTypeHandler/CONFIG]: Built TOML config for /workspaces/Server/servidor_minecraft/config/supplementaries-common.toml
[10Aug2025 21:07:33.823] [main/DEBUG] [net.minecraftforge.fml.config.ConfigFileTypeHandler/CONFIG]: Loaded TOML config file /workspaces/Server/servidor_minecraft/config/supplementaries-common.toml
[10Aug2025 21:07:33.823] [main/DEBUG] [net.minecraftforge.fml.config.ConfigFileTypeHandler/CONFIG]: Watching TOML config file /workspaces/Server/servidor_minecraft/config/supplementaries-common.toml for changes
[10Aug2025 21:07:33.825] [main/DEBUG] [net.minecraftforge.fml.config.ConfigFileTypeHandler/CONFIG]: Built TOML config for /workspaces/Server/servidor_minecraft/config/farmersdelight-common.toml
[10Aug2025 21:07:33.826] [main/DEBUG] [net.minecraftforge.fml.config.ConfigFileTypeHandler/CONFIG]: Loaded TOML config file /workspaces/Server/servidor_minecraft/config/farmersdelight-common.toml
[10Aug2025 21:07:33.826] [main/DEBUG] [net.minecraftforge.fml.config.ConfigFileTypeHandler/CONFIG]: Watching TOML config file /workspaces/Server/servidor_minecraft/config/farmersdelight-common.toml for changes
[10Aug2025 21:07:33.827] [main/DEBUG] [net.minecraftforge.fml.config.ConfigFileTypeHandler/CONFIG]: Built TOML config for /workspaces/Server/servidor_minecraft/config/regions_unexplored/ru-common.toml
[10Aug2025 21:07:33.827] [main/DEBUG] [net.minecraftforge.fml.config.ConfigFileTypeHandler/CONFIG]: Loaded TOML config file /workspaces/Server/servidor_minecraft/config/regions_unexplored/ru-common.toml
[10Aug2025 21:07:33.828] [main/DEBUG] [net.minecraftforge.fml.config.ConfigFileTypeHandler/CONFIG]: Watching TOML config file /workspaces/Server/servidor_minecraft/config/regions_unexplored/ru-common.toml for changes
[10Aug2025 21:07:33.829] [main/DEBUG] [net.minecraftforge.fml.config.ConfigFileTypeHandler/CONFIG]: Built TOML config for /workspaces/Server/servidor_minecraft/config/moonlight-common.toml
[10Aug2025 21:07:33.829] [main/DEBUG] [net.minecraftforge.fml.config.ConfigFileTypeHandler/CONFIG]: Loaded TOML config file /workspaces/Server/servidor_minecraft/config/moonlight-common.toml
[10Aug2025 21:07:33.829] [main/DEBUG] [net.minecraftforge.fml.config.ConfigFileTypeHandler/CONFIG]: Watching TOML config file /workspaces/Server/servidor_minecraft/config/moonlight-common.toml for changes
[10Aug2025 21:07:33.830] [main/DEBUG] [net.minecraftforge.fml.config.ConfigFileTypeHandler/CONFIG]: Built TOML config for /workspaces/Server/servidor_minecraft/config/regions_unexplored/ru-primary-region.toml
[10Aug2025 21:07:33.831] [main/DEBUG] [net.minecraftforge.fml.config.ConfigFileTypeHandler/CONFIG]: Loaded TOML config file /workspaces/Server/servidor_minecraft/config/regions_unexplored/ru-primary-region.toml
[10Aug2025 21:07:33.831] [main/DEBUG] [net.minecraftforge.fml.config.ConfigFileTypeHandler/CONFIG]: Watching TOML config file /workspaces/Server/servidor_minecraft/config/regions_unexplored/ru-primary-region.toml for changes
[10Aug2025 21:07:33.832] [main/DEBUG] [net.minecraftforge.fml.config.ConfigFileTypeHandler/CONFIG]: Built TOML config for /workspaces/Server/servidor_minecraft/config/regions_unexplored/ru-secondary-region.toml
[10Aug2025 21:07:33.834] [main/DEBUG] [net.minecraftforge.fml.config.ConfigFileTypeHandler/CONFIG]: Loaded TOML config file /workspaces/Server/servidor_minecraft/config/regions_unexplored/ru-secondary-region.toml
[10Aug2025 21:07:33.834] [main/DEBUG] [net.minecraftforge.fml.config.ConfigFileTypeHandler/CONFIG]: Watching TOML config file /workspaces/Server/servidor_minecraft/config/regions_unexplored/ru-secondary-region.toml for changes
[10Aug2025 21:07:33.835] [main/DEBUG] [net.minecraftforge.fml.config.ConfigFileTypeHandler/CONFIG]: Built TOML config for /workspaces/Server/servidor_minecraft/config/cataclysm.toml
[10Aug2025 21:07:33.837] [main/DEBUG] [net.minecraftforge.fml.config.ConfigFileTypeHandler/CONFIG]: Loaded TOML config file /workspaces/Server/servidor_minecraft/config/cataclysm.toml
[10Aug2025 21:07:33.837] [main/DEBUG] [net.minecraftforge.fml.config.ConfigFileTypeHandler/CONFIG]: Watching TOML config file /workspaces/Server/servidor_minecraft/config/cataclysm.toml for changes
[10Aug2025 21:07:33.854] [main/DEBUG] [net.minecraftforge.fml.config.ConfigFileTypeHandler/CONFIG]: Built TOML config for /workspaces/Server/servidor_minecraft/config/curios-common.toml
[10Aug2025 21:07:33.854] [main/DEBUG] [net.minecraftforge.fml.config.ConfigFileTypeHandler/CONFIG]: Loaded TOML config file /workspaces/Server/servidor_minecraft/config/curios-common.toml
[10Aug2025 21:07:33.855] [main/DEBUG] [net.minecraftforge.fml.config.ConfigFileTypeHandler/CONFIG]: Watching TOML config file /workspaces/Server/servidor_minecraft/config/curios-common.toml for changes
[10Aug2025 21:07:33.855] [main/DEBUG] [net.minecraftforge.fml.config.ConfigFileTypeHandler/CONFIG]: Built TOML config for /workspaces/Server/servidor_minecraft/config/suppsquared-common.toml
[10Aug2025 21:07:33.855] [main/DEBUG] [net.minecraftforge.fml.config.ConfigFileTypeHandler/CONFIG]: Loaded TOML config file /workspaces/Server/servidor_minecraft/config/suppsquared-common.toml
[10Aug2025 21:07:33.855] [main/DEBUG] [net.minecraftforge.fml.config.ConfigFileTypeHandler/CONFIG]: Watching TOML config file /workspaces/Server/servidor_minecraft/config/suppsquared-common.toml for changes
[10Aug2025 21:07:33.856] [main/DEBUG] [net.minecraftforge.fml.config.ConfigFileTypeHandler/CONFIG]: Built TOML config for /workspaces/Server/servidor_minecraft/config/tombstone-common.toml
[10Aug2025 21:07:33.856] [main/DEBUG] [net.minecraftforge.fml.config.ConfigFileTypeHandler/CONFIG]: Loaded TOML config file /workspaces/Server/servidor_minecraft/config/tombstone-common.toml
[10Aug2025 21:07:33.857] [main/DEBUG] [net.minecraftforge.fml.config.ConfigFileTypeHandler/CONFIG]: Watching TOML config file /workspaces/Server/servidor_minecraft/config/tombstone-common.toml for changes
[10Aug2025 21:07:33.858] [main/DEBUG] [net.minecraftforge.fml.config.ConfigFileTypeHandler/CONFIG]: Built TOML config for /workspaces/Server/servidor_minecraft/config/everycomp-common.toml
[10Aug2025 21:07:33.858] [main/DEBUG] [net.minecraftforge.fml.config.ConfigFileTypeHandler/CONFIG]: Loaded TOML config file /workspaces/Server/servidor_minecraft/config/everycomp-common.toml
[10Aug2025 21:07:33.858] [main/DEBUG] [net.minecraftforge.fml.config.ConfigFileTypeHandler/CONFIG]: Watching TOML config file /workspaces/Server/servidor_minecraft/config/everycomp-common.toml for changes
[10Aug2025 21:07:33.859] [main/DEBUG] [net.minecraftforge.fml.config.ConfigFileTypeHandler/CONFIG]: Built TOML config for /workspaces/Server/servidor_minecraft/config/everycomp-entries.toml
[10Aug2025 21:07:33.860] [main/DEBUG] [net.minecraftforge.fml.config.ConfigFileTypeHandler/CONFIG]: Loaded TOML config file /workspaces/Server/servidor_minecraft/config/everycomp-entries.toml
[10Aug2025 21:07:33.861] [main/DEBUG] [net.minecraftforge.fml.config.ConfigFileTypeHandler/CONFIG]: Watching TOML config file /workspaces/Server/servidor_minecraft/config/everycomp-entries.toml for changes
[10Aug2025 21:07:33.870] [modloading-worker-0/INFO] [dynamiclights/]: [Dynamic Lights] Loaded Dynamic Lights by Tschipcraft successfully!
[10Aug2025 21:07:33.890] [Thread-2/DEBUG] [net.minecraftforge.fml.config.ConfigFileTypeHandler/CONFIG]: Config file carryon-common.toml changed, sending notifies
[10Aug2025 21:07:33.974] [Forge Version Check/INFO] [net.minecraftforge.fml.VersionChecker/]: [easyanvils] Starting version check at https://raw.githubusercontent.com/Fuzss/modresources/main/update/easyanvils.json
[10Aug2025 21:07:33.978] [modloading-worker-0/DEBUG] [mixin/]: Mixing MixinSlotAttribute from curios.mixins.json into top.theillusivec4.curios.api.SlotAttribute
[10Aug2025 21:07:33.985] [modloading-worker-0/DEBUG] [mixin/]: Mixing MixinCuriosApi from curios.mixins.json into top.theillusivec4.curios.api.CuriosApi
[10Aug2025 21:07:34.028] [Forge Version Check/DEBUG] [net.minecraftforge.fml.VersionChecker/]: [easyanvils] Received version check data:
{
    "homepage": "https://github.com/Fuzss/easyanvils",
    "promos": {
        "1.19.2-latest": "4.0.11",
        "1.19.2-recommended": "4.0.11",
        "1.19.3-latest": "5.0.1",
        "1.19.3-recommended": "5.0.1",
        "1.19.4-latest": "6.0.0",
        "1.19.4-recommended": "6.0.0",
        "1.20-latest": "7.0.0",
        "1.20-recommended": "7.0.0",
        "1.20.1-latest": "8.0.2",
        "1.20.1-recommended": "8.0.2",
        "1.18.2-latest": "3.0.0",
        "1.18.2-recommended": "3.0.0",
        "1.20.4-latest": "20.4.6",
        "1.20.4-recommended": "20.4.6",
        "1.21-latest": "21.0.5",
        "1.21-recommended": "21.0.5",
        "1.21.1-latest": "21.1.0",
        "1.21.1-recommended": "21.1.0",
        "1.21.3-latest": "21.3.1",
        "1.21.3-recommended": "21.3.1",
        "1.21.4-latest": "21.4.1",
        "1.21.4-recommended": "21.4.1",
        "1.21.5-latest": "21.5.1",
        "1.21.5-recommended": "21.5.1",
        "1.21.6-latest": "21.6.0",
        "1.21.6-recommended": "21.6.0",
        "1.21.7-latest": "21.7.0",
        "1.21.7-recommended": "21.7.0",
        "1.21.8-latest": "21.8.0",
        "1.21.8-recommended": "21.8.0"
    }
}
[10Aug2025 21:07:34.030] [Forge Version Check/INFO] [net.minecraftforge.fml.VersionChecker/]: [easyanvils] Found status: UP_TO_DATE Current: 8.0.2 Target: null
[10Aug2025 21:07:34.032] [Forge Version Check/INFO] [net.minecraftforge.fml.VersionChecker/]: [easymagic] Starting version check at https://raw.githubusercontent.com/Fuzss/modresources/main/update/easymagic.json
[10Aug2025 21:07:34.046] [Forge Version Check/DEBUG] [net.minecraftforge.fml.VersionChecker/]: [easymagic] Received version check data:
{
    "homepage": "https://www.curseforge.com/minecraft/mc-mods/easy-magic",
    "promos": {
        "1.17.1-latest": "2.0.2",
        "1.17.1-recommended": "2.0.2",
        "1.18-latest": "3.2.1",
        "1.18-recommended": "3.2.1",
        "1.18.1-latest": "3.2.1",
        "1.18.1-recommended": "3.2.1",
        "1.18.2-latest": "3.3.0",
        "1.18.2-recommended": "3.3.0",
        "1.19-latest": "4.0.0",
        "1.19-recommended": "4.0.0",
        "1.19.1-latest": "4.3.1",
        "1.19.1-recommended": "4.3.1",
        "1.19.2-latest": "4.3.3",
        "1.19.2-recommended": "4.3.3",
        "1.19.3-latest": "5.0.1",
        "1.19.3-recommended": "5.0.1",
        "1.19.4-latest": "6.0.0",
        "1.19.4-recommended": "6.0.0",
        "1.20-latest": "7.0.0",
        "1.20-recommended": "7.0.0",
        "1.20.1-latest": "8.0.1",
        "1.20.1-recommended": "8.0.1",
        "1.20.4-latest": "20.4.0",
        "1.20.4-recommended": "20.4.0",
        "1.21-latest": "21.0.4",
        "1.21-recommended": "21.0.4",
        "1.21.1-latest": "21.1.0",
        "1.21.1-recommended": "21.1.0",
        "1.21.3-latest": "21.3.2",
        "1.21.3-recommended": "21.3.2",
        "1.21.4-latest": "21.4.1",
        "1.21.4-recommended": "21.4.1",
        "1.21.5-latest": "21.5.0",
        "1.21.5-recommended": "21.5.0",
        "1.21.6-latest": "21.6.0",
        "1.21.6-recommended": "21.6.0",
        "1.21.7-latest": "21.7.0",
        "1.21.7-recommended": "21.7.0",
        "1.21.8-latest": "21.8.0",
        "1.21.8-recommended": "21.8.0"
    }
}
[10Aug2025 21:07:34.048] [Forge Version Check/INFO] [net.minecraftforge.fml.VersionChecker/]: [easymagic] Found status: UP_TO_DATE Current: 8.0.1 Target: null
[10Aug2025 21:07:34.048] [Forge Version Check/INFO] [net.minecraftforge.fml.VersionChecker/]: [mcwwindows] Starting version check at https://raw.githubusercontent.com/sketchmacaw/macawsmods/master/window.json
[10Aug2025 21:07:34.061] [Forge Version Check/DEBUG] [net.minecraftforge.fml.VersionChecker/]: [mcwwindows] Received version check data:
{
  "homepage": "https://www.curseforge.com/minecraft/mc-mods/macaws-windows",
  "promos": {
   "1.21.7-recommended": "2.4.0",
    "1.21.7-latest": "2.4.0",
    "1.21.6-recommended": "2.4.0",
    "1.21.6-latest": "2.4.0",
    "1.21.5-recommended": "2.4.0",
    "1.21.5-latest": "2.4.0",
    "1.21.4-recommended": "2.4.0",
    "1.21.4-latest": "2.4.0",
    "1.21.3-recommended": "2.4.0",
    "1.21.3-latest": "2.4.0",
    "1.21.1-recommended": "2.4.0",
    "1.21.1-latest": "2.4.0",
    "1.21-recommended": "2.4.0",
    "1.21-latest": "2.4.0",
    "1.20.6-recommended": "2.4.0",
    "1.20.6-latest": "2.4.0",
    "1.20.4-recommended": "2.4.0",
    "1.20.4-latest": "2.4.0",
    "1.20.3-recommended": "2.4.0",
    "1.20.3-latest": "2.4.0",
    "1.20.2-recommended": "2.4.0",
    "1.20.2-latest": "2.4.0",
    "1.20.1-recommended": "2.4.0",
    "1.20.1-latest": "2.4.0",
    "1.20-recommended": "2.4.0",
    "1.20-latest": "2.4.0",
    "1.19.4-recommended": "2.4.0",
    "1.19.4-latest": "2.4.0",
    "1.19.3-recommended": "2.4.0",
    "1.19.3-latest": "2.4.0",
    "1.19.2-recommended": "2.4.0",
    "1.19.2-latest": "2.4.0",
    "1.19.1-recommended": "2.4.0",
    "1.19.1-latest": "2.4.0",
    "1.19-recommended": "2.4.0",
    "1.19-latest": "2.4.0",
    "1.18.2-recommended": "2.4.0",
    "1.18.2-latest": "2.4.0",
    "1.18.1-recommended": "2.4.0",
    "1.18.1-latest": "2.4.0",
    "1.17.1-recommended": "2.4.0",
    "1.17.1-latest": "2.4.0",
    "1.16.5-recommended": "2.4.0",
    "1.16.5-latest": "2.4.0",
    "1.15.2-latest": "1.0.2",
    "1.15.1-latest": "1.0.2",
    "1.14.4-latest": "1.0.2",
    "1.12.2-latest": "1.0.1",
    "1.15.2-recommended": "1.0.2",
    "1.15.1-recommended": "1.0.2",
    "1.14.4-recommended": "1.0.2",
    "1.12.2-recommended": "1.0.1"
  }
}
[10Aug2025 21:07:34.061] [Forge Version Check/INFO] [net.minecraftforge.fml.VersionChecker/]: [mcwwindows] Found status: OUTDATED Current: 2.3.0 Target: 2.4.0
[10Aug2025 21:07:34.061] [Forge Version Check/INFO] [net.minecraftforge.fml.VersionChecker/]: [dynamiclights] Starting version check at https://api.modrinth.com/updates/7YjclEGc/forge_updates.json?forge=only
[10Aug2025 21:07:34.070] [modloading-worker-0/DEBUG] [mixin/]: Mixing MixinNbtPredicate from curios.mixins.json into net.minecraft.advancements.critereon.NbtPredicate
[10Aug2025 21:07:34.073] [main/DEBUG] [net.minecraftforge.fml.DeferredWorkQueue/LOADING]: Dispatching synchronous work for work queue COMMON_SETUP: 28 jobs
[10Aug2025 21:07:34.085] [main/INFO] [journeymap/]: Initializing Packet Registries
[10Aug2025 21:07:34.122] [main/INFO] [com.tiviacz.travelersbackpack.TravelersBackpack/]: Registered the FluidEffect with Unique ID of minecraft:water for Water (Fluid Amount Required: 1000) with the ID 0
[10Aug2025 21:07:34.122] [main/INFO] [com.tiviacz.travelersbackpack.TravelersBackpack/]: Registered the FluidEffect with Unique ID of minecraft:lava for Lava (Fluid Amount Required: 1000) with the ID 1
[10Aug2025 21:07:34.123] [main/INFO] [com.tiviacz.travelersbackpack.TravelersBackpack/]: Registered the FluidEffect with Unique ID of travelersbackpack:potion for Uncraftable Potion (Fluid Amount Required: 250) with the ID 2
[10Aug2025 21:07:34.123] [main/INFO] [com.tiviacz.travelersbackpack.TravelersBackpack/]: Registered the FluidEffect with Unique ID of minecraft:milk for Milk (Fluid Amount Required: 1000) with the ID 3
[10Aug2025 21:07:34.180] [main/INFO] [Supplementaries/]: Finished mod setup in: [0, 3, 0, 0, 0, 0, 18, 11, 1] ms
[10Aug2025 21:07:34.287] [main/INFO] [Moonlight/]: Initialized color sets in 104ms
[10Aug2025 21:07:34.291] [main/INFO] [terrablender/]: Registered region minecraft:overworld to index 0 for type OVERWORLD
[10Aug2025 21:07:34.291] [main/INFO] [terrablender/]: Registered region minecraft:nether to index 0 for type NETHER
[10Aug2025 21:07:34.291] [main/INFO] [terrablender/]: Registered region regions_unexplored:primary to index 1 for type OVERWORLD
[10Aug2025 21:07:34.291] [main/INFO] [terrablender/]: Registered region regions_unexplored:secondary to index 2 for type OVERWORLD
[10Aug2025 21:07:34.291] [main/INFO] [terrablender/]: Registered region regions_unexplored:nether to index 1 for type NETHER
[10Aug2025 21:07:34.301] [main/INFO] [terrablender/]: Registered region biomesoplenty:overworld_primary to index 3 for type OVERWORLD
[10Aug2025 21:07:34.301] [main/INFO] [terrablender/]: Registered region biomesoplenty:overworld_secondary to index 4 for type OVERWORLD
[10Aug2025 21:07:34.301] [main/INFO] [terrablender/]: Registered region biomesoplenty:overworld_rare to index 5 for type OVERWORLD
[10Aug2025 21:07:34.301] [main/INFO] [terrablender/]: Registered region biomesoplenty:nether_common to index 2 for type NETHER
[10Aug2025 21:07:34.301] [main/INFO] [terrablender/]: Registered region biomesoplenty:nether_rare to index 3 for type NETHER
[10Aug2025 21:07:34.305] [main/WARN] [Every Compat/]: Registered 3507 compat children making up 29.06% of total children registered
[10Aug2025 21:07:34.334] [main/DEBUG] [net.minecraftforge.fml.DeferredWorkQueue/LOADING]: Synchronous work queue completed in 260.3 ms
[10Aug2025 21:07:34.412] [Forge Version Check/DEBUG] [net.minecraftforge.fml.VersionChecker/]: [dynamiclights] Received version check data:
{"homepage":"https://modrinth.com/mod/7YjclEGc","promos":{"1.17.1-pre2-latest":"1.8.9+mod","1.18.2-rc1-recommended":"1.8.9+mod","24w03a-latest":"1.8.9+mod","23w41a-recommended":"1.8.9+mod","1.20.3-pre3-recommended":"1.8.9+mod","1.21.5-rc1-recommended":"1.8.9+mod","24w07a-latest":"1.8.9+mod","22w46a-recommended":"1.8.9+mod","24w39a-recommended":"1.8.9+mod","1.19.4-pre4-recommended":"1.8.9+mod","24w14potato-recommended":"1.8.9+mod","1.18.2-pre1-latest":"1.8.9+mod","1.19.1-pre6-latest":"1.8.9+mod","22w05a-recommended":"1.8.9+mod","23w33a-recommended":"1.8.9+mod","24w39a-latest":"1.8.9+mod","1.19.1-pre1-recommended":"1.8.9+mod","1.20-pre2-recommended":"1.8.9+mod","24w14a-recommended":"1.8.9+mod","1.19.4-pre3-latest":"1.8.9+mod","23w16a-recommended":"1.8.9+mod","24w36a-recommended":"1.8.9+mod","1.21.2-rc1-latest":"1.8.9+mod","24w12a-latest":"1.8.9+mod","1.20.3-pre1-recommended":"1.8.9+mod","1.21.4-pre2-recommended":"1.8.9+mod","24w45a-latest":"1.8.9+mod","25w05a-recommended":"1.8.9+mod","23w42a-recommended":"1.8.9+mod","22w44a-latest":"1.8.9+mod","21w43a-recommended":"1.8.9+mod","23w40a-latest":"1.8.9+mod","21w38a-latest":"1.8.9+mod","23w06a-latest":"1.8.9+mod","1.18-rc2-latest":"1.8.9+mod","1.18-pre6-latest":"1.8.9+mod","24w45a-recommended":"1.8.9+mod","1.21.2-pre4-latest":"1.8.9+mod","1.21.4-pre1-latest":"1.8.9+mod","1.21.5-pre1-recommended":"1.8.9+mod","22w12a-recommended":"1.8.9+mod","23w43a-recommended":"1.8.9+mod","1.17.1-pre3-latest":"1.8.9+mod","22w43a-latest":"1.8.9+mod","1.20-pre5-latest":"1.8.9+mod","1.19.3-rc1-recommended":"1.8.9+mod","1.20.2-rc2-recommended":"1.8.9+mod","24w21a-latest":"1.8.9+mod","24w05b-latest":"1.8.9+mod","1.21.5-pre3-recommended":"1.8.9+mod","1.19.3-pre2-latest":"1.8.9+mod","22w18a-latest":"1.8.9+mod","24w19a-latest":"1.8.9+mod","24w03b-latest":"1.8.9+mod","1.21.2-pre3-recommended":"1.8.9+mod","25w08a-latest":"1.8.9+mod","1.20-pre1-recommended":"1.8.9+mod","23w51b-recommended":"1.8.9+mod","1.20.6-rc1-recommended":"1.8.9+mod","24w34a-recommended":"1.8.9+mod","24w09a-recommended":"1.8.9+mod","1.21.4-rc3-recommended":"1.8.9+mod","1.19.3-latest":"1.8.9+mod","1.19.4-rc1-recommended":"1.8.9+mod","23w46a-recommended":"1.8.9+mod","24w05a-latest":"1.8.9+mod","1.21-pre2-latest":"1.8.9+mod","1.21.2-recommended":"1.8.9+mod","1.19.4-rc3-latest":"1.8.9+mod","23w51b-latest":"1.8.9+mod","25w07a-latest":"1.8.9+mod","1.19-pre1-recommended":"1.8.9+mod","24w03a-recommended":"1.8.9+mod","23w05a-latest":"1.8.9+mod","1.19-rc1-recommended":"1.8.9+mod","1.20.2-latest":"1.8.9+mod","1.21.4-rc1-recommended":"1.8.9+mod","1.20.3-pre1-latest":"1.8.9+mod","24w36a-latest":"1.8.9+mod","22w42a-recommended":"1.8.9+mod","23w31a-recommended":"1.8.9+mod","1.18.1-rc1-latest":"1.8.9+mod","1.21.4-rc2-recommended":"1.8.9+mod","1.20.5-pre1-recommended":"1.8.9+mod","22w16a-recommended":"1.8.9+mod","22w18a-recommended":"1.8.9+mod","1.19.4-pre1-latest":"1.8.9+mod","1.20-rc1-latest":"1.8.9+mod","1.21.4-pre1-recommended":"1.8.9+mod","23w05a-recommended":"1.8.9+mod","22w07a-recommended":"1.8.9+mod","1.19-pre2-latest":"1.8.9+mod","1.21-pre3-latest":"1.8.9+mod","21w43a-latest":"1.8.9+mod","25w07a-recommended":"1.8.9+mod","22w19a-recommended":"1.8.9+mod","1.17-recommended":"1.8.9+mod","1.20.4-recommended":"1.8.9+mod","24w21b-latest":"1.8.9+mod","21w44a-latest":"1.8.9+mod","1.19.3-rc1-latest":"1.8.9+mod","24w03b-recommended":"1.8.9+mod","24w11a-latest":"1.8.9+mod","1.21.2-pre1-recommended":"1.8.9+mod","22w03a-latest":"1.8.9+mod","1.20.2-pre3-latest":"1.8.9+mod","1.19-pre3-latest":"1.8.9+mod","24w14potato-latest":"1.8.9+mod","1.20.2-recommended":"1.8.9+mod","1.17.1-pre1-latest":"1.8.9+mod","24w20a-latest":"1.8.9+mod","24w38a-latest":"1.8.9+mod","24w35a-latest":"1.8.9+mod","1.20.5-rc2-latest":"1.8.9+mod","24w21b-recommended":"1.8.9+mod","22w06a-recommended":"1.8.9+mod","1.20.2-rc2-latest":"1.8.9+mod","1.20.1-latest":"1.8.9+mod","1.20.3-pre4-recommended":"1.8.9+mod","25w06a-recommended":"1.8.9+mod","1.20.5-latest":"1.8.9+mod","22w13a-recommended":"1.8.9+mod","1.19-pre2-recommended":"1.8.9+mod","1.19.1-rc1-latest":"1.8.9+mod","1.17.1-rc2-recommended":"1.8.9+mod","1.21.2-pre2-recommended":"1.8.9+mod","25w08a-recommended":"1.8.9+mod","1.20.3-pre3-latest":"1.8.9+mod","1.17.1-pre2-recommended":"1.8.9+mod","1.21.4-rc3-latest":"1.8.9+mod","1.20.4-rc1-latest":"1.8.9+mod","1.21.1-rc1-latest":"1.8.9+mod","1.18-pre2-recommended":"1.8.9+mod","1.18-rc3-latest":"1.8.9+mod","24w46a-latest":"1.8.9+mod","22w14a-latest":"1.8.9+mod","22w16b-latest":"1.8.9+mod","1.19.2-recommended":"1.8.9+mod","1.19-pre1-latest":"1.8.9+mod","1.19.3-pre3-recommended":"1.8.9+mod","1.21-pre1-latest":"1.8.9+mod","1.20.6-latest":"1.8.9+mod","1.17.1-rc1-recommended":"1.8.9+mod","1.20-pre4-recommended":"1.8.9+mod","1.21-pre2-recommended":"1.8.9+mod","24w37a-recommended":"1.8.9+mod","22w42a-latest":"1.8.9+mod","22w24a-recommended":"1.8.9+mod","1.20.5-rc1-recommended":"1.8.9+mod","1.20.2-pre2-latest":"1.8.9+mod","24w13a-latest":"1.8.9+mod","22w03a-recommended":"1.8.9+mod","1.19.2-rc1-recommended":"1.8.9+mod","23w32a-recommended":"1.8.9+mod","1.20.5-pre1-latest":"1.8.9+mod","1.21.5-rc1-latest":"1.8.9+mod","23w07a-latest":"1.8.9+mod","21w39a-recommended":"1.8.9+mod","22w16a-latest":"1.8.9+mod","25w09a-latest":"1.8.9+mod","1.19-pre4-recommended":"1.8.9+mod","23w13a-latest":"1.8.9+mod","1.21.2-pre5-latest":"1.8.9+mod","1.18-recommended":"1.8.9+mod","1.17.1-rc1-latest":"1.8.9+mod","22w17a-recommended":"1.8.9+mod","22w12a-latest":"1.8.9+mod","1.21-rc1-latest":"1.8.9+mod","1.21.5-pre2-latest":"1.8.9+mod","21w42a-recommended":"1.8.9+mod","1.20-rc1-recommended":"1.8.9+mod","1.18.1-rc2-recommended":"1.8.9+mod","1.18.2-pre3-recommended":"1.8.9+mod","1.19-pre5-latest":"1.8.9+mod","23w46a-latest":"1.8.9+mod","1.20.5-rc2-recommended":"1.8.9+mod","1.19.3-rc3-recommended":"1.8.9+mod","1.20.3-rc1-latest":"1.8.9+mod","1.18.2-latest":"1.8.9+mod","1.18-pre4-recommended":"1.8.9+mod","1.19.1-rc2-latest":"1.8.9+mod","1.19.1-rc2-recommended":"1.8.9+mod","23w18a-latest":"1.8.9+mod","1.20.5-rc1-latest":"1.8.9+mod","23w17a-latest":"1.8.9+mod","1.20.5-pre3-recommended":"1.8.9+mod","24w33a-latest":"1.8.9+mod","22w45a-latest":"1.8.9+mod","1.20.3-pre4-latest":"1.8.9+mod","1.19.1-pre5-latest":"1.8.9+mod","1.19.3-pre2-recommended":"1.8.9+mod","23w43b-recommended":"1.8.9+mod","23w45a-recommended":"1.8.9+mod","1.20.3-rc1-recommended":"1.8.9+mod","22w06a-latest":"1.8.9+mod","1.20.5-rc3-latest":"1.8.9+mod","1.19.1-latest":"1.8.9+mod","1.18-rc2-recommended":"1.8.9+mod","1.18-rc1-recommended":"1.8.9+mod","1.18.1-rc3-latest":"1.8.9+mod","1.19.1-rc3-latest":"1.8.9+mod","23w17a-recommended":"1.8.9+mod","1.18.1-rc1-recommended":"1.8.9+mod","22w11a-latest":"1.8.9+mod","1.21-latest":"1.8.9+mod","1.19.4-pre1-recommended":"1.8.9+mod","1.18-pre8-latest":"1.8.9+mod","23w31a-latest":"1.8.9+mod","1.21.5-latest":"1.8.9+mod","24w06a-latest":"1.8.9+mod","1.18-pre8-recommended":"1.8.9+mod","1.19.2-rc1-latest":"1.8.9+mod","22w05a-latest":"1.8.9+mod","1.18-rc4-latest":"1.8.9+mod","1.19.1-rc3-recommended":"1.8.9+mod","22w15a-latest":"1.8.9+mod","1.21-pre1-recommended":"1.8.9+mod","24w40a-recommended":"1.8.9+mod","24w11a-recommended":"1.8.9+mod","1.20.2-pre1-latest":"1.8.9+mod","1.21.5-pre3-latest":"1.8.9+mod","1.21.5-rc2-latest":"1.8.9+mod","1.19.2-rc2-recommended":"1.8.9+mod","22w13oneblockatatime-recommended":"1.8.9+mod","24w44a-latest":"1.8.9+mod","22w15a-recommended":"1.8.9+mod","25w02a-latest":"1.8.9+mod","1.19.1-pre4-latest":"1.8.9+mod","1.18.1-rc2-latest":"1.8.9+mod","23w13a_or_b-latest":"1.8.9+mod","1.20-pre5-recommended":"1.8.9+mod","1.20.5-pre2-recommended":"1.8.9+mod","1.20-pre3-recommended":"1.8.9+mod","25w10a-latest":"1.8.9+mod","1.19-rc2-recommended":"1.8.9+mod","1.18-pre1-recommended":"1.8.9+mod","1.18.1-latest":"1.8.9+mod","24w46a-recommended":"1.8.9+mod","23w35a-latest":"1.8.9+mod","1.20-pre3-latest":"1.8.9+mod","1.19.2-rc2-latest":"1.8.9+mod","22w13oneblockatatime-latest":"1.8.9+mod","23w04a-recommended":"1.8.9+mod","23w32a-latest":"1.8.9+mod","23w43b-latest":"1.8.9+mod","23w16a-latest":"1.8.9+mod","1.21-pre4-latest":"1.8.9+mod","22w45a-recommended":"1.8.9+mod","1.17.1-rc2-latest":"1.8.9+mod","1.18.2-pre2-latest":"1.8.9+mod","22w13a-latest":"1.8.9+mod","23w13a_or_b-recommended":"1.8.9+mod","23w33a-latest":"1.8.9+mod","1.20-pre2-latest":"1.8.9+mod","1.21.5-rc2-recommended":"1.8.9+mod","1.20.5-pre2-latest":"1.8.9+mod","1.19.3-recommended":"1.8.9+mod","23w07a-recommended":"1.8.9+mod","1.20-pre6-recommended":"1.8.9+mod","1.18-pre7-latest":"1.8.9+mod","1.18-rc4-recommended":"1.8.9+mod","1.17.1-pre3-recommended":"1.8.9+mod","1.21.2-rc2-recommended":"1.8.9+mod","1.19.1-pre3-latest":"1.8.9+mod","1.19.1-pre5-recommended":"1.8.9+mod","1.19.3-pre3-latest":"1.8.9+mod","1.21.4-rc2-latest":"1.8.9+mod","1.19.2-latest":"1.8.9+mod","1.18-pre1-latest":"1.8.9+mod","1.20.5-pre3-latest":"1.8.9+mod","23w12a-latest":"1.8.9+mod","22w46a-latest":"1.8.9+mod","23w40a-recommended":"1.8.9+mod","1.19-rc1-latest":"1.8.9+mod","24w44a-recommended":"1.8.9+mod","1.19.4-rc2-latest":"1.8.9+mod","1.20-pre4-latest":"1.8.9+mod","1.19.1-pre2-latest":"1.8.9+mod","23w51a-recommended":"1.8.9+mod","1.19.4-latest":"1.8.9+mod","1.21.4-pre3-latest":"1.8.9+mod","1.20.4-latest":"1.8.9+mod","1.21.4-latest":"1.8.9+mod","24w20a-recommended":"1.8.9+mod","21w40a-latest":"1.8.9+mod","21w39a-latest":"1.8.9+mod","22w17a-latest":"1.8.9+mod","1.21.2-pre2-latest":"1.8.9+mod","1.20.2-pre4-recommended":"1.8.9+mod","1.20.6-recommended":"1.8.9+mod","1.19.4-pre4-latest":"1.8.9+mod","1.21.5-pre2-recommended":"1.8.9+mod","24w21a-recommended":"1.8.9+mod","1.20.5-rc3-recommended":"1.8.9+mod","21w37a-latest":"1.8.9+mod","1.18.1-recommended":"1.8.9+mod","22w14a-recommended":"1.8.9+mod","1.19.4-rc2-recommended":"1.8.9+mod","23w44a-latest":"1.8.9+mod","1.19.1-pre2-recommended":"1.8.9+mod","24w33a-recommended":"1.8.9+mod","1.20-pre7-latest":"1.8.9+mod","24w37a-latest":"1.8.9+mod","25w09b-recommended":"1.8.9+mod","24w05a-recommended":"1.8.9+mod","1.18-rc1-latest":"1.8.9+mod","1.19-latest":"1.8.9+mod","23w12a-recommended":"1.8.9+mod","1.21.1-latest":"1.8.9+mod","24w04a-latest":"1.8.9+mod","1.20.3-pre2-latest":"1.8.9+mod","1.19.3-rc3-latest":"1.8.9+mod","25w05a-latest":"1.8.9+mod","22w16b-recommended":"1.8.9+mod","23w03a-latest":"1.8.9+mod","1.19-pre4-latest":"1.8.9+mod","24w10a-latest":"1.8.9+mod","1.20.6-rc1-latest":"1.8.9+mod","1.21.2-rc2-latest":"1.8.9+mod","23w35a-recommended":"1.8.9+mod","21w41a-latest":"1.8.9+mod","21w38a-recommended":"1.8.9+mod","1.19.1-recommended":"1.8.9+mod","1.19.4-pre2-latest":"1.8.9+mod","1.21.1-recommended":"1.8.9+mod","21w44a-recommended":"1.8.9+mod","1.17.1-latest":"1.8.9+mod","1.19.1-pre4-recommended":"1.8.9+mod","1.19-pre5-recommended":"1.8.9+mod","23w06a-recommended":"1.8.9+mod","21w40a-recommended":"1.8.9+mod","23w45a-latest":"1.8.9+mod","21w37a-recommended":"1.8.9+mod","1.21.1-rc1-recommended":"1.8.9+mod","1.21.5-recommended":"1.8.9+mod","1.20.2-rc1-latest":"1.8.9+mod","22w19a-latest":"1.8.9+mod","1.21.4-rc1-latest":"1.8.9+mod","1.21.2-pre5-recommended":"1.8.9+mod","25w04a-recommended":"1.8.9+mod","1.18.2-pre3-latest":"1.8.9+mod","1.20-pre6-latest":"1.8.9+mod","23w41a-latest":"1.8.9+mod","1.18-pre4-latest":"1.8.9+mod","23w03a-recommended":"1.8.9+mod","1.19.1-pre6-recommended":"1.8.9+mod","22w07a-latest":"1.8.9+mod","1.20-pre7-recommended":"1.8.9+mod","1.19-recommended":"1.8.9+mod","24w10a-recommended":"1.8.9+mod","22w43a-recommended":"1.8.9+mod","1.21-pre3-recommended":"1.8.9+mod","24w38a-recommended":"1.8.9+mod","1.17.1-pre1-recommended":"1.8.9+mod","25w04a-latest":"1.8.9+mod","1.20.2-rc1-recommended":"1.8.9+mod","23w51a-latest":"1.8.9+mod","23w18a-recommended":"1.8.9+mod","22w24a-latest":"1.8.9+mod","24w34a-latest":"1.8.9+mod","1.20.5-pre4-latest":"1.8.9+mod","1.18.2-rc1-latest":"1.8.9+mod","1.18-pre5-recommended":"1.8.9+mod","1.21.3-recommended":"1.8.9+mod","23w04a-latest":"1.8.9+mod","1.19-pre3-recommended":"1.8.9+mod","1.21.2-latest":"1.8.9+mod","24w07a-recommended":"1.8.9+mod","21w41a-recommended":"1.8.9+mod","24w14a-latest":"1.8.9+mod","1.19.3-rc2-latest":"1.8.9+mod","1.19-rc2-latest":"1.8.9+mod","22w44a-recommended":"1.8.9+mod","1.19.1-pre1-latest":"1.8.9+mod","1.21.3-latest":"1.8.9+mod","1.18-rc3-recommended":"1.8.9+mod","1.19.3-rc2-recommended":"1.8.9+mod","1.20-pre1-latest":"1.8.9+mod","1.19.3-pre1-recommended":"1.8.9+mod","1.20.3-pre2-recommended":"1.8.9+mod","24w18a-recommended":"1.8.9+mod","1.18.1-pre1-recommended":"1.8.9+mod","23w44a-recommended":"1.8.9+mod","23w42a-latest":"1.8.9+mod","1.20.1-recommended":"1.8.9+mod","1.18.2-pre1-recommended":"1.8.9+mod","1.17-latest":"1.8.9+mod","25w06a-latest":"1.8.9+mod","1.21-pre4-recommended":"1.8.9+mod","22w11a-recommended":"1.8.9+mod","24w12a-recommended":"1.8.9+mod","1.20.1-rc1-latest":"1.8.9+mod","1.19.1-rc1-recommended":"1.8.9+mod","1.20.2-pre2-recommended":"1.8.9+mod","24w19a-recommended":"1.8.9+mod","1.19.4-rc1-latest":"1.8.9+mod","1.20.5-recommended":"1.8.9+mod","1.18-pre6-recommended":"1.8.9+mod","1.18.1-rc3-recommended":"1.8.9+mod","1.21.4-pre2-latest":"1.8.9+mod","1.19.4-rc3-recommended":"1.8.9+mod","1.18-pre3-latest":"1.8.9+mod","1.21-recommended":"1.8.9+mod","1.18-pre5-latest":"1.8.9+mod","1.21.4-pre3-recommended":"1.8.9+mod","1.20.3-recommended":"1.8.9+mod","1.20-recommended":"1.8.9+mod","25w10a-recommended":"1.8.9+mod","1.19.4-pre2-recommended":"1.8.9+mod","1.20.5-pre4-recommended":"1.8.9+mod","1.21.2-rc1-recommended":"1.8.9+mod","1.21-rc1-recommended":"1.8.9+mod","1.18-pre2-latest":"1.8.9+mod","25w09b-latest":"1.8.9+mod","1.18-pre7-recommended":"1.8.9+mod","1.20.3-latest":"1.8.9+mod","1.17.1-recommended":"1.8.9+mod","24w06a-recommended":"1.8.9+mod","1.18.2-recommended":"1.8.9+mod","1.18.1-pre1-latest":"1.8.9+mod","25w03a-latest":"1.8.9+mod","1.18-latest":"1.8.9+mod","24w05b-recommended":"1.8.9+mod","25w02a-recommended":"1.8.9+mod","21w42a-latest":"1.8.9+mod","1.21.2-pre3-latest":"1.8.9+mod","23w14a-latest":"1.8.9+mod","23w13a-recommended":"1.8.9+mod","1.21.4-recommended":"1.8.9+mod","1.18-pre3-recommended":"1.8.9+mod","1.18.2-pre2-recommended":"1.8.9+mod","24w35a-recommended":"1.8.9+mod","24w40a-latest":"1.8.9+mod","1.20.1-rc1-recommended":"1.8.9+mod","1.20.2-pre3-recommended":"1.8.9+mod","24w04a-recommended":"1.8.9+mod","1.19.4-recommended":"1.8.9+mod","24w13a-recommended":"1.8.9+mod","1.19.1-pre3-recommended":"1.8.9+mod","1.19.3-pre1-latest":"1.8.9+mod","1.21.2-pre1-latest":"1.8.9+mod","1.20.4-rc1-recommended":"1.8.9+mod","25w09a-recommended":"1.8.9+mod","1.20.2-pre4-latest":"1.8.9+mod","23w43a-latest":"1.8.9+mod","24w18a-latest":"1.8.9+mod","23w14a-recommended":"1.8.9+mod","25w03a-recommended":"1.8.9+mod","1.21.5-pre1-latest":"1.8.9+mod","24w19b-recommended":"1.8.9+mod","1.20-latest":"1.8.9+mod","24w09a-latest":"1.8.9+mod","1.21.2-pre4-recommended":"1.8.9+mod","1.20.2-pre1-recommended":"1.8.9+mod","1.19.4-pre3-recommended":"1.8.9+mod","24w19b-latest":"1.8.9+mod"}}
[10Aug2025 21:07:34.415] [Forge Version Check/INFO] [net.minecraftforge.fml.VersionChecker/]: [dynamiclights] Found status: OUTDATED Current: 1.8.7+mod Target: 1.8.9+mod
[10Aug2025 21:07:34.415] [Forge Version Check/INFO] [net.minecraftforge.fml.VersionChecker/]: [mcwpaintings] Starting version check at https://raw.githubusercontent.com/sketchmacaw/macawsmods/master/paintings.json
[10Aug2025 21:07:34.430] [Forge Version Check/DEBUG] [net.minecraftforge.fml.VersionChecker/]: [mcwpaintings] Received version check data:
{
  "homepage": "https://www.curseforge.com/minecraft/mc-mods/macaws-paintings",
  "promos": {
    "1.21.5-recommended": "1.0.5",
    "1.21.5-latest": "1.0.5",
    "1.21.4-recommended": "1.0.5",
    "1.21.4-latest": "1.0.5",
    "1.21.3-recommended": "1.0.5",
    "1.21.3-latest": "1.0.5",
    "1.21.1-recommended": "1.0.5",
    "1.21.1-latest": "1.0.5",
    "1.21-recommended": "1.0.5",
    "1.21-latest": "1.0.5",
    "1.21.1-recommended": "1.0.5",
    "1.21.1-latest": "1.0.5",
    "1.21.3-recommended": "1.0.5",
    "1.21.3-latest": "1.0.5",
    "1.21.4-recommended": "1.0.5",
    "1.21.4-latest": "1.0.5",
    "1.20.6-recommended": "1.0.5",
    "1.20.6-latest": "1.0.5",
    "1.20.4-recommended": "1.0.5",
    "1.20.4-latest": "1.0.5",
    "1.20.3-recommended": "1.0.5",
    "1.20.3-latest": "1.0.5",
    "1.20.2-recommended": "1.0.5",
    "1.20.2-latest": "1.0.5",
    "1.20.1-recommended": "1.0.5",
    "1.20.1-latest": "1.0.5",
    "1.20-recommended": "1.0.5",
    "1.20-latest": "1.0.5",
    "1.19.4-recommended": "1.0.5",
    "1.19.4-latest": "1.0.5",
    "1.19.3-recommended": "1.0.5",
    "1.19.3-latest": "1.0.5",
    "1.19.2-recommended": "1.0.5",
    "1.19.2-latest": "1.0.5",
    "1.19-recommended": "1.0.5",
    "1.19-latest": "1.0.5",
    "1.18.2-recommended": "1.0.5",
    "1.18.2-latest": "1.0.5",
    "1.18.1-recommended": "1.0.5",
    "1.18.1-latest": "1.0.5",
    "1.17.1-latest": "1.0.5",
    "1.16.5-latest": "1.0.5",
    "1.12.2-recommended": "1.0.5",
    "1.12.2-latest": "1.0.5",
    "1.15.2-latest": "1.0.2",
    "1.14.4-latest": "1.0.2",
    "1.17.1-recommended": "1.0.5",
    "1.16.5-recommended": "1.0.5",
    "1.15.2-recommended": "1.0.3",
    "1.14.4-recommended": "1.0.2"
  }
}
[10Aug2025 21:07:34.431] [Forge Version Check/INFO] [net.minecraftforge.fml.VersionChecker/]: [mcwpaintings] Found status: UP_TO_DATE Current: 1.0.5 Target: null
[10Aug2025 21:07:34.431] [Forge Version Check/INFO] [net.minecraftforge.fml.VersionChecker/]: [journeymap] Starting version check at https://forge.curseupdate.com/32274/journeymap
[10Aug2025 21:07:34.439] [modloading-worker-0/INFO] [Jade/]: Start loading plugin at net.blay09.mods.waystones.compat.JadeIntegration
[10Aug2025 21:07:34.448] [modloading-worker-0/INFO] [Jade/]: Start loading plugin at net.blay09.mods.balm.forge.compat.hudinfo.ForgeJadeModCompat
[10Aug2025 21:07:34.449] [modloading-worker-0/INFO] [Jade/]: Start loading plugin at net.mehvahdjukaar.supplementaries.integration.JadeCompat
[10Aug2025 21:07:34.451] [modloading-worker-0/INFO] [Jade/]: Start loading plugin at snownee.jade.addon.vanilla.VanillaPlugin
[10Aug2025 21:07:34.466] [modloading-worker-0/INFO] [Jade/]: Start loading plugin at snownee.jade.addon.universal.UniversalPlugin
[10Aug2025 21:07:34.475] [modloading-worker-0/INFO] [Jade/]: Start loading plugin at snownee.jade.addon.core.CorePlugin
[10Aug2025 21:07:34.480] [modloading-worker-0/INFO] [Jade/]: Start loading plugin at net.geforcemods.securitycraft.compat.hudmods.JadeDataProvider
[10Aug2025 21:07:34.482] [modloading-worker-0/INFO] [Jade/]: Start loading plugin at ovh.corail.tombstone.compatibility.IntegrationJade
[10Aug2025 21:07:34.483] [modloading-worker-0/INFO] [Jade/]: Start loading plugin at snownee.jade.addon.JadeAddonsBase
[10Aug2025 21:07:34.532] [Forge Version Check/DEBUG] [net.minecraftforge.fml.VersionChecker/]: [journeymap] Received version check data:
{"promos":{"1.10.2-latest":"1.10.2-5.5.2","1.10.2-recommended":"1.10.2-5.5.2","1.11-latest":"1.11-5.4.6","1.11-recommended":"1.11-5.4.6","1.11.2-latest":"1.11.2-5.5.2","1.11.2-recommended":"1.11.2-5.5.2","1.12-latest":"1.12-5.5.2","1.12-recommended":"1.12-5.5.2","1.12.1-latest":"1.12.1-5.5.2","1.12.1-recommended":"1.12.1-5.5.2","1.12.2-latest":"1.12.2-5.7.1p3","1.12.2-recommended":"1.12.2-5.7.1p3","1.14.4-latest":"5.7.0","1.14.4-recommended":"5.7.0","1.15.2-latest":"5.7.0","1.15.2-recommended":"5.7.0","1.16.2-latest":"5.7.3","1.16.2-recommended":"5.7.3","1.16.3-latest":"5.7.3","1.16.3-recommended":"5.7.3","1.16.4-latest":"5.7.3","1.16.4-recommended":"5.7.3","1.16.5-latest":"5.8.6","1.16.5-recommended":"5.8.6","1.17.1-latest":"5.8.0","1.17.1-recommended":"5.8.0","1.18-latest":"5.8.0alpha9","1.18.1-latest":"5.8.1","1.18.1-recommended":"5.8.1","1.18.2-latest":"5.9.8","1.18.2-recommended":"5.9.8","1.19-latest":"5.8.5","1.19-recommended":"5.8.5","1.19.1-latest":"5.9.0beta2","1.19.2-latest":"5.9.8","1.19.2-recommended":"5.9.8","1.19.3-latest":"5.9.7","1.19.3-recommended":"5.9.7","1.19.4-latest":"5.9.8","1.19.4-recommended":"5.9.8","1.20-latest":"5.9.8","1.20-recommended":"5.9.8","1.20.1-latest":"5.10.3","1.20.1-recommended":"5.10.3","1.20.2-latest":"5.9.21","1.20.2-recommended":"5.9.21","1.20.3-latest":"5.9.18","1.20.3-recommended":"5.9.18","1.20.4-latest":"5.10.0","1.20.4-recommended":"5.10.0","1.20.6-latest":"5.10.0","1.20.6-recommended":"5.10.0","1.21-latest":"1.21-6.0.0-beta.27","1.21.1-latest":"1.21.1-6.0.0-beta.52","1.21.4-latest":"1.21.4-6.0.0-beta.45","1.21.5-latest":"1.21.5-6.0.0-beta.52","1.21.6-latest":"1.21.6-6.0.0-beta.52","1.21.7-latest":"1.21.7-6.0.0-beta.53","1.21.8-latest":"1.21.7-6.0.0-beta.53","1.6.4-latest":"4.0.3","1.6.4-recommended":"4.0.3","1.7.10-latest":"5.2.10","1.7.10-recommended":"5.2.10","1.7.2-latest":"4.0.3","1.7.2-recommended":"4.0.3","1.8-latest":"1.8-5.1.3","1.8-recommended":"1.8-5.1.3","1.8.8-latest":"1.8.8-5.1.3","1.8.8-recommended":"1.8.8-5.1.3","1.8.9-latest":"1.8.9-5.2.4","1.8.9-recommended":"1.8.9-5.2.4","1.9-latest":"1.9-5.5.2","1.9-recommended":"1.9-5.5.2","1.9.4-latest":"1.9.4-5.5.2","1.9.4-recommended":"1.9.4-5.5.2"},"homepage":"https://www.curseforge.com/minecraft/mc-mods/journeymap"}
[10Aug2025 21:07:34.533] [Forge Version Check/INFO] [net.minecraftforge.fml.VersionChecker/]: [journeymap] Found status: UP_TO_DATE Current: 5.10.3 Target: null
[10Aug2025 21:07:34.533] [Forge Version Check/INFO] [net.minecraftforge.fml.VersionChecker/]: [travelersbackpack] Starting version check at https://gist.githubusercontent.com/Tiviacz1337/906937677aa472285dff9d6c2a189d5e/raw
[10Aug2025 21:07:34.569] [Forge Version Check/DEBUG] [net.minecraftforge.fml.VersionChecker/]: [travelersbackpack] Received version check data:
{ 
        "homepage": "https://www.curseforge.com/minecraft/mc-mods/travelers-backpack", 
        "promos": {
		"1.20.4-recommended": "9.4.2",
		"1.20.4-latest": "9.4.2",
		"1.20.2-recommended": "9.2.4",
		"1.20.2-latest": "9.2.4",
		"1.20.1-recommended": "9.1.16",
		"1.20.1-latest": "9.1.16",
		"1.20-recommended": "9.0.2",
		"1.20-latest": "9.0.2",
		"1.19.4-recommended": "8.4.20",
		"1.19.4-latest": "8.4.20",
		"1.19.3-recommended": "8.3.9",
		"1.19.3-latest": "8.3.9",
		"1.19.2-recommended": "8.2.40",
		"1.19.2-latest": "8.2.40",
		"1.19.1-recommended": "8.1.1",
		"1.19.1-latest": "8.1.1",
		"1.19-recommended": "8.0.8",
		"1.19-latest": "8.0.8",
		"1.18.2-recommended": "7.1.48",
		"1.18.2-latest": "7.1.48",
		"1.18.1-recommended": "7.0.4",
		"1.18.1-latest": "7.0.5",
		"1.17.1-recommended": "6.0.52",
		"1.17.1-latest": "6.0.52",
		"1.16.5-recommended": "5.4.51",
		"1.16.5-latest": "5.4.51",
		"1.16.4-recommended": "5.3.8",
		"1.16.4-latest": "5.3.8",
		"1.16.3-recommended": "5.2.1",
		"1.16.3-latest": "5.2.1",
		"1.16.2-recommended": "5.1.1",
		"1.16.2-latest": "5.1.1",
		"1.16.1-recommended": "5.0.1",
		"1.16.1-latest": "5.0.1",
		"1.15.2-recommended": "4.0.8",
		"1.15.2-latest": "4.0.8",
		"1.14.4-recommended": "3.0.8",
		"1.14.4-latest": "3.0.8",
                "1.12.2-recommended": "1.0.34",
		"1.12.2-latest": "1.0.34"
        }, 
        "1.12.2": {
			"0.0.3a": "Added sleeping bag",
			"0.0.4a": "Added ability to wear backpack on player's back!",
			"0.0.5a": "Implemented swapping between tools!",
			"0.0.6a": "Added missing recipe for sleeping bag",
			"0.0.7a": "Fixes for server",
			"0.0.8a": "Added backpack renderer on player's back!",
			"0.0.9a": "Added tools render on backpack",
			"0.1.0a": "Fixed tile entity data loading",
			"0.1.1a": "Added hose, bug fixes",
			"0.1.2a": "Fixed server crash",
			"0.1.3a": "Added more backpack types!",
			"0.1.4a": "Added fluid render to block and wearable model",
			"0.1.5a": "Fixed some bugs and added more custom backpacks",
			"0.1.6a": "Added potions as fluids!",
			"0.1.7a": "Fixed rendering-thing on server",
			"0.1.8a": "Fixed some minor issues",
			"1.0.19.19": "First beta release",
			"1.0.20.20": "Mainly bug fixes",
			"1.0.21.21": "Bug fixes",
			"1.0.22.22": "Added backpack abilities",
			"1.0.23.23": "Bug fixes",
			"1.0.24.24": "Bug fixes",
			"1.0.25.25": "Bug fixes",
			"1.0.26.26": "Fixed NPE",
			"1.0.27": "Capability code clean-up, bug fix",
			"1.0.28": "Mod ID change, see note in 1.0.28 on the site",
			"1.0.29": "Mod ID change, see note in 1.0.29 on the site",
			"1.0.30": "Bug fixes, standard backpack texture improvements",
			"1.0.31": "Fixed bug that causes buckets to dissapear",
			"1.0.32": "Added in-game warning about modid change and method to keep backpacks after updating to newer version",
			"1.0.33": "Fixed backpack dissapear in explosions",
			"1.0.34": "Mainly bug fixes",
			"1.0.35": "Misc bug fixes"
        },
	"1.14.4":  { 
			"3.0.7": "Initial port",
			"3.0.8": "Compatibility for modded tools"
	},
	"1.15.2":  {
      			"4.0.0": "Initial port",
			"4.0.1": "FPS bug fix",
			"4.0.2": "Fixed unwanted backpack placement after death",
			"4.0.3": "Fixed NPE while using sleeping bag",
			"4.0.4": "Fixed crash, updated few textures",
			"4.0.5": "Bug fixes",
			"4.0.6": "Fixed backpack dissapear in explosions",
			"4.0.7": "Keybind for tool cycle",
			"4.0.8": "Compatibility for modded tools"
	},
	"1.16.1":  { 
			"5.0.0": "Initial port",
			"5.0.1": "Fixed backpack not saving contents, compatibility for modded tools"
	},
	"1.16.2":  { 
			"5.1.0": "Initial port",
			"5.1.1": "Fixed server crashes, backpack not saving contents, compatibility for modded tools"
	},
	"1.16.3":  { 
			"5.2.1": "Initial port"
	},
	"1.16.4":  { 
			"5.3.1": "Initial port",
			"5.3.2": "Bug fixes, game-breaking change",
			"5.3.3": "A lot of bug fixes",
			"5.3.4": "Dupe bug fix",
			"5.3.5": "Curios integration",
			"5.3.6": "Crafting grid dupe bug fix",
			"5.3.7": "Crash fix, curiosIntegration option migration",
			"5.3.8": "Fixed item saving bug"
	},
	"1.16.5":  { 
			"5.3.8": "Fixed item saving bug",
			"5.4.0": "Few new custom backpacks",
			"5.4.1": "Fixed villager trades",
			"5.4.2": "Fixed crash with turkish language and small tweaks",
			"5.4.3": "Fixed dupe bug",
			"5.4.4": "JEI dupe bug fix and more",
			"5.4.5": "Dyeable backpacks update! :>",
			"5.4.6": "More backpacks and bug fixes",
			"5.4.7": "Exploit and bug fixes",
			"5.4.8": "Fixed spawn point setting",
			"5.4.9": "20 new backpacks",
			"5.4.10": "Added backpack abilties",
			"5.4.11": "Code cleanup",
			"5.4.12": "Fixed crash",
			"5.4.13": "Added sorting buttons",
			"5.4.14": "Fixed LAN crash",
			"5.4.15": "Fixed few bugs",
			"5.4.16": "Fixed crash",
			"5.4.17": "Fixed bugs",
			"5.4.18": "Fixed crash",
			"5.4.19": "Fixed curio dupe bug",
			"5.4.20": "Added 9 new abilities",
			"5.4.21": "Added too many backpacks slowness effect",
			"5.4.22": "Fixed abilities",
			"5.4.23": "Added colorable sleeping bags",
			"5.4.24": "Bug fixes",
			"5.4.25": "Added slot memory",
			"5.4.26": "Added dedicated settings menu",
			"5.4.28": "Added milk and milk effect",
			"5.4.29": "Mobs can spawn with backpack equipped",
			"5.4.31": "Added /restore command",
			"5.4.32": "Added void protection config option",
			"5.4.33": "Fixed bad coded coordinates",
			"5.4.35": "Tweaked config and commands",
			"5.4.36": "Added backpack tiers",
			"5.4.37": "Changed tier upgrades recipes",
			"5.4.38": "Added enableTierUpgrades config option",
			"5.4.39": "Added Crafting widget",
			"5.4.40": "Fixed dupe bug",
			"5.4.41": "Backpack can be placed in fluids after death",
			"5.4.42": "Added compat with gravestone mods",
			"5.4.43": "Tweaked some recipes",
			"5.4.44": "Misc",
			"5.4.45": "Misc",
			"5.4.46": "Misc",
			"5.4.47": "Added tool slots widget",
			"5.4.48": "Fixed few bugs",
			"5.4.49": "Shift + Right Click with Empty Hand allows to place backpack on the ground",
			"5.4.50": "Sleeping bag can be used without backpack",
			"5.4.51": "Added loot to chests and fixed bugs"
	},
	"1.17.1":  { 
			"6.0.0": "Initial Release",
			"6.0.1": "Fixed datapack issue",
			"6.0.2": "Fixed crash with newest Forge",
			"6.0.3": "Fixed backpack disappearing on death",
			"6.0.4": "JEI integration and more",
			"6.0.5": "Dyeable backpacks update! :>",
			"6.0.6": "More backpacks and bug fixes",
			"6.0.7": "Fixed significant FPS drop",
			"6.0.8": "Fixed dupe bug",
			"6.0.9": "Fixed spawn point setting",
			"6.0.10": "20 new backpacks",
			"6.0.11": "Added backpack abilties",
			"6.0.12": "Code cleanup",
			"6.0.13": "Fixed crash",
			"6.0.14": "Added sorting buttons",
			"6.0.15": "Fixed LAN crash",
			"6.0.16": "Fixed few bugs",
			"6.0.17": "Fixed crash",
			"6.0.18": "Fixed bugs",
			"6.0.19": "Fixed crash",
			"6.0.20": "Fixed curio dupe bug",
			"6.0.21": "Added 9 new abilities",
			"6.0.22": "Added too many backpacks slowness effect",
			"6.0.23": "Fixed abilities",
			"6.0.24": "Added colorable sleeping bags",
			"6.0.25": "Bug fixes",
			"6.0.26": "Added slot memory",
			"6.0.27": "Added dedicated settings menu",
			"6.0.29": "Added milk and milk effect",
			"6.0.30": "Mobs can spawn with backpack equipped",
			"6.0.32": "Added /restore command",
			"6.0.33": "Added void protection config option",
			"6.0.34": "Fixed bad coded coordinates",
			"6.0.36": "Tweaked config and commands",
			"6.0.37": "Added backpack Tiers",
			"6.0.38": "Changed tier upgrades recipes",
			"6.0.39": "Added enableTierUpgrades config option",
			"6.0.40": "Added Crafting widget",
			"6.0.41": "Fixed dupe bug",
			"6.0.42": "Backpack can be placed in fluids after death",
			"6.0.43": "Added compat with gravestone mods",
			"6.0.44": "Added inventory tooltip in preview",
			"6.0.45": "Misc",
			"6.0.46": "Misc",
			"6.0.47": "Misc",
			"6.0.48": "Added tool slots widget",
			"6.0.49": "Fixed few bugs",
			"6.0.50": "Shift + Right Click with Empty Hand allows to place backpack on the ground",
			"6.0.51": "Sleeping bag can be used without backpack",
			"6.0.52": "Added loot to chests and fixed bugs"
	},
	"1.18.1":  { 
			"7.0.0": "Initial Release",
			"7.0.1": "Backpack lose items bug fix",
			"7.0.2": "New backpacks",
			"7.0.3": "Fixed dupe bug",
			"7.0.4": "Fixed spawn point setting"
	},
	"1.18.2":  { 
			"7.1.0": "Initial Release",
			"7.1.1": "Fixed spawn point setting",
			"7.1.2": "20 new backpacks",
			"7.1.3": "Added backpack abilties",
			"7.1.4": "Code cleanup",
			"7.1.5": "Fixed bug with duplicating buckets",
			"7.1.6": "Fixed crash",
			"7.1.7": "Added sorting buttons",
			"7.1.8": "Fixed LAN crash",
			"7.1.9": "Fixed few bugs",
			"7.1.10": "Fixed crash",
			"7.1.11": "Fixed bugs",
			"7.1.12": "Fixed crash",
			"7.1.13": "Fixed curio dupe bug",
			"7.1.14": "Added 9 new abilities",
			"7.1.15": "Added too many backpacks slowness effect",
			"7.1.16": "Fixed abilities",
			"7.1.17": "Added colorable sleeping bags",
			"7.1.18": "Bug fixes",
			"7.1.20": "Added slot memory",
			"7.1.21": "Added dedicated settings menu",
			"7.1.23": "Added milk and milk effect",
			"7.1.24": "Mobs can spawn with backpack equipped",
			"7.1.26": "Added /restore command",
			"7.1.27": "Added void protection config option",
			"7.1.28": "Fixed bad coded coordinates",
			"7.1.30": "Tweaked config and commands",
			"7.1.31": "Added backpack Tiers",
			"7.1.32": "Changed tier upgrades recipes",
			"7.1.33": "Added enableTierUpgrades config option",
			"7.1.34": "Added Crafting widget",
			"7.1.35": "Fixed dupe bug",
			"7.1.36": "Backpack can be placed in fluids after death",
			"7.1.37": "Added compat with gravestone mods",
			"7.1.38": "Added inventory preview in tooltip",
			"7.1.39": "Misc",
			"7.1.40": "Misc",
			"7.1.41": "Misc",
			"7.1.42": "Added tool slots widget",
			"7.1.43": "Fixed few bugs",
			"7.1.44": "Shift + Right Click with Empty Hand allows to place backpack on the ground",
			"7.1.45": "Sleeping bag can be used without backpack",
			"7.1.46": "Added loot to chests and fixed bugs",
			"7.1.47": "Configuration for backpack slots",
			"7.1.48": "Added recipes to recipe book"
			
	},
	"1.19":  { 
			"8.0.0": "Initial Release",
			"8.0.1": "Fixed crashes",
			"8.0.2": "20 new backpacks",
			"8.0.3": "Added backpack abilties",
			"8.0.4": "Updated Forge",
			"8.0.5": "Fixed few bugs",
			"8.0.6": "Code cleanup",
			"8.0.7": "Fixed crash",
			"8.0.8": "Added sorting buttons"
	},
	"1.19.1":  { 
			"8.1.0": "Initial Release",
			"8.1.1": "Fixed LAN crash"
	},
	"1.19.2":  { 
			"8.2.0": "Initial Release",
			"8.2.1": "Fixed few bugs",
			"8.2.2": "Fixed crash",
			"8.2.3": "Fixed bugs",
			"8.2.4": "Fixed crash",
			"8.2.5": "Fixed curio dupe bug",
			"8.2.6": "Added 9 new abilities",
			"8.2.7": "Added too many backpacks slowness effect",
			"8.2.8": "Fixed abilities",
			"8.2.9": "Added colorable sleeping bags",
			"8.2.10": "Bug fixes",
			"8.2.11": "Added slot memory",
			"8.2.12": "Added dedicated settings menu",
			"8.2.14": "Added milk and milk effect",
			"8.2.15": "Mobs can spawn with backpack equipped",
			"8.2.17": "Added /restore command",
			"8.2.18": "Added void protection config option",
			"8.2.19": "Fixed bad coded coordinates",
			"8.2.21": "Tweaked config and commands",
			"8.2.22": "Added backpack tiers",
			"8.2.23": "Changed tier upgrades recipes",
			"8.2.24": "Missing texture hotfix",
			"8.2.25": "Added enableTierUpgrades config option",
			"8.2.26": "Added Crafting widget",
			"8.2.27": "Fixed dupe bug",
			"8.2.28": "Backpack can be placed in fluids after death",
			"8.2.29": "Added compat with gravestone mods",
			"8.2.30": "Added inventory preview in tooltip",
			"8.2.31": "Misc",
			"8.2.32": "Misc",
			"8.2.33": "Misc",
			"8.2.34": "Added tool slots widget",
			"8.2.35": "Fixed few bugs",
			"8.2.36": "Shift + Right Click with Empty Hand allows to place backpack on the ground",
			"8.2.37": "Sleeping bag can be used without backpack",
			"8.2.38": "Added loot to chests and fixed bugs",
			"8.2.39": "Configuration for backpack slots",
			"8.2.40": "Added recipes to recipe book"
	},
	"1.19.3":  { 
			"8.3.0": "Initial Release",
			"8.3.2": "Added milk and milk effect",
			"8.3.3": "Mobs can spawn with backpack equipped",
			"8.3.5": "Added /restore command",
			"8.2.6": "Added void protection config option",
			"8.2.7": "Fixed bad coded coordinates",
			"8.2.9": "Tweaked config and commands"
	},
	"1.19.4":  { 
			"8.4.2": "Tweaked config and commands",
			"8.4.3": "Added backpack tiers",
			"8.4.4": "Changed tier upgrades recipes",
			"8.4.5": "Added enableTierUpgrades config option",
			"8.4.6": "Added support for new smithing table",
			"8.4.7": "Added support for new smithing table",
			"8.4.8": "Added Crafting widget",
			"8.4.9": "Fixed dupe bug",
			"8.4.10": "Backpack can be placed in fluids after death",
			"8.4.11": "Added compat with gravestone mods",
			"8.4.12": "Added inventory preview in tooltip",
			"8.4.13": "Misc",
			"8.4.14": "Misc",
			"8.4.15": "Misc",
			"8.4.16": "Added tool slots widget",
			"8.4.17": "Fixed few bugs",
			"8.4.18": "Shift + Right Click with Empty Hand allows to place backpack on the ground",
			"8.4.19": "Sleeping bag can be used without backpack",
			"8.4.20": "Added loot to chests and fixed bugs"
	},
	"1.20":  { 
			"9.0.0": "Initial update",
			"9.0.1": "Fixed disappearing backpack on contact with water",
			"9.0.2": "Fixed smithing bug and restored Curios compat"
	},
	"1.20.1":  { 
			"9.1.0": "Initial update",
			"9.1.1": "Initial update",
			"9.1.2": "Fixed dupe bug",
			"9.1.3": "Added compat with gravestone mods",
			"9.1.4": "Added inventory preview in tooltip",
			"9.1.5": "Misc",
			"9.1.6": "Misc",
			"9.1.7": "Misc",
			"9.1.8": "Added tool slots widget",
			"9.1.9": "Fixed few bugs",
			"9.1.10": "Shift + Right Click with Empty Hand allows to place backpack on the ground",
			"9.1.11": "Sleeping bag can be used without backpack",
			"9.1.12": "Configuration for backpack slots",
			"9.1.13": "Added loot to chests and fixed bugs",
			"9.1.14": "Added recipes to recipe book",
			"9.1.15": "Improvements",
			"9.1.16": "Stopped excessive drops of backpack from mob farms, added visibility button, fixed some bugs"
	},
	"1.20.2":  { 
			"9.2.0": "Initial update",
			"9.2.1": "Fixed few bugs",
			"9.2.2": "Shift + Right Click with Empty Hand allows to place backpack on the ground",
			"9.2.3": "Sleeping bag can be used without backpack",
			"9.2.4": "Added loot to chests and fixed bugs"
	},
	"1.20.4":  { 
			"9.4.0": "Initial update",
			"9.4.1": "Configuration for backpack slots",
			"9.4.2": "Added recipes to recipe book"
	}
}
[10Aug2025 21:07:34.570] [Forge Version Check/INFO] [net.minecraftforge.fml.VersionChecker/]: [travelersbackpack] Found status: AHEAD Current: 9.1.39 Target: null
[10Aug2025 21:07:34.571] [Forge Version Check/INFO] [net.minecraftforge.fml.VersionChecker/]: [mcwstairs] Starting version check at https://raw.githubusercontent.com/sketchmacaw/macawsmods/master/stairs.json
[10Aug2025 21:07:34.584] [Forge Version Check/DEBUG] [net.minecraftforge.fml.VersionChecker/]: [mcwstairs] Received version check data:
{
  "homepage": "https://www.curseforge.com/minecraft/mc-mods/macaws-stairs",
  "promos": {
    "1.21.5-recommended": "1.0.1",
    "1.21.5-latest": "1.0.1",
    "1.21.4-recommended": "1.0.1",
    "1.21.4-latest": "1.0.1",
    "1.21.3-recommended": "1.0.1",
    "1.21.3-latest": "1.0.1",
    "1.21.1-recommended": "1.0.1",
    "1.21.1-latest": "1.0.1",
    "1.21-recommended": "1.0.1",
    "1.21-latest": "1.0.1",
    "1.20.6-recommended": "1.0.1",
    "1.20.6-latest": "1.0.1",
    "1.20.4-recommended": "1.0.1",
    "1.20.4-latest": "1.0.1",
    "1.20.3-recommended": "1.0.1",
    "1.20.3-latest": "1.0.1",
    "1.20.2-recommended": "1.0.1",
    "1.20.2-latest": "1.0.1",
    "1.20.1-recommended": "1.0.1",
    "1.20.1-latest": "1.0.1",
    "1.20-recommended": "1.0.1",
    "1.20-latest": "1.0.1",
    "1.19.4-recommended": "1.0.1",
    "1.19.4-latest": "1.0.1",
    "1.19.3-recommended": "1.0.1",
    "1.19.3-latest": "1.0.1",
    "1.19.2-recommended": "1.0.1",
    "1.19.2-latest": "1.0.1",
    "1.19.1-recommended": "1.0.1",
    "1.19.1-latest": "1.0.1",
    "1.19-recommended": "1.0.1",
    "1.19-latest": "1.0.1",
    "1.18.2-recommended": "1.0.1",
    "1.18.2-latest": "1.0.1",
    "1.18.1-recommended": "1.0.1",
    "1.18.1-latest": "1.0.1",
    "1.17.1-recommended": "1.0.1",
    "1.17.1-latest": "1.0.1",
    "1.16.5-latest": "1.0.1",
    "1.16.5-recommended": "1.0.1"
  }
}
[10Aug2025 21:07:34.584] [Forge Version Check/INFO] [net.minecraftforge.fml.VersionChecker/]: [mcwstairs] Found status: UP_TO_DATE Current: 1.0.1 Target: null
[10Aug2025 21:07:34.584] [Forge Version Check/INFO] [net.minecraftforge.fml.VersionChecker/]: [mcwdoors] Starting version check at https://raw.githubusercontent.com/sketchmacaw/macawsmods/master/doors.json
[10Aug2025 21:07:34.594] [Forge Version Check/DEBUG] [net.minecraftforge.fml.VersionChecker/]: [mcwdoors] Received version check data:
{
  "homepage": "https://www.curseforge.com/minecraft/mc-mods/macaws-doors",
  "promos": {
    "1.21.5-recommended": "1.1.2",
    "1.21.5-latest": "1.1.2",
    "1.21.4-recommended": "1.1.2",
    "1.21.4-latest": "1.1.2",
    "1.21.3-recommended": "1.1.2",
    "1.21.3-latest": "1.1.2",
    "1.21.1-recommended": "1.1.2",
    "1.21.1-latest": "1.1.2",
    "1.21-recommended": "1.1.2",
    "1.21-latest": "1.1.2",
    "1.20.6-recommended": "1.1.2",
    "1.20.6-latest": "1.1.2",
    "1.20.4-recommended": "1.1.2",
    "1.20.4-latest": "1.1.2",
    "1.20.3-recommended": "1.1.2",
    "1.20.3-latest": "1.1.2",
    "1.20.2-recommended": "1.1.2",
    "1.20.2-latest": "1.1.2",
    "1.20.1-recommended": "1.1.2",
    "1.20.1-latest": "1.1.2",
    "1.20-recommended": "1.1.2",
    "1.20-latest": "1.1.2",
    "1.19.4-recommended": "1.1.2",
    "1.19.4-latest": "1.1.2",
    "1.19.3-recommended": "1.1.2",
    "1.19.3-latest": "1.1.2",
    "1.19.2-recommended": "1.1.2",
    "1.19.2-latest": "1.1.2",
    "1.19.1-recommended": "1.1.2",
    "1.19.1-latest": "1.1.2",
    "1.19-recommended": "1.1.2",
    "1.19-latest": "1.1.2",
    "1.18.2-recommended": "1.1.2",
    "1.18.2-latest": "1.1.2",
    "1.18.1-recommended": "1.1.2",
    "1.18.1-latest": "1.1.2",
    "1.17.1-recommended": "1.1.2",
    "1.17.1-latest": "1.1.2",
    "1.16.5-recommended": "1.1.2",
    "1.16.5-latest": "1.1.2",
    "1.15.2-latest": "1.0.3",
    "1.15.1-latest": "1.0.3",
    "1.14.4-latest": "1.0.3",
    "1.12.2-latest": "1.0.3",
    "1.15.2-recommended": "1.0.3",
    "1.15.1-recommended": "1.0.3",
    "1.14.4-recommended": "1.0.3",
    "1.12.2-recommended": "1.0.3"
  }
}
[10Aug2025 21:07:34.595] [Forge Version Check/INFO] [net.minecraftforge.fml.VersionChecker/]: [mcwdoors] Found status: UP_TO_DATE Current: 1.1.2 Target: null
[10Aug2025 21:07:34.595] [Forge Version Check/INFO] [net.minecraftforge.fml.VersionChecker/]: [puzzlesaccessapi] Starting version check at https://raw.githubusercontent.com/Fuzss/modresources/main/update/puzzlesaccessapi.json
[10Aug2025 21:07:34.606] [Forge Version Check/DEBUG] [net.minecraftforge.fml.VersionChecker/]: [puzzlesaccessapi] Received version check data:
{
    "homepage": "https://github.com/Fuzss/puzzlesaccessapi",
    "promos": {}
}
[10Aug2025 21:07:34.606] [Forge Version Check/INFO] [net.minecraftforge.fml.VersionChecker/]: [puzzlesaccessapi] Found status: BETA Current: 20.1.1 Target: null
[10Aug2025 21:07:34.606] [Forge Version Check/INFO] [net.minecraftforge.fml.VersionChecker/]: [forge] Starting version check at https://files.minecraftforge.net/net/minecraftforge/forge/promotions_slim.json
[10Aug2025 21:07:34.845] [Forge Version Check/DEBUG] [net.minecraftforge.fml.VersionChecker/]: [forge] Received version check data:
{
  "homepage": "https://files.minecraftforge.net/net/minecraftforge/forge/",
  "promos": {
    "1.1-latest": "1.3.4.29",
    "1.2.3-latest": "1.4.1.64",
    "1.2.4-latest": "2.0.0.68",
    "1.2.5-latest": "3.4.9.171",
    "1.3.2-latest": "4.3.5.318",
    "1.4.0-latest": "5.0.0.326",
    "1.4.1-latest": "6.0.0.329",
    "1.4.2-latest": "6.0.1.355",
    "1.4.3-latest": "6.2.1.358",
    "1.4.4-latest": "6.3.0.378",
    "1.4.5-latest": "6.4.2.448",
    "1.4.6-latest": "6.5.0.489",
    "1.4.7-latest": "6.6.2.534",
    "1.5-latest": "7.7.0.598",
    "1.5.1-latest": "7.7.2.682",
    "1.5.2-latest": "7.8.1.738",
    "1.5.2-recommended": "7.8.1.738",
    "1.6.1-latest": "8.9.0.775",
    "1.6.2-latest": "9.10.1.871",
    "1.6.2-recommended": "9.10.1.871",
    "1.6.3-latest": "9.11.0.878",
    "1.6.4-latest": "9.11.1.1345",
    "1.6.4-recommended": "9.11.1.1345",
    "1.7.2-latest": "10.12.2.1161",
    "1.7.2-recommended": "10.12.2.1161",
    "1.7.10_pre4-latest": "10.12.2.1149",
    "1.7.10-latest": "10.13.4.1614",
    "1.7.10-recommended": "10.13.4.1614",
    "1.8-latest": "11.14.4.1577",
    "1.8-recommended": "11.14.4.1563",
    "1.8.8-latest": "11.15.0.1655",
    "1.8.9-latest": "11.15.1.2318",
    "1.8.9-recommended": "11.15.1.2318",
    "1.9-latest": "12.16.1.1938",
    "1.9-recommended": "12.16.1.1887",
    "1.9.4-latest": "12.17.0.2317",
    "1.9.4-recommended": "12.17.0.2317",
    "1.10-latest": "12.18.0.2000",
    "1.10.2-latest": "12.18.3.2511",
    "1.10.2-recommended": "12.18.3.2511",
    "1.11-latest": "13.19.1.2199",
    "1.11-recommended": "13.19.1.2189",
    "1.11.2-latest": "13.20.1.2588",
    "1.11.2-recommended": "13.20.1.2588",
    "1.12-latest": "14.21.1.2443",
    "1.12-recommended": "14.21.1.2387",
    "1.12.1-latest": "14.22.1.2485",
    "1.12.1-recommended": "14.22.1.2478",
    "1.12.2-latest": "14.23.5.2860",
    "1.12.2-recommended": "14.23.5.2859",
    "1.13.2-latest": "25.0.223",
    "1.14.2-latest": "26.0.63",
    "1.14.3-latest": "27.0.60",
    "1.14.4-latest": "28.2.26",
    "1.14.4-recommended": "28.2.26",
    "1.15-latest": "29.0.4",
    "1.15.1-latest": "30.0.51",
    "1.15.2-latest": "31.2.57",
    "1.15.2-recommended": "31.2.57",
    "1.16.1-latest": "32.0.108",
    "1.16.2-latest": "33.0.61",
    "1.16.3-latest": "34.1.42",
    "1.16.3-recommended": "34.1.0",
    "1.16.4-latest": "35.1.37",
    "1.16.4-recommended": "35.1.4",
    "1.16.5-latest": "36.2.42",
    "1.16.5-recommended": "36.2.34",
    "1.17.1-latest": "37.1.1",
    "1.17.1-recommended": "37.1.1",
    "1.18-latest": "38.0.17",
    "1.18.1-latest": "39.1.2",
    "1.18.1-recommended": "39.1.0",
    "1.18.2-recommended": "40.3.0",
    "1.18.2-latest": "40.3.11",
    "1.19-latest": "41.1.0",
    "1.19-recommended": "41.1.0",
    "1.19.1-latest": "42.0.9",
    "1.19.2-recommended": "43.5.0",
    "1.19.2-latest": "43.5.1",
    "1.19.3-latest": "44.1.23",
    "1.19.3-recommended": "44.1.0",
    "1.19.4-recommended": "45.4.0",
    "1.19.4-latest": "45.4.1",
    "1.20-latest": "46.0.14",
    "1.20.1-recommended": "47.4.0",
    "1.20.1-latest": "47.4.6",
    "1.20.2-latest": "48.1.0",
    "1.20.2-recommended": "48.1.0",
    "1.20.3-latest": "49.0.2",
    "1.20.4-latest": "49.2.0",
    "1.20.4-recommended": "49.2.0",
    "1.20.6-latest": "50.2.1",
    "1.20.6-recommended": "50.2.0",
    "1.21-latest": "51.0.33",
    "1.21.1-latest": "52.1.3",
    "1.21.1-recommended": "52.1.0",
    "1.21.3-latest": "53.1.2",
    "1.21.3-recommended": "53.1.0",
    "1.21.4-latest": "54.1.6",
    "1.21.4-recommended": "54.1.0",
    "1.21.5-latest": "55.0.24",
    "1.21.6-latest": "56.0.9",
    "1.21.7-latest": "57.0.3",
    "1.21.8-latest": "58.0.5"
  }
}
[10Aug2025 21:07:34.846] [Forge Version Check/INFO] [net.minecraftforge.fml.VersionChecker/]: [forge] Found status: UP_TO_DATE Current: 47.4.0 Target: null
[10Aug2025 21:07:34.846] [Forge Version Check/INFO] [net.minecraftforge.fml.VersionChecker/]: [supplementaries] Starting version check at https://raw.githubusercontent.com/MehVahdJukaar/Supplementaries/1.20/forge/update.json
[10Aug2025 21:07:34.857] [Forge Version Check/DEBUG] [net.minecraftforge.fml.VersionChecker/]: [supplementaries] Received version check data:
{
  "homepage": "https://www.curseforge.com/minecraft/mc-mods/supplementaries",
  "promos": {
    "1.20-latest": "1.20-2.6.1",
    "1.20-recommended": "1.20-2.6.1"
  }
}
[10Aug2025 21:07:34.858] [Forge Version Check/INFO] [net.minecraftforge.fml.VersionChecker/]: [supplementaries] Found status: BETA Current: 1.20-3.1.31 Target: null
[10Aug2025 21:07:34.858] [Forge Version Check/INFO] [net.minecraftforge.fml.VersionChecker/]: [mcwpaths] Starting version check at https://raw.githubusercontent.com/sketchmacaw/macawsmods/master/paths.json
[10Aug2025 21:07:34.867] [Forge Version Check/DEBUG] [net.minecraftforge.fml.VersionChecker/]: [mcwpaths] Received version check data:
{
  "homepage": "https://www.curseforge.com/minecraft/mc-mods/macaws-path-and-pavings",
  "promos": {
    "1.21.5-recommended": "1.1.0",
    "1.21.5-latest": "1.1.0",
    "1.21.4-recommended": "1.1.0",
    "1.21.4-latest": "1.1.0",
    "1.21.3-recommended": "1.1.0",
    "1.21.3-latest": "1.1.0",
    "1.21.1-recommended": "1.1.0",
    "1.21.1-latest": "1.1.0",
    "1.21-recommended": "1.1.0",
    "1.21-latest": "1.1.0",
    "1.20.6-recommended": "1.1.0",
    "1.20.6-latest": "1.1.0",
    "1.20.4-recommended": "1.1.0",
    "1.20.4-latest": "1.1.0",
    "1.20.3-recommended": "1.1.0",
    "1.20.3-latest": "1.1.0",
    "1.20.2-recommended": "1.1.0",
    "1.20.2-latest": "1.1.0",
    "1.20.1-recommended": "1.1.0",
    "1.20.1-latest": "1.1.0",
    "1.20-recommended": "1.1.0",
    "1.20-latest": "1.1.0",
    "1.19.4-recommended": "1.1.0",
    "1.19.4-latest": "1.1.0",
    "1.19.3-recommended": "1.1.0",
    "1.19.3-latest": "1.1.0",
    "1.19.2-recommended": "1.1.0",
    "1.19.2-latest": "1.1.0",
    "1.19.1-recommended": "1.1.0",
    "1.19.1-latest": "1.1.0",
    "1.19-recommended": "1.1.0",
    "1.19-latest": "1.1.0",
    "1.18.2-recommended": "1.1.0",
    "1.18.2-latest": "1.1.0",
    "1.18.1-recommended": "1.1.0",
    "1.18.1-latest": "1.1.0",
    "1.17.1-recommended": "1.1.0",
    "1.17.1-latest": "1.1.0",
    "1.16.5-latest": "1.1.0",
    "1.16.5-recommended": "1.1.0",
    "1.12.2-latest": "1.0.2",
    "1.12.2-recommended": "1.0.2"
  }
}
[10Aug2025 21:07:34.868] [Forge Version Check/INFO] [net.minecraftforge.fml.VersionChecker/]: [mcwpaths] Found status: UP_TO_DATE Current: 1.1.0 Target: null
[10Aug2025 21:07:34.868] [Forge Version Check/INFO] [net.minecraftforge.fml.VersionChecker/]: [mcwbridges] Starting version check at https://raw.githubusercontent.com/sketchmacaw/macawsmods/master/bridges.json
[10Aug2025 21:07:34.877] [Forge Version Check/DEBUG] [net.minecraftforge.fml.VersionChecker/]: [mcwbridges] Received version check data:
{
  "homepage": "https://www.curseforge.com/minecraft/mc-mods/macaws-bridges",
  "promos": {
    "1.21.5-recommended": "3.1.0",
    "1.21.5-latest": "3.1.0",
    "1.21.4-recommended": "3.1.0",
    "1.21.4-latest": "3.1.0",
    "1.21.3-recommended": "3.1.0",
    "1.21.3-latest": "3.1.0",
    "1.21.1-recommended": "3.1.1",
    "1.21.1-latest": "3.1.1",
    "1.21-recommended": "3.1.1",
    "1.21-latest": "3.1.1",
    "1.20.6-recommended": "3.1.1",
    "1.20.6-latest": "3.1.1",
    "1.20.4-recommended": "3.1.0",
    "1.20.4-latest": "3.1.0",
    "1.20.3-recommended": "3.1.0",
    "1.20.3-latest": "3.1.0",
    "1.20.2-recommended": "3.1.0",
    "1.20.2-latest": "3.1.0",
    "1.20.1-recommended": "3.1.0",
    "1.20.1-latest": "3.1.0",
    "1.20-recommended": "3.1.0",
    "1.20-latest": "3.1.0",
    "1.19.4-recommended": "3.1.0",
    "1.19.4-latest": "3.1.0",
    "1.19.3-recommended": "3.1.0",
    "1.19.3-latest": "3.1.0",
    "1.19.2-recommended": "3.1.0",
    "1.19.2-latest": "3.1.0",
    "1.19.1-recommended": "3.1.0",
    "1.19.1-latest": "3.1.0",
    "1.19-recommended": "3.1.0",
    "1.19-latest": "3.1.0",
    "1.18.2-recommended": "3.1.0",
    "1.18.2-latest": "3.1.0",
    "1.18.1-recommended": "3.1.0",
    "1.18.1-latest": "3.1.0",
    "1.17.1-recommended": "3.1.0",
    "1.17.1-latest": "3.1.0",
    "1.16.5-recommended": "3.1.0",
    "1.16.5-latest": "3.1.0"
  }
}
[10Aug2025 21:07:34.878] [Forge Version Check/INFO] [net.minecraftforge.fml.VersionChecker/]: [mcwbridges] Found status: UP_TO_DATE Current: 3.1.0 Target: null
[10Aug2025 21:07:34.880] [Forge Version Check/INFO] [net.minecraftforge.fml.VersionChecker/]: [trade_cycling] Starting version check at https://update.maxhenkel.de/forge/trade_cycling
[10Aug2025 21:07:35.318] [Forge Version Check/DEBUG] [net.minecraftforge.fml.VersionChecker/]: [trade_cycling] Received version check data:
{"1.20.2":{"1.20.2-1.0.8":"Updated update checker URL\nUpdated config builder","1.20.2-1.0.7":""},"1.21.1":{"1.21.1-1.0.18":"Updated Simplified Chinese translation"},"1.20.1":{"1.20.1-1.0.7":"","1.20.1-1.0.18":"Updated Simplified Chinese translation"},"1.21":{"1.21-1.0.13":"Updated dependencies\nFixed crash"},"1.20":{"1.20-1.0.5":"Updated to 1.20"},"1.19":{"1.19-1.0.5":"Fixed visual desync when cycling discounted trades"},"1.18.2":{"1.18.2-1.0.2":"Updated to 1.18.2"},"1.19.1":{"1.19.1-1.0.5":"Fixed visual desync when cycling discounted trades"},"1.19.2":{"1.19.2-1.0.5":"Fixed visual desync when cycling discounted trades","1.19.2-1.0.14":"Added Traditional Chinese translation"},"1.19.3":{"1.19.3-1.0.5":"Updated to 1.19.3"},"1.19.4":{"1.19.4-1.0.5":"Updated to 1.19.4"},"1.21.7":{"1.21.7-1.0.19":"Updated to 1.21.7"},"1.21.6":{"1.21.6-1.0.19":"Fixed Visible Traders integration"},"1.18.1":{"1.18.1-1.0.2":"Fixed duplication bug"},"1.21.8":{"1.21.8-1.0.19":"Updated to 1.21.8"},"1.20.4":{"1.20.4-1.0.7":"Updated to 1.20.4","1.20.4-1.0.11":""},"1.21.3":{"1.21.3-1.0.15":"Updated to 1.21.3"},"promos":{"1.18.1-latest":"1.18.1-1.0.2","1.21.4-latest":"1.21.4-1.0.18","1.21.3-latest":"1.21.3-1.0.15","1.18.2-latest":"1.18.2-1.0.2","1.20-recommended":"1.20-1.0.5","1.19.3-recommended":"1.19.3-1.0.5","1.19.1-recommended":"1.19.1-1.0.5","1.21.6-latest":"1.21.6-1.0.19","1.21.5-latest":"1.21.5-1.0.18","1.21.1-latest":"1.21.1-1.0.18","1.19.4-recommended":"1.19.4-1.0.5","1.19-latest":"1.19-1.0.5","1.19.2-recommended":"1.19.2-1.0.5","1.21.8-latest":"1.21.8-1.0.19","1.20.4-recommended":"1.20.4-1.0.7","1.21.7-latest":"1.21.7-1.0.19","1.21-latest":"1.21-1.0.13","1.20.1-recommended":"1.20.1-1.0.7","1.20.2-recommended":"1.20.2-1.0.7","1.20-latest":"1.20-1.0.5","1.18.2-recommended":"1.18.2-1.0.2","1.18.1-recommended":"1.18.1-1.0.2","1.20.1-latest":"1.20.1-1.0.18","1.20.2-latest":"1.20.2-1.0.8","1.19.2-latest":"1.19.2-1.0.14","1.19.4-latest":"1.19.4-1.0.5","1.19.3-latest":"1.19.3-1.0.5","1.19-recommended":"1.19-1.0.5","1.20.4-latest":"1.20.4-1.0.11","1.19.1-latest":"1.19.1-1.0.5","1.20.6-latest":"1.20.6-1.0.11"},"1.20.6":{"1.20.6-1.0.11":"Updated to 1.20.6"},"1.21.5":{"1.21.5-1.0.18":"Updated Simplified Chinese translation"},"1.21.4":{"1.21.4-1.0.18":"Updated Simplified Chinese translation"},"homepage":"https://modrepo.de/minecraft/trade_cycling/overview"}
[10Aug2025 21:07:35.319] [Forge Version Check/INFO] [net.minecraftforge.fml.VersionChecker/]: [trade_cycling] Found status: AHEAD Current: 1.20.1-1.0.18 Target: null
[10Aug2025 21:07:35.319] [Forge Version Check/INFO] [net.minecraftforge.fml.VersionChecker/]: [moonlight] Starting version check at https://raw.githubusercontent.com/MehVahdJukaar/Moonlight/multi-loader/forge/update.json
[10Aug2025 21:07:35.328] [Forge Version Check/DEBUG] [net.minecraftforge.fml.VersionChecker/]: [moonlight] Received version check data:
{
  "homepage": "https://www.curseforge.com/minecraft/mc-mods/selene",
  "promos": {
    "1.19.2-latest": "1.19.2-2.3.7",
    "1.19.2-recommended": "1.19.2-2.3.7"
  }
}
[10Aug2025 21:07:35.329] [Forge Version Check/INFO] [net.minecraftforge.fml.VersionChecker/]: [moonlight] Found status: BETA Current: 1.20-2.14.11 Target: null
[10Aug2025 21:07:35.329] [Forge Version Check/INFO] [net.minecraftforge.fml.VersionChecker/]: [mcwtrpdoors] Starting version check at https://raw.githubusercontent.com/sketchmacaw/macawsmods/master/trapdoors.json
[10Aug2025 21:07:35.338] [Forge Version Check/DEBUG] [net.minecraftforge.fml.VersionChecker/]: [mcwtrpdoors] Received version check data:
{
  "homepage": "https://www.curseforge.com/minecraft/mc-mods/macaws-trapdoors",
  "promos": {
    "1.21.5-recommended": "1.1.4",
    "1.21.5-latest": "1.1.4",
    "1.21.4-recommended": "1.1.4",
    "1.21.4-latest": "1.1.4",
    "1.21.3-recommended": "1.1.4",
    "1.21.3-latest": "1.1.4",
    "1.21.1-recommended": "1.1.4",
    "1.21.1-latest": "1.1.4",
    "1.21-recommended": "1.1.4",
    "1.21-latest": "1.1.4",
    "1.21.1-recommended": "1.1.4",
    "1.21.1-latest": "1.1.4",
    "1.21.3-recommended": "1.1.4",
    "1.21.3-latest": "1.1.4",
    "1.21.4-recommended": "1.1.4",
    "1.21.4-latest": "1.1.4",
    "1.20.6-recommended": "1.1.4",
    "1.20.6-latest": "1.1.4",
    "1.20.4-recommended": "1.1.4",
    "1.20.4-latest": "1.1.4",
    "1.20.3-recommended": "1.1.4",
    "1.20.3-latest": "1.1.4",
    "1.20.2-recommended": "1.1.4",
    "1.20.2-latest": "1.1.4",
    "1.20.1-recommended": "1.1.4",
    "1.20.1-latest": "1.1.4",
    "1.20-recommended": "1.1.4",
    "1.20-latest": "1.1.4",
    "1.19.4-recommended": "1.1.4",
    "1.19.4-latest": "1.1.4",
    "1.19.3-recommended": "1.1.4",
    "1.19.3-latest": "1.1.4",
    "1.19.2-recommended": "1.1.4",
    "1.19.2-latest": "1.1.4",
    "1.19.1-recommended": "1.1.4",
    "1.19.1-latest": "1.1.4",
    "1.19-recommended": "1.1.4",
    "1.19-latest": "1.1.4",
    "1.18.2-recommended": "1.1.4",
    "1.18.2-latest": "1.1.4",
    "1.18.1-recommended": "1.1.4",
    "1.18.1-latest": "1.1.4",
    "1.17.1-recommended": "1.1.4",
    "1.17.1-latest": "1.1.4",
    "1.16.5-recommended": "1.1.4",
    "1.16.5-latest": "1.1.4",
    "1.15.2-latest": "1.0.3",
    "1.15.1-latest": "1.0.3",
    "1.14.4-latest": "1.0.3",
    "1.12.2-latest": "1.0.3",
    "1.15.2-recommended": "1.0.3",
    "1.15.1-recommended": "1.0.3",
    "1.12.2-recommended": "1.0.3",
    "1.14.4-recommended": "1.0.3"
  }
}
[10Aug2025 21:07:35.339] [Forge Version Check/INFO] [net.minecraftforge.fml.VersionChecker/]: [mcwtrpdoors] Found status: UP_TO_DATE Current: 1.1.4 Target: null
[10Aug2025 21:07:35.339] [Forge Version Check/INFO] [net.minecraftforge.fml.VersionChecker/]: [mcwfences] Starting version check at https://raw.githubusercontent.com/sketchmacaw/macawsmods/master/fences.json
[10Aug2025 21:07:35.348] [Forge Version Check/DEBUG] [net.minecraftforge.fml.VersionChecker/]: [mcwfences] Received version check data:
{
  "homepage": "https://www.curseforge.com/minecraft/mc-mods/macaws-fences-and-walls",
  "promos": {
    "1.21.5-recommended": "1.2.0",
    "1.21.5-latest": "1.2.0",
    "1.21.4-recommended": "1.2.0",
    "1.21.4-latest": "1.2.0",
    "1.21.3-recommended": "1.2.0",
    "1.21.3-latest": "1.2.0",
    "1.21.1-recommended": "1.2.0",
    "1.21.1-latest": "1.2.0",
    "1.21-recommended": "1.2.0",
    "1.21-latest": "1.2.0",
    "1.20.6-recommended": "1.2.0",
    "1.20.6-latest": "1.2.0",
    "1.20.4-recommended": "1.2.0",
    "1.20.4-latest": "1.2.0",
    "1.20.3-recommended": "1.2.0",
    "1.20.3-latest": "1.2.0",
    "1.20.2-recommended": "1.2.0",
    "1.20.2-latest": "1.2.0",
    "1.20.1-recommended": "1.2.0",
    "1.20.1-latest": "1.2.0",
    "1.20-recommended": "1.2.0",
    "1.20-latest": "1.2.0",
    "1.19.4-recommended": "1.2.0",
    "1.19.4-latest": "1.2.0",
    "1.19.3-recommended": "1.2.0",
    "1.19.3-latest": "1.2.0",
    "1.19.2-recommended": "1.2.0",
    "1.19.2-latest": "1.2.0",
    "1.19.1-recommended": "1.2.0",
    "1.19.1-latest": "1.2.0",
    "1.19-recommended": "1.2.0",
    "1.19-latest": "1.2.0",
    "1.18.2-recommended": "1.2.0",
    "1.18.2-latest": "1.2.0",
    "1.18.1-recommended": "1.2.0",
    "1.18.1-latest": "1.2.0",
    "1.17.1-recommended": "1.2.0",
    "1.17.1-latest": "1.2.0",
    "1.16.5-recommended": "1.2.0",
    "1.16.5-latest": "1.2.0",
    "1.15.2-latest": "1.0.0",
    "1.14.4-latest": "1.0.0",
    "1.12.2-latest": "1.0.0",
    "1.15.2-recommended": "1.0.0",
    "1.14.4-recommended": "1.0.0",
    "1.12.2-recommended": "1.0.0"
  }
}
[10Aug2025 21:07:35.348] [Forge Version Check/INFO] [net.minecraftforge.fml.VersionChecker/]: [mcwfences] Found status: UP_TO_DATE Current: 1.2.0 Target: null
[10Aug2025 21:07:35.348] [Forge Version Check/INFO] [net.minecraftforge.fml.VersionChecker/]: [securitycraft] Starting version check at https://www.github.com/Geforce132/SecurityCraft/raw/master/Updates/Forge.json
[10Aug2025 21:07:35.447] [Forge Version Check/DEBUG] [net.minecraftforge.fml.VersionChecker/]: [securitycraft] Received version check data:
{
    "homepage": "https://www.curseforge.com/minecraft/mc-mods/security-craft/",
    "promos": {
        "1.7.10-latest": "v1.8.13",
        "1.7.10-recommended": "v1.8.13",
        "1.8-latest": "v1.8.12.1",
        "1.8-recommended": "v1.8.12.1",
        "1.8.8-latest": "v1.8.12.1",
        "1.8.8-recommended": "v1.8.12.1",
        "1.8.9-latest": "v1.8.12.1",
        "1.8.9-recommended": "v1.8.12.1",
        "1.9.4-latest": "v1.8.12",
        "1.9.4-recommended": "v1.8.12",
        "1.10.2-latest": "v1.8.12",
        "1.10.2-recommended": "v1.8.12",
        "1.11.2-latest": "v1.8.12.1",
        "1.11.2-recommended": "v1.8.12.1",
        "1.12-latest": "v1.8.8.1",
        "1.12-recommended": "v1.8.8.1",
        "1.12.1-latest": "v1.8.8.1",
        "1.12.1-recommended": "v1.8.8.1",
        "1.13.2-latest": "v1.8.13",
        "1.13.2-recommended": "v1.8.13",
        "1.14.3-latest": "v1.8.12-beta2",
        "1.14.3-recommended": "v1.8.12-beta2",
        "1.14.4-latest": "v1.8.22.2",
        "1.14.4-recommended": "v1.8.22.2",
        "1.15.1-latest": "v1.8.15-beta2",
        "1.15.1-recommended": "v1.8.15-beta2",
        "1.15.2-latest": "v1.9.1",
        "1.15.2-recommended": "v1.9.1",
        "1.16.1-latest": "v1.8.19.3",
        "1.16.1-recommended": "v1.8.19.3",
        "1.16.2-latest": "v1.8.19.3",
        "1.16.2-recommended": "v1.8.19.3",
        "1.16.3-latest": "v1.8.21.1",
        "1.16.3-recommended": "v1.8.21.1",
        "1.16.4-latest": "v1.8.21.1",
        "1.16.4-recommended": "v1.8.21.1",
        "1.17.1-latest": "1.9.5",
        "1.17.1-recommended": "1.9.5",
        "1.18.1-latest": "1.9.0.2-beta1",
        "1.18.1-recommended": "1.9.0.2-beta1",
        "1.19-latest": "1.9.3.1",
        "1.19-recommended": "1.9.3.1",
        "1.19.1-latest": "1.9.3.1",
        "1.19.1-recommended": "1.9.3.1",
        "1.19.2-latest": "1.9.6.1",
        "1.19.2-recommended": "1.9.6.1",
        "1.19.3-latest": "1.9.8",
        "1.19.3-recommended": "1.9.8",
        "1.20-latest": "1.9.7-beta2",
        "1.20-recommended": "1.9.7-beta2",
        "1.20.2-latest": "1.9.9",
        "1.20.2-recommended": "1.9.9",
        "1.21-latest": "1.9.10-beta7",
        "1.21-recommended": "1.9.10-beta7",
        "1.21.2-latest": "1.9.11-beta2",
        "1.21.2-recommended": "1.9.11-beta2",
        "1.21.6-latest": "1.10-beta3",
        "1.21.6-recommended": "1.10-beta3",
        "1.21.7-latest": "1.10-beta1",
        "1.21.7-recommended": "1.10-beta1",

        "1.12.2-latest": "v1.10",
        "1.12.2-recommended": "v1.10",
        "1.16.5-latest": "v1.10.0.1",
        "1.16.5-recommended": "v1.10.0.1",
        "1.18.2-latest": "1.10",
        "1.18.2-recommended": "1.10",
        "1.19.4-latest": "1.10.0.1",
        "1.19.4-recommended": "1.10.0.1",
        "1.20.1-latest": "1.10.0.1",
        "1.20.1-recommended": "1.10.0.1",
        "1.20.4-latest": "1.10",
        "1.20.4-recommended": "1.10",
        "1.20.6-latest": "1.10",
        "1.20.6-recommended": "1.10",
        "1.21.1-latest": "1.10",
        "1.21.1-recommended": "1.10",
        "1.21.3-latest": "1.10",
        "1.21.3-recommended": "1.10",
        "1.21.4-latest": "1.10",
        "1.21.4-recommended": "1.10",
        "1.21.5-latest": "1.10-beta3",
        "1.21.5-recommended": "1.10-beta3",
        "1.21.8-latest": "1.10-beta1",
        "1.21.8-recommended": "1.10-beta1"
    },
    "1.7.10": {
        "v1.8.13": "https://github.com/Geforce132/SecurityCraft/blob/eol/1.7.10/Changelog%20v1.8.x.md"
    },
    "1.8": {
        "v1.8.12": "https://github.com/Geforce132/SecurityCraft/blob/eol/1.8/Changelog%20v1.8.x.md"
    },
    "1.8.8": {
        "v1.8.12.1": "https://github.com/Geforce132/SecurityCraft/blob/eol/1.8.9/Changelog%20v1.8.x.md"
    },
    "1.8.9": {
        "v1.8.12.1": "https://github.com/Geforce132/SecurityCraft/blob/eol/1.8.9/Changelog%20v1.8.x.md"
    },
    "1.9.4": {
        "v1.8.12": "https://github.com/Geforce132/SecurityCraft/blob/eol/1.9.4/Changelog%20v1.8.x.md"
    },
    "1.10.2": {
        "v1.8.12": "https://github.com/Geforce132/SecurityCraft/blob/eol/1.10.2/Changelog%20v1.8.x.md"
    },
    "1.11.2": {
        "v1.8.12.1": "https://github.com/Geforce132/SecurityCraft/blob/eol/1.11.2/Changelog%20v1.8.x.md"
    },
    "1.12": {
        "v1.8.8.1": "https://github.com/Geforce132/SecurityCraft/blob/54061f84f188c33db291770e550c4c84a927194c/Changelog%20v1.8.x.md"
    },
    "1.12.1": {
        "v1.8.8.1": "https://github.com/Geforce132/SecurityCraft/blob/54061f84f188c33db291770e550c4c84a927194c/Changelog%20v1.8.x.md"
    },
    "1.13.2": {
        "v1.8.13": "https://github.com/Geforce132/SecurityCraft/blob/eol/1.13.2/Changelog%20v1.8.x.md"
    },
    "1.14.3": {
        "v1.8.12-beta2": "https://github.com/Geforce132/SecurityCraft/blob/b20ce0945abdccb8f2b6abaea5d26c28d0a3b916/Changelog%20v1.8.x.md"
    },
    "1.14.4": {
        "v1.8.22.2": "https://github.com/Geforce132/SecurityCraft/blob/eol/1.14.4/Changelog%20v1.8.x.md"
    },
    "1.15.1": {
        "v1.8.15-beta2": "https://github.com/Geforce132/SecurityCraft/blob/04f414232af5250193ed610da93696a830584cc9/Changelog%20v1.8.x.md"
    },
    "1.15.2": {
        "v1.9.1": "https://github.com/Geforce132/SecurityCraft/blob/eol/1.15.2/Changelog.md"
    },
    "1.16.1": {
        "v1.8.19.3": "https://github.com/Geforce132/SecurityCraft/blob/eol/1.16.1/Changelog%20v1.8.x.md"
    },
    "1.16.2": {
        "v1.8.19.3": "https://github.com/Geforce132/SecurityCraft/blob/2c1c0868dd26f8870bae1b8c0d57041cab3ba897/Changelog%20v1.8.x.md"
    },
    "1.16.3": {
        "v1.8.21.1": "https://github.com/Geforce132/SecurityCraft/blob/44460188b9bf30b94f122ba362092cba5e76e0d2/Changelog%20v1.8.x.md"
    },
    "1.16.4": {
        "v1.8.21.1": "https://github.com/Geforce132/SecurityCraft/blob/44460188b9bf30b94f122ba362092cba5e76e0d2/Changelog%20v1.8.x.md"
    },
    "1.17.1": {
        "1.9.5": "https://github.com/Geforce132/SecurityCraft/blob/eol/1.17.1/Changelog.md"
    },
    "1.18.1": {
        "1.9.0.2-beta1": "https://github.com/Geforce132/SecurityCraft/blob/eol/1.18.1/Changelog.md"
    },
    "1.19": {
        "1.9.3.1": "https://github.com/Geforce132/SecurityCraft/blob/eol/1.19/Changelog.md"
    },
    "1.19.1": {
        "1.9.3.1": "https://github.com/Geforce132/SecurityCraft/blob/c60edcc5881fc8ca4394bfeae3254ab0d693ab5e/Changelog.md"
    },
    "1.19.2": {
        "1.9.6.1": "https://github.com/Geforce132/SecurityCraft/blob/eol/1.19.2/Changelog.md"
    },
    "1.19.3": {
        "1.9.8": "https://github.com/Geforce132/SecurityCraft/blob/eol/1.19.3/Changelog.md"
    },
    "1.20": {
        "1.9.7-beta2": "https://github.com/Geforce132/SecurityCraft/blob/2e41d10948280cfdfe693e52c3580adf5f0cb18c/Changelog.md"
    },
    "1.20.2": {
        "1.9.9": "https://github.com/Geforce132/SecurityCraft/blob/eol/1.20.2/Changelog.md"
    },
    "1.21": {
        "1.9.10-beta7": "https://github.com/Geforce132/SecurityCraft/blob/a74d63ec9796e54c5bd8d22c18a320146560a753/Changelog.md"
    },
    "1.21.2": {
        "1.9.11-beta2": "https://github.com/Geforce132/SecurityCraft/blob/63c87ccbc661cecac0e75d54b81b571a3d17a29e/Changelog.md"
    },
    "1.21.6": {
        "1.10-beta3": "https://github.com/Geforce132/SecurityCraft/blob/eol/1.21.6/Changelog.md"
    },
    "1.21.7": {
        "1.10-beta1": "https://github.com/Geforce132/SecurityCraft/blob/eol/1.21.7/Changelog.md"
    },

    "1.12.2": {
        "v1.10": "https://github.com/Geforce132/SecurityCraft/blob/1.12.2/Changelog.md"
    },
    "1.16.5": {
        "v1.10.0.1": "https://github.com/Geforce132/SecurityCraft/blob/1.16.5/Changelog.md"
    },
    "1.18.2": {
        "1.10": "https://github.com/Geforce132/SecurityCraft/blob/1.18.2/Changelog.md"
    },
    "1.19.4": {
        "1.10.0.1": "https://github.com/Geforce132/SecurityCraft/blob/1.19.4/Changelog.md"
    },
    "1.20.1": {
        "1.10.0.1": "https://github.com/Geforce132/SecurityCraft/blob/1.20.1/Changelog.md"
    },
    "1.20.4": {
        "1.10": "https://github.com/Geforce132/SecurityCraft/blob/1.20.4/Changelog.md"
    },
    "1.20.6": {
        "1.10": "https://github.com/Geforce132/SecurityCraft/blob/1.20.6/Changelog.md"
    },
    "1.21.1": {
        "1.10": "https://github.com/Geforce132/SecurityCraft/blob/1.21.1/Changelog.md"
    },
    "1.21.3": {
        "1.10": "https://github.com/Geforce132/SecurityCraft/blob/1.21.3/Changelog.md"
    },
    "1.21.4": {
        "1.10": "https://github.com/Geforce132/SecurityCraft/blob/1.21.4/Changelog.md"
    },
    "1.21.5": {
        "1.10-beta3": "https://github.com/Geforce132/SecurityCraft/blob/1.21.5/Changelog.md"
    },
    "1.21.8": {
        "1.10-beta1": "https://github.com/Geforce132/SecurityCraft/blob/1.21.8/Changelog.md"
    }
}
[10Aug2025 21:07:35.447] [Forge Version Check/INFO] [net.minecraftforge.fml.VersionChecker/]: [securitycraft] Found status: UP_TO_DATE Current: 1.10.0.1 Target: null
[10Aug2025 21:07:35.448] [Forge Version Check/INFO] [net.minecraftforge.fml.VersionChecker/]: [mr_dungeons_andtaverns] Starting version check at https://api.modrinth.com/updates/tpehi7ww/forge_updates.json
[10Aug2025 21:07:35.560] [Forge Version Check/DEBUG] [net.minecraftforge.fml.VersionChecker/]: [mr_dungeons_andtaverns] Received version check data:
{"homepage":"https://modrinth.com/mod/tpehi7ww","promos":{"1.20.4-recommended":"3.1.1+mod","1.20.4-latest":"3.1.1+mod","1.20.5-recommended":"3.2+mod","1.20.3-latest":"3.1.1+mod","1.20.3-recommended":"3.1.1+mod","1.19.3-recommended":"2.0.2+mod","1.19.1-latest":"2.0.2+mod","1.19-recommended":"2.0.2+mod","1.20.6-latest":"3.2+mod","1.21.5-latest":"v4.7.3+mod","1.19.4-recommended":"2.0.2+mod","1.21.5-recommended":"v4.7.3+mod","1.19.2-latest":"2.0.2+mod","1.21-latest":"v4.4.4+mod","1.20.2-latest":"3.0.3.f+mod","1.21.7-recommended":"v4.7.3+mod","1.21.1-latest":"v4.4.4+mod","1.19.3-latest":"2.0.2+mod","1.20.6-recommended":"3.2+mod","1.21.3-latest":"v4.5+mod","1.21.8-latest":"v4.7.3+mod","1.20.2-recommended":"3.0.3.f+mod","1.20.1-recommended":"3.0.3.f+mod","1.20.1-latest":"3.0.3.f+mod","1.20-latest":"3.0.3.f+mod","1.21.3-recommended":"v4.5+mod","1.21.4-latest":"v4.6.3+mod","1.21.1-recommended":"v4.4.4+mod","1.21.2-latest":"v4.5+mod","1.19-latest":"2.0.2+mod","1.20.5-latest":"3.2+mod","1.19.1-recommended":"2.0.2+mod","1.21.2-recommended":"v4.5+mod","1.21.7-latest":"v4.7.3+mod","1.21.6-recommended":"v4.7.3+mod","1.21.6-latest":"v4.7.3+mod","1.20-recommended":"3.0.3.f+mod","1.21-recommended":"v4.4.4+mod","1.19.2-recommended":"2.0.2+mod","1.19.4-latest":"2.0.2+mod","1.21.8-recommended":"v4.7.3+mod","1.21.4-recommended":"v4.6.3+mod"}}
[10Aug2025 21:07:35.561] [Forge Version Check/INFO] [net.minecraftforge.fml.VersionChecker/]: [mr_dungeons_andtaverns] Found status: OUTDATED Current: 3.0.3.f Target: 3.0.3.f+mod
[10Aug2025 21:07:35.561] [Forge Version Check/INFO] [net.minecraftforge.fml.VersionChecker/]: [tombstone] Starting version check at https://raw.githubusercontent.com/Corail31/tombstone_lite/master/update.json
[10Aug2025 21:07:35.572] [Forge Version Check/DEBUG] [net.minecraftforge.fml.VersionChecker/]: [tombstone] Received version check data:
{
	"homepage": "https://www.curseforge.com/minecraft/mc-mods/corail-tombstone",
	"promos": {
		"1.21.8-latest": "9.5.8",
		"1.21.8-recommended": "9.5.8",
		"1.21.7-latest": "9.5.8",
		"1.21.7-recommended": "9.5.8",
		"1.21.6-latest": "9.5.1",
		"1.21.6-recommended": "9.5.1",
		"1.21.5-latest": "9.4.3",
		"1.21.5-recommended": "9.4.3",
		"1.21.4-latest": "9.3.9",
		"1.21.4-recommended": "9.3.9",
		"1.21.3-latest": "9.2.4",
		"1.21.3-recommended": "9.2.4",
		"1.21.1-latest": "9.1.10",
		"1.21.1-recommended": "9.1.10",
		"1.20.4-latest": "8.6.4",
		"1.20.4-recommended": "8.6.4",
		"1.20.2-latest": "8.6.3",
		"1.20.2-recommended": "8.6.3",
		"1.20.1-latest": "9.0.7",
		"1.20.1-recommended": "9.0.6",
		"1.19.4-latest": "8.4.2",
		"1.19.4-recommended": "8.4.2",
		"1.19.3-latest": "8.3.2",
		"1.19.3-recommended": "8.3.2",
		"1.19.2-latest": "8.3.9",
		"1.19.2-recommended": "8.3.9",
		"1.19.1-latest": "8.1.0",
		"1.19.1-recommended": "8.1.0",
		"1.18.2-latest": "7.7.7",
		"1.18.2-recommended": "7.7.7",
		"1.18.1-latest": "7.4.1",
		"1.18.1-recommended": "7.4.1",
		"1.17.1-latest": "7.3.0",
		"1.17.1-recommended": "7.3.0",
		"1.16.5-latest": "6.9.7",
		"1.16.5-recommended": "6.9.7",
		"1.15.2-latest": "4.6.0",
		"1.15.2-recommended": "4.6.0",
		"1.14.4-latest": "4.3.6",
		"1.14.4-recommended": "4.3.6",
		"1.13.2-latest": "3.5.2",
		"1.13.2-recommended": "3.5.2",
		"1.12.2-latest": "4.7.5",
		"1.12.2-recommended": "4.7.5",
		"1.11.2-latest": "2.9.0.1",
		"1.11.2-recommended": "2.9.0.1",
		"1.10.2-latest": "2.9.4",
		"1.10.2-recommended": "2.9.4",
		"1.9.4-latest": "1.4.1",
		"1.9.4-recommended": "1.4.1",
		"1.8.9-latest": "1.4.1",
		"1.8.9-recommended": "1.4.1"
	},
	"1.21.8": {
		"9.5.8": "reworks the perk system & improves all guiscreens",
		"9.5.7": "fourth forgotten knowledge",
		"9.5.6": "third forgotten knowledge & ritual flute"
	},
	"1.21.7": {
		"9.5.8": "final version"
	},
	"1.21.6": {
		"9.5.1": "final version"
	},
	"1.21.5": {
		"9.4.3": "final version"
	},
	"1.21.4": {
		"9.3.9": "final version"
	},
	"1.21.3": {
		"9.2.4": "final version"
	},
	"1.21.1": {
		"9.1.10": "final version"
	},
	"1.20.4": {
		"8.6.4": "final version"
	},
	"1.20.2": {
		"8.6.3": "final version"
	},
	"1.20.1": {
		"9.0.7": "reworks the perk system",
		"9.0.6": "improves all guiscreens",
		"9.0.5": "fourth forgotten knowledge",
		"9.0.4": "third forgotten knowledge & ritual flute",
		"9.0.3": "screaming graves",
		"9.0.2": "second forgotten knowledge & readable scrolls",
		"9.0.1": "new event Spring Bloom",
		"9.0.0": "first forgotten knowledge"
	},
	"1.19.4": {
		"8.4.2": "final version"
	},
	"1.19.2": {
		"8.3.9": "final version"
	},
	"1.18.2": {
		"7.7.7": "final version"
	},
	"1.16.5": {
		"6.9.7": "final version"
	},
	"1.12.2": {
		"4.7.5": "final version"
	}
}
[10Aug2025 21:07:35.572] [Forge Version Check/INFO] [net.minecraftforge.fml.VersionChecker/]: [tombstone] Found status: OUTDATED Current: 8.9.8 Target: 9.0.6
[10Aug2025 21:07:35.573] [Forge Version Check/INFO] [net.minecraftforge.fml.VersionChecker/]: [mcwroofs] Starting version check at https://raw.githubusercontent.com/sketchmacaw/macawsmods/master/roofs.json
[10Aug2025 21:07:35.582] [Forge Version Check/DEBUG] [net.minecraftforge.fml.VersionChecker/]: [mcwroofs] Received version check data:
{
  "homepage": "https://www.curseforge.com/minecraft/mc-mods/macaws-roofs",
  "promos": {
    "1.21.5-recommended": "2.3.2",
    "1.21.5-latest": "2.3.2",
    "1.21.4-recommended": "2.3.2",
    "1.21.4-latest": "2.3.2",
    "1.21.3-recommended": "2.3.2",
    "1.21.3-latest": "2.3.2",
    "1.21.1-recommended": "2.3.2",
    "1.21.1-latest": "2.3.2",
    "1.21-recommended": "2.3.2",
    "1.21-latest": "2.3.2",
    "1.21.1-recommended": "2.3.2",
    "1.21.1-latest": "2.3.2",
    "1.21.3-recommended": "2.3.2",
    "1.21.3-latest": "2.3.2",
    "1.21.4-recommended": "2.3.2",
    "1.21.4-latest": "2.3.2",
    "1.20.6-recommended": "2.3.2",
    "1.20.6-latest": "2.3.2",
    "1.20.4-recommended": "2.3.2",
    "1.20.4-latest": "2.3.2",
    "1.20.3-recommended": "2.3.2",
    "1.20.3-latest": "2.3.2",
    "1.20.2-recommended": "2.3.2",
    "1.20.2-latest": "2.3.2",
    "1.20.1-recommended": "2.3.2",
    "1.20.1-latest": "2.3.2",
    "1.20-recommended": "2.3.2",
    "1.20-latest": "2.3.2",
    "1.19.4-recommended": "2.3.2",
    "1.19.4-latest": "2.3.2",
    "1.19.3-recommended": "2.3.2",
    "1.19.3-latest": "2.3.2",
    "1.19.2-recommended": "2.3.2",
    "1.19.2-latest": "2.3.2",
    "1.19.1-recommended": "2.3.2",
    "1.19.1-latest": "2.3.2",
    "1.19-recommended": "2.3.2",
    "1.19-latest": "2.3.2",
    "1.18.2-recommended": "2.3.2",
    "1.18.2-latest": "2.3.2",
    "1.18.1-recommended": "2.3.2",
    "1.18.1-latest": "2.3.2",
    "1.17.1-recommended": "2.3.2",
    "1.17.1-latest": "2.3.2",
    "1.16.5-recommended": "2.3.2",
    "1.16.5-latest": "2.3.2"
  }
}
[10Aug2025 21:07:35.583] [Forge Version Check/INFO] [net.minecraftforge.fml.VersionChecker/]: [mcwroofs] Found status: UP_TO_DATE Current: 2.3.2 Target: null
[10Aug2025 21:07:35.583] [Forge Version Check/INFO] [net.minecraftforge.fml.VersionChecker/]: [mcwfurnitures] Starting version check at https://raw.githubusercontent.com/sketchmacaw/macawsmods/master/furniture.json
[10Aug2025 21:07:35.594] [Forge Version Check/DEBUG] [net.minecraftforge.fml.VersionChecker/]: [mcwfurnitures] Received version check data:
{
  "homepage": "https://www.curseforge.com/minecraft/mc-mods/macaws-furniture",
  "promos": {
    "1.21-recommended": "3.3.0",
    "1.21-latest": "3.3.0",
    "1.20.6-recommended": "3.3.0",
    "1.20.6-latest": "3.3.0",
    "1.20.4-recommended": "3.3.0",
    "1.20.3-recommended": "3.3.0",
    "1.20.4-latest": "3.3.0",
    "1.20.3-latest": "3.3.0",
    "1.20-latest": "3.3.0",
    "1.20.2-latest": "3.3.0",
    "1.20.1-latest": "3.3.0",
    "1.16.4-latest": "2.0.1",
    "1.16.5-latest": "3.3.0",
    "1.15.2-latest": "2.0.1",
    "1.15.1-latest": "1.0.1",
    "1.14.4-latest": "1.0.1",
    "1.12.2-latest": "1.0.1",
    "1.17.1-recommended": "3.3.0",
    "1.18.1-recommended": "3.3.0",
    "1.18.2-recommended": "3.3.0",
    "1.17.1-latest": "3.3.0",
    "1.18.1-latest": "3.3.0",
    "1.18.2-latest": "3.3.0",
    "1.19-recommended": "3.3.0",
    "1.19-latest": "3.3.0",
    "1.19.1-recommended": "3.3.0",
    "1.19.1-latest": "3.3.0",
    "1.19.2-recommended": "3.3.0",
    "1.19.2-latest": "3.3.0",
    "1.19.3-recommended": "3.3.0",
    "1.19.3-latest": "3.3.0",
    "1.16.4-recommended": "2.0.1",
    "1.16.5-recommended": "3.3.0",
    "1.20-recommended": "3.3.0",
    "1.20.1-recommended": "3.3.0",
    "1.20.2-recommended": "3.3.0",
    "1.15.2-recommended": "2.0.1",
    "1.15.1-recommended": "1.0.1",
    "1.14.4-recommended": "1.0.1",
    "1.12.2-recommended": "1.0.1"
  }
}
[10Aug2025 21:07:35.594] [Forge Version Check/INFO] [net.minecraftforge.fml.VersionChecker/]: [mcwfurnitures] Found status: UP_TO_DATE Current: 3.3.0 Target: null
[10Aug2025 21:07:35.594] [Forge Version Check/INFO] [net.minecraftforge.fml.VersionChecker/]: [puzzleslib] Starting version check at https://raw.githubusercontent.com/Fuzss/modresources/main/update/puzzleslib.json
[10Aug2025 21:07:35.604] [Forge Version Check/DEBUG] [net.minecraftforge.fml.VersionChecker/]: [puzzleslib] Received version check data:
{
    "homepage": "https://www.curseforge.com/minecraft/mc-mods/puzzles-lib",
    "promos": {
        "1.16.2-latest": "1.0.15",
        "1.16.2-recommended": "1.0.15",
        "1.16.3-latest": "1.0.15",
        "1.16.3-recommended": "1.0.15",
        "1.16.4-latest": "1.0.15",
        "1.16.4-recommended": "1.0.15",
        "1.16.5-latest": "1.0.15",
        "1.16.5-recommended": "1.0.15",
        "1.17.1-latest": "2.0.2",
        "1.17.1-recommended": "2.0.2",
        "1.18-latest": "3.2.1",
        "1.18-recommended": "3.2.1",
        "1.18.1-latest": "3.2.1",
        "1.18.1-recommended": "3.2.1",
        "1.18.2-latest": "3.5.10",
        "1.18.2-recommended": "3.5.10",
        "1.19-latest": "4.0.18",
        "1.19-recommended": "4.0.18",
        "1.19.1-latest": "4.2.4",
        "1.19.1-recommended": "4.2.4",
        "1.19.2-latest": "4.4.3",
        "1.19.2-recommended": "4.4.3",
        "1.19.3-latest": "5.0.33",
        "1.19.3-recommended": "5.0.33",
        "1.19.4-latest": "6.0.11",
        "1.19.4-recommended": "6.0.11",
        "1.20-latest": "7.0.9",
        "1.20-recommended": "7.0.9",
        "1.20.1-latest": "8.1.32",
        "1.20.1-recommended": "8.1.32",
        "1.20.4-latest": "20.4.52",
        "1.20.4-recommended": "20.4.52",
        "1.21-latest": "21.0.28",
        "1.21-recommended": "21.0.28",
        "1.21.1-latest": "21.1.37",
        "1.21.1-recommended": "21.1.37",
        "1.21.3-latest": "21.3.21",
        "1.21.3-recommended": "21.3.21",
        "1.21.4-latest": "21.4.13",
        "1.21.4-recommended": "21.4.13",
        "1.21.5-latest": "21.5.12",
        "1.21.5-recommended": "21.5.12",
        "1.21.6-latest": "21.6.6",
        "1.21.6-recommended": "21.6.6",
        "1.21.7-latest": "21.7.1",
        "1.21.7-recommended": "21.7.1",
        "1.21.8-latest": "21.8.3",
        "1.21.8-recommended": "21.8.3"
    }
}
[10Aug2025 21:07:35.605] [Forge Version Check/INFO] [net.minecraftforge.fml.VersionChecker/]: [puzzleslib] Found status: UP_TO_DATE Current: 8.1.32 Target: null
[10Aug2025 21:07:35.605] [Forge Version Check/INFO] [net.minecraftforge.fml.VersionChecker/]: [mcwlights] Starting version check at https://raw.githubusercontent.com/sketchmacaw/macawsmods/master/lights.json
[10Aug2025 21:07:35.614] [Forge Version Check/DEBUG] [net.minecraftforge.fml.VersionChecker/]: [mcwlights] Received version check data:
{
  "homepage": "https://www.curseforge.com/minecraft/mc-mods/macaws-lights-and-lamps",
  "promos": {
    "1.21.5-recommended": "1.1.2",
    "1.21.5-latest": "1.1.2",
    "1.21.4-recommended": "1.1.2",
    "1.21.4-latest": "1.1.2",
    "1.21.3-recommended": "1.1.2",
    "1.21.3-latest": "1.1.2",
    "1.21.1-recommended": "1.1.2",
    "1.21.1-latest": "1.1.2",
    "1.21-recommended": "1.1.2",
    "1.21-latest": "1.1.2",
    "1.20.6-recommended": "1.1.2",
    "1.20.6-latest": "1.1.2",
    "1.20.4-recommended": "1.1.2",
    "1.20.4-latest": "1.1.2",
    "1.20.3-recommended": "1.1.2",
    "1.20.3-latest": "1.1.2",
    "1.20.2-recommended": "1.1.2",
    "1.20.2-latest": "1.1.2",
    "1.20.1-recommended": "1.1.2",
    "1.20.1-latest": "1.1.2",
    "1.20-recommended": "1.1.2",
    "1.20-latest": "1.1.2",
    "1.19.4-recommended": "1.1.2",
    "1.19.4-latest": "1.1.2",
    "1.19.3-recommended": "1.1.2",
    "1.19.3-latest": "1.1.2",
    "1.19.2-recommended": "1.1.2",
    "1.19.2-latest": "1.1.2",
    "1.19.1-recommended": "1.1.2",
    "1.19.1-latest": "1.1.2",
    "1.19-recommended": "1.1.2",
    "1.19-latest": "1.1.2",
    "1.18.2-recommended": "1.1.2",
    "1.18.2-latest": "1.1.2",
    "1.18.1-recommended": "1.1.2",
    "1.18.1-latest": "1.1.2",
    "1.17.1-recommended": "1.1.2",
    "1.17.1-latest": "1.1.2",
    "1.16.5-recommended": "1.1.2",
    "1.16.5-latest": "1.1.2"
  }
}
[10Aug2025 21:07:35.614] [Forge Version Check/INFO] [net.minecraftforge.fml.VersionChecker/]: [mcwlights] Found status: UP_TO_DATE Current: 1.1.2 Target: null
[10Aug2025 21:07:41.524] [main/INFO] [com.mojang.authlib.yggdrasil.YggdrasilAuthenticationService/]: Environment: authHost='https://authserver.mojang.com', accountsHost='https://api.mojang.com', sessionHost='https://sessionserver.mojang.com', servicesHost='https://api.minecraftservices.com', name='PROD'
[10Aug2025 21:07:47.952] [main/WARN] [net.minecraft.server.packs.VanillaPackResourcesBuilder/]: Assets URL 'union:/workspaces/Server/servidor_minecraft/libraries/net/minecraft/server/1.20.1-20230612.114412/server-1.20.1-20230612.114412-srg.jar%23227!/assets/.mcassetsroot' uses unexpected schema
[10Aug2025 21:07:47.953] [main/WARN] [net.minecraft.server.packs.VanillaPackResourcesBuilder/]: Assets URL 'union:/workspaces/Server/servidor_minecraft/libraries/net/minecraft/server/1.20.1-20230612.114412/server-1.20.1-20230612.114412-srg.jar%23227!/data/.mcassetsroot' uses unexpected schema
[10Aug2025 21:07:48.061] [main/DEBUG] [net.minecraftforge.server.ServerLifecycleHooks/CORE]: Generating PackInfo named mod:betterdungeons for mod file /workspaces/Server/servidor_minecraft/mods/YungsBetterDungeons-1.20-Forge-4.0.4.jar
[10Aug2025 21:07:48.061] [main/DEBUG] [net.minecraftforge.server.ServerLifecycleHooks/CORE]: Generating PackInfo named mod:mowziesmobs for mod file /workspaces/Server/servidor_minecraft/mods/mowziesmobs-1.7.3.jar
[10Aug2025 21:07:48.061] [main/DEBUG] [net.minecraftforge.server.ServerLifecycleHooks/CORE]: Generating PackInfo named mod:kuma_api for mod file 
[10Aug2025 21:07:48.061] [main/DEBUG] [net.minecraftforge.server.ServerLifecycleHooks/CORE]: Generating PackInfo named mod:easyanvils for mod file /workspaces/Server/servidor_minecraft/mods/EasyAnvils-v8.0.2-1.20.1-Forge.jar
[10Aug2025 21:07:48.061] [main/DEBUG] [net.minecraftforge.server.ServerLifecycleHooks/CORE]: Generating PackInfo named mod:amendments for mod file /workspaces/Server/servidor_minecraft/mods/amendments-1.20-1.2.19.jar
[10Aug2025 21:07:48.062] [main/DEBUG] [net.minecraftforge.server.ServerLifecycleHooks/CORE]: Generating PackInfo named mod:geckolib for mod file /workspaces/Server/servidor_minecraft/mods/geckolib-forge-1.20.1-4.7.2.jar
[10Aug2025 21:07:48.062] [main/DEBUG] [net.minecraftforge.server.ServerLifecycleHooks/CORE]: Generating PackInfo named mod:easymagic for mod file /workspaces/Server/servidor_minecraft/mods/EasyMagic-v8.0.1-1.20.1-Forge.jar
[10Aug2025 21:07:48.062] [main/DEBUG] [net.minecraftforge.server.ServerLifecycleHooks/CORE]: Generating PackInfo named mod:jei for mod file /workspaces/Server/servidor_minecraft/mods/jei-1.20.1-forge-15.20.0.112.jar
[10Aug2025 21:07:48.062] [main/DEBUG] [net.minecraftforge.server.ServerLifecycleHooks/CORE]: Generating PackInfo named mod:mcwwindows for mod file /workspaces/Server/servidor_minecraft/mods/mcw-windows-2.3.0-mc1.20.1forge.jar
[10Aug2025 21:07:48.063] [main/DEBUG] [net.minecraftforge.server.ServerLifecycleHooks/CORE]: Generating PackInfo named mod:dynamiclights for mod file /workspaces/Server/servidor_minecraft/mods/dynamiclights-v1.8.7-mc1.17-1.21.6-mod.jar
[10Aug2025 21:07:48.063] [main/DEBUG] [net.minecraftforge.server.ServerLifecycleHooks/CORE]: Generating PackInfo named mod:incendium for mod file /workspaces/Server/servidor_minecraft/mods/Incendium_1.20.x_v5.3.5.jar
[10Aug2025 21:07:48.063] [main/DEBUG] [net.minecraftforge.server.ServerLifecycleHooks/CORE]: Generating PackInfo named mod:sophisticatedcore for mod file /workspaces/Server/servidor_minecraft/mods/sophisticatedcore-1.20.1-1.2.71.1022.jar
[10Aug2025 21:07:48.063] [main/DEBUG] [net.minecraftforge.server.ServerLifecycleHooks/CORE]: Generating PackInfo named mod:waystones for mod file /workspaces/Server/servidor_minecraft/mods/waystones-forge-1.20.1-14.1.13.jar
[10Aug2025 21:07:48.064] [main/DEBUG] [net.minecraftforge.server.ServerLifecycleHooks/CORE]: Generating PackInfo named mod:mcwpaintings for mod file /workspaces/Server/servidor_minecraft/mods/mcw-paintings-1.0.5-1.20.1forge.jar
[10Aug2025 21:07:48.064] [main/DEBUG] [net.minecraftforge.server.ServerLifecycleHooks/CORE]: Generating PackInfo named mod:journeymap for mod file /workspaces/Server/servidor_minecraft/mods/journeymap-1.20.1-5.10.3-forge.jar
[10Aug2025 21:07:48.064] [main/DEBUG] [net.minecraftforge.server.ServerLifecycleHooks/CORE]: Generating PackInfo named mod:travelersbackpack for mod file /workspaces/Server/servidor_minecraft/mods/travelersbackpack-forge-1.20.1-9.1.39.jar
[10Aug2025 21:07:48.064] [main/DEBUG] [net.minecraftforge.server.ServerLifecycleHooks/CORE]: Generating PackInfo named mod:artifacts for mod file /workspaces/Server/servidor_minecraft/mods/artifacts-forge-9.5.16.jar
[10Aug2025 21:07:48.064] [main/DEBUG] [net.minecraftforge.server.ServerLifecycleHooks/CORE]: Generating PackInfo named mod:yungsapi for mod file /workspaces/Server/servidor_minecraft/mods/YungsApi-1.20-Forge-4.0.6.jar
[10Aug2025 21:07:48.064] [main/DEBUG] [net.minecraftforge.server.ServerLifecycleHooks/CORE]: Generating PackInfo named mod:mcwstairs for mod file /workspaces/Server/servidor_minecraft/mods/mcw-stairs-1.0.1-1.20.1forge.jar
[10Aug2025 21:07:48.065] [main/DEBUG] [net.minecraftforge.server.ServerLifecycleHooks/CORE]: Generating PackInfo named mod:mixinextras for mod file 
[10Aug2025 21:07:48.065] [main/DEBUG] [net.minecraftforge.server.ServerLifecycleHooks/CORE]: Generating PackInfo named mod:glitchcore for mod file /workspaces/Server/servidor_minecraft/mods/GlitchCore-forge-1.20.1-0.0.1.1.jar
[10Aug2025 21:07:48.065] [main/DEBUG] [net.minecraftforge.server.ServerLifecycleHooks/CORE]: Generating PackInfo named mod:sophisticatedbackpacks for mod file /workspaces/Server/servidor_minecraft/mods/sophisticatedbackpacks-1.20.1-3.23.19.1263.jar
[10Aug2025 21:07:48.065] [main/DEBUG] [net.minecraftforge.server.ServerLifecycleHooks/CORE]: Generating PackInfo named mod:mcwdoors for mod file /workspaces/Server/servidor_minecraft/mods/mcw-doors-1.1.2-mc1.20.1forge.jar
[10Aug2025 21:07:48.065] [main/DEBUG] [net.minecraftforge.server.ServerLifecycleHooks/CORE]: Generating PackInfo named mod:balm for mod file /workspaces/Server/servidor_minecraft/mods/balm-forge-1.20.1-7.3.31-all.jar
[10Aug2025 21:07:48.066] [main/DEBUG] [net.minecraftforge.server.ServerLifecycleHooks/CORE]: Generating PackInfo named mod:terralith for mod file /workspaces/Server/servidor_minecraft/mods/Terralith_1.20.x_v2.5.4.jar
[10Aug2025 21:07:48.066] [main/DEBUG] [net.minecraftforge.server.ServerLifecycleHooks/CORE]: Generating PackInfo named mod:carryon for mod file /workspaces/Server/servidor_minecraft/mods/carryon-forge-1.20.1-2.1.2.7.jar
[10Aug2025 21:07:48.066] [main/DEBUG] [net.minecraftforge.server.ServerLifecycleHooks/CORE]: Generating PackInfo named mod:jeresources for mod file /workspaces/Server/servidor_minecraft/mods/JustEnoughResources-1.20.1-1.4.0.247.jar
[10Aug2025 21:07:48.066] [main/DEBUG] [net.minecraftforge.server.ServerLifecycleHooks/CORE]: Generating PackInfo named mod:puzzlesaccessapi for mod file 
[10Aug2025 21:07:48.066] [main/DEBUG] [net.minecraftforge.server.ServerLifecycleHooks/CORE]: Generating PackInfo named mod:dungeons_arise_seven_seas for mod file /workspaces/Server/servidor_minecraft/mods/DungeonsAriseSevenSeas-1.19.2-1.0.2-forge.jar
[10Aug2025 21:07:48.067] [main/DEBUG] [net.minecraftforge.server.ServerLifecycleHooks/CORE]: Generating PackInfo named mod:cloth_config for mod file /workspaces/Server/servidor_minecraft/mods/cloth-config-11.1.136-forge.jar
[10Aug2025 21:07:48.067] [main/DEBUG] [net.minecraftforge.server.ServerLifecycleHooks/CORE]: Generating PackInfo named mod:forge for mod file /workspaces/Server/servidor_minecraft/libraries/net/minecraftforge/forge/1.20.1-47.4.0/forge-1.20.1-47.4.0-universal.jar
[10Aug2025 21:07:48.067] [main/DEBUG] [net.minecraftforge.server.ServerLifecycleHooks/CORE]: Generating PackInfo named mod:stackrefill for mod file /workspaces/Server/servidor_minecraft/mods/stackrefill-1.20.1-4.7.jar
[10Aug2025 21:07:48.067] [main/DEBUG] [net.minecraftforge.server.ServerLifecycleHooks/CORE]: Generating PackInfo named mod:supplementaries for mod file /workspaces/Server/servidor_minecraft/mods/supplementaries-1.20-3.1.31.jar
[10Aug2025 21:07:48.067] [main/DEBUG] [net.minecraftforge.server.ServerLifecycleHooks/CORE]: Generating PackInfo named mod:mcwpaths for mod file /workspaces/Server/servidor_minecraft/mods/mcw-paths-1.1.0forge-mc1.20.1.jar
[10Aug2025 21:07:48.067] [main/DEBUG] [net.minecraftforge.server.ServerLifecycleHooks/CORE]: Generating PackInfo named mod:dungeons_arise for mod file /workspaces/Server/servidor_minecraft/mods/DungeonsArise-1.20.x-2.1.58-release.jar
[10Aug2025 21:07:48.068] [main/DEBUG] [net.minecraftforge.server.ServerLifecycleHooks/CORE]: Generating PackInfo named mod:ati_structuresv for mod file /workspaces/Server/servidor_minecraft/mods/ATi_structures_1.3.0_forge_1.20.jar
[10Aug2025 21:07:48.068] [main/DEBUG] [net.minecraftforge.server.ServerLifecycleHooks/CORE]: Generating PackInfo named mod:mcwbridges for mod file /workspaces/Server/servidor_minecraft/mods/mcw-bridges-3.1.0-mc1.20.1forge.jar
[10Aug2025 21:07:48.068] [main/DEBUG] [net.minecraftforge.server.ServerLifecycleHooks/CORE]: Generating PackInfo named mod:farmersdelight for mod file /workspaces/Server/servidor_minecraft/mods/FarmersDelight-1.20.1-1.2.8.jar
[10Aug2025 21:07:48.069] [main/DEBUG] [net.minecraftforge.server.ServerLifecycleHooks/CORE]: Generating PackInfo named mod:trade_cycling for mod file /workspaces/Server/servidor_minecraft/mods/trade-cycling-forge-1.20.1-1.0.18.jar
[10Aug2025 21:07:48.069] [main/DEBUG] [net.minecraftforge.server.ServerLifecycleHooks/CORE]: Generating PackInfo named mod:libipn for mod file /workspaces/Server/servidor_minecraft/mods/libIPN-forge-1.20-4.0.2.jar
[10Aug2025 21:07:48.069] [main/DEBUG] [net.minecraftforge.server.ServerLifecycleHooks/CORE]: Generating PackInfo named mod:terrablender for mod file /workspaces/Server/servidor_minecraft/mods/TerraBlender-forge-1.20.1-3.0.1.10.jar
[10Aug2025 21:07:48.069] [main/DEBUG] [net.minecraftforge.server.ServerLifecycleHooks/CORE]: Generating PackInfo named mod:moonlight for mod file /workspaces/Server/servidor_minecraft/mods/moonlight-1.20-2.14.11-forge.jar
[10Aug2025 21:07:48.069] [main/DEBUG] [net.minecraftforge.server.ServerLifecycleHooks/CORE]: Generating PackInfo named mod:regions_unexplored for mod file /workspaces/Server/servidor_minecraft/mods/RegionsUnexploredForge-0.5.6+1.20.1.jar
[10Aug2025 21:07:48.069] [main/DEBUG] [net.minecraftforge.server.ServerLifecycleHooks/CORE]: Generating PackInfo named mod:mixinsquared for mod file 
[10Aug2025 21:07:48.070] [main/DEBUG] [net.minecraftforge.server.ServerLifecycleHooks/CORE]: Generating PackInfo named mod:jade for mod file /workspaces/Server/servidor_minecraft/mods/Jade-1.20.1-Forge-11.13.1.jar
[10Aug2025 21:07:48.070] [main/DEBUG] [net.minecraftforge.server.ServerLifecycleHooks/CORE]: Generating PackInfo named mod:mcwtrpdoors for mod file /workspaces/Server/servidor_minecraft/mods/mcw-trapdoors-1.1.4-mc1.20.1forge.jar
[10Aug2025 21:07:48.070] [main/DEBUG] [net.minecraftforge.server.ServerLifecycleHooks/CORE]: Generating PackInfo named mod:mcwfences for mod file /workspaces/Server/servidor_minecraft/mods/mcw-fences-1.2.0-1.20.1forge.jar
[10Aug2025 21:07:48.070] [main/DEBUG] [net.minecraftforge.server.ServerLifecycleHooks/CORE]: Generating PackInfo named mod:lionfishapi for mod file /workspaces/Server/servidor_minecraft/mods/lionfishapi-2.4.jar
[10Aug2025 21:07:48.070] [main/DEBUG] [net.minecraftforge.server.ServerLifecycleHooks/CORE]: Generating PackInfo named mod:kotlinforforge for mod file 
[10Aug2025 21:07:48.070] [main/DEBUG] [net.minecraftforge.server.ServerLifecycleHooks/CORE]: Generating PackInfo named mod:mcwbiomesoplenty for mod file /workspaces/Server/servidor_minecraft/mods/mcwbiomesoplenty-1.20.1-1.2.1.jar
[10Aug2025 21:07:48.070] [main/DEBUG] [net.minecraftforge.server.ServerLifecycleHooks/CORE]: Generating PackInfo named mod:biomesoplenty for mod file /workspaces/Server/servidor_minecraft/mods/BiomesOPlenty-forge-1.20.1-19.0.0.96.jar
[10Aug2025 21:07:48.071] [main/DEBUG] [net.minecraftforge.server.ServerLifecycleHooks/CORE]: Generating PackInfo named mod:cataclysm for mod file /workspaces/Server/servidor_minecraft/mods/L_Enders_Cataclysm-3.04.jar
[10Aug2025 21:07:48.071] [main/DEBUG] [net.minecraftforge.server.ServerLifecycleHooks/CORE]: Generating PackInfo named mod:curios for mod file /workspaces/Server/servidor_minecraft/mods/curios-forge-5.14.1+1.20.1.jar
[10Aug2025 21:07:48.071] [main/DEBUG] [net.minecraftforge.server.ServerLifecycleHooks/CORE]: Generating PackInfo named mod:suppsquared for mod file /workspaces/Server/servidor_minecraft/mods/suppsquared-1.20-1.1.21.jar
[10Aug2025 21:07:48.071] [main/DEBUG] [net.minecraftforge.server.ServerLifecycleHooks/CORE]: Generating PackInfo named mod:collective for mod file /workspaces/Server/servidor_minecraft/mods/collective-1.20.1-8.3.jar
[10Aug2025 21:07:48.071] [main/DEBUG] [net.minecraftforge.server.ServerLifecycleHooks/CORE]: Generating PackInfo named mod:securitycraft for mod file /workspaces/Server/servidor_minecraft/mods/[1.20.1] SecurityCraft v1.10.0.1.jar
[10Aug2025 21:07:48.072] [main/DEBUG] [net.minecraftforge.server.ServerLifecycleHooks/CORE]: Generating PackInfo named mod:mr_dungeons_andtaverns for mod file /workspaces/Server/servidor_minecraft/mods/dungeons-and-taverns-3.0.3.f.jar
[10Aug2025 21:07:48.072] [main/DEBUG] [net.minecraftforge.server.ServerLifecycleHooks/CORE]: Generating PackInfo named mod:tombstone for mod file /workspaces/Server/servidor_minecraft/mods/tombstone-1.20.1-8.9.8.jar
[10Aug2025 21:07:48.072] [main/DEBUG] [net.minecraftforge.server.ServerLifecycleHooks/CORE]: Generating PackInfo named mod:mcwroofs for mod file /workspaces/Server/servidor_minecraft/mods/mcw-roofs-2.3.2-mc1.20.1forge.jar
[10Aug2025 21:07:48.073] [main/DEBUG] [net.minecraftforge.server.ServerLifecycleHooks/CORE]: Generating PackInfo named mod:inventoryprofilesnext for mod file /workspaces/Server/servidor_minecraft/mods/InventoryProfilesNext-forge-1.20-1.10.14.jar
[10Aug2025 21:07:48.073] [main/DEBUG] [net.minecraftforge.server.ServerLifecycleHooks/CORE]: Generating PackInfo named mod:architectury for mod file /workspaces/Server/servidor_minecraft/mods/architectury-9.2.14-forge.jar
[10Aug2025 21:07:48.073] [main/DEBUG] [net.minecraftforge.server.ServerLifecycleHooks/CORE]: Generating PackInfo named mod:animal_feeding_trough for mod file /workspaces/Server/servidor_minecraft/mods/animal_feeding_trough-1.1.0+1.20.1-forge.jar
[10Aug2025 21:07:48.073] [main/DEBUG] [net.minecraftforge.server.ServerLifecycleHooks/CORE]: Generating PackInfo named mod:mcwfurnitures for mod file /workspaces/Server/servidor_minecraft/mods/mcw-furniture-3.3.0-mc1.20.1forge.jar
[10Aug2025 21:07:48.073] [main/DEBUG] [net.minecraftforge.server.ServerLifecycleHooks/CORE]: Generating PackInfo named mod:puzzleslib for mod file /workspaces/Server/servidor_minecraft/mods/PuzzlesLib-v8.1.32-1.20.1-Forge.jar
[10Aug2025 21:07:48.073] [main/DEBUG] [net.minecraftforge.server.ServerLifecycleHooks/CORE]: Generating PackInfo named mod:addonslib for mod file /workspaces/Server/servidor_minecraft/mods/addonslib-1.20.1-1.4.jar
[10Aug2025 21:07:48.074] [main/DEBUG] [net.minecraftforge.server.ServerLifecycleHooks/CORE]: Generating PackInfo named mod:jadeaddons for mod file /workspaces/Server/servidor_minecraft/mods/JadeAddons-1.20.1-Forge-5.5.0.jar
[10Aug2025 21:07:48.074] [main/DEBUG] [net.minecraftforge.server.ServerLifecycleHooks/CORE]: Generating PackInfo named mod:expandability for mod file 
[10Aug2025 21:07:48.074] [main/DEBUG] [net.minecraftforge.server.ServerLifecycleHooks/CORE]: Generating PackInfo named mod:mcwlights for mod file /workspaces/Server/servidor_minecraft/mods/mcw-lights-1.1.2-mc1.20.1forge.jar
[10Aug2025 21:07:48.074] [main/DEBUG] [net.minecraftforge.server.ServerLifecycleHooks/CORE]: Generating PackInfo named mod:everycomp for mod file /workspaces/Server/servidor_minecraft/mods/everycomp-1.20-2.8.8-forge.jar
[10Aug2025 21:07:48.078] [main/DEBUG] [mixin/]: Mixing MultiPackResourceManagerMixin from moonlight-common.mixins.json into net.minecraft.server.packs.resources.MultiPackResourceManager
[10Aug2025 21:07:48.111] [pool-3-thread-1/INFO] [Every Compat/]: Dynamic server resources generation tasks: 152 in batches of: 38
[10Aug2025 21:07:48.140] [pool-3-thread-3/DEBUG] [mixin/]: Mixing MixinLootDataManager from architectury.mixins.json into net.minecraft.world.level.storage.loot.LootDataManager
[10Aug2025 21:07:48.141] [pool-3-thread-3/DEBUG] [mixin/]: Mixing LootDataManagerForgeMixin from puzzleslib.forge.mixins.json into net.minecraft.world.level.storage.loot.LootDataManager
[10Aug2025 21:07:48.402] [pool-3-thread-7/ERROR] [Moonlight/]: Could not find resource mcwstairs:loot_tables/blocks/oak_balcony.json
[10Aug2025 21:07:48.485] [pool-3-thread-1/INFO] [Every Compat/]: Tasks finished in: 373 ms
[10Aug2025 21:07:48.535] [pool-3-thread-1/INFO] [Every Compat/]: Generated runtime SERVER_DATA for pack Everycomp Generated Pack (everycomp) in: 423 ms (multithreaded)
[10Aug2025 21:07:48.535] [pool-3-thread-1/INFO] [Every Compat/]: Dynamic server assets generation took: 426.6 ms
[10Aug2025 21:07:48.535] [main/INFO] [Moonlight/]: Generated runtime resources for 3 packs in a total of: 428 ms
[10Aug2025 21:07:50.218] [main/DEBUG] [mixin/]: Mixing MixinPrimaryLevelData from terrablender.mixins.json into net.minecraft.world.level.storage.PrimaryLevelData
[10Aug2025 21:07:50.218] [main/DEBUG] [mixin/]: Mixing PrimaryLevelDataMixin from collective_forge.mixins.json into net.minecraft.world.level.storage.PrimaryLevelData
[10Aug2025 21:07:50.337] [main/DEBUG] [mixin/]: Mixing LocateSmallNetherDungeonCommandMixin from betterdungeons.mixins.json into net.minecraft.server.commands.LocateCommand
[10Aug2025 21:07:50.377] [main/DEBUG] [net.minecraftforge.coremod.transformer.CoreModBaseTransformer/COREMOD]: Transforming net/minecraft/server/commands/SummonCommand
[10Aug2025 21:07:50.567] [main/DEBUG] [mixin/]: Mixing debug.TagLoaderMixin from mixins.artifacts.common.json into net.minecraft.tags.TagLoader
[10Aug2025 21:07:50.658] [Worker-Main-3/ERROR] [net.minecraft.tags.TagLoader/]: Couldn't load tag minecraft:impact_projectiles as it is missing following references: cataclysm:ceraunus (from L_Enders_Cataclysm-3.04.jar)
[10Aug2025 21:07:50.730] [Worker-Main-2/WARN] [artifacts.Artifacts/]: Tag entries for curios:tags/items/magic_book.json cleared by tombstone-1.20.1-8.9.8.jar
[10Aug2025 21:07:50.880] [Worker-Main-2/DEBUG] [net.minecraftforge.coremod.transformer.CoreModBaseTransformer/COREMOD]: Transforming net/minecraft/world/entity/raid/Raid
[10Aug2025 21:07:51.107] [Worker-Main-2/DEBUG] [mixin/]: Mixing ItemInputMixin from tombstone.mixins.json into net.minecraft.commands.arguments.item.ItemInput
[10Aug2025 21:07:52.049] [Worker-Main-3/DEBUG] [tombstone/]: Updating LootTables
[10Aug2025 21:07:52.718] [main/INFO] [net.minecraft.world.item.crafting.RecipeManager/]: Skipping loading recipe supplementaries:inspirations/flag_clear as it's serializer returned null
[10Aug2025 21:07:52.791] [main/INFO] [net.minecraft.world.item.crafting.RecipeManager/]: Skipping loading recipe supplementaries:inspirations/blackboard_clear as it's serializer returned null
[10Aug2025 21:07:52.818] [main/INFO] [net.minecraft.world.item.crafting.RecipeManager/]: Skipping loading recipe supplementaries:inspirations/flag_dye as it's serializer returned null
[10Aug2025 21:07:53.192] [main/INFO] [net.minecraft.world.item.crafting.RecipeManager/]: Loaded 12 recipes
[10Aug2025 21:07:53.442] [main/INFO] [net.minecraft.advancements.AdvancementList/]: Loaded 8525 advancements
[10Aug2025 21:07:53.454] [main/DEBUG] [sophisticatedbackpacks/]: Started loading registry data from sophisticatedbackpacks:compat/woot/block_tools 
[10Aug2025 21:07:53.454] [main/DEBUG] [sophisticatedbackpacks/]: Started loading registry data from sophisticatedbackpacks:compat/fluxnetworks/block_tools 
[10Aug2025 21:07:53.454] [main/DEBUG] [sophisticatedbackpacks/]: Started loading registry data from sophisticatedbackpacks:compat/mob_grinding_utils/entity_tools 
[10Aug2025 21:07:53.454] [main/DEBUG] [sophisticatedbackpacks/]: Started loading registry data from sophisticatedbackpacks:compat/astralsorcery/block_tools 
[10Aug2025 21:07:53.454] [main/DEBUG] [sophisticatedbackpacks/]: Started loading registry data from sophisticatedbackpacks:compat/immersivepetroleum/block_tools 
[10Aug2025 21:07:53.454] [main/DEBUG] [sophisticatedbackpacks/]: Started loading registry data from sophisticatedbackpacks:compat/immersiveengineering/block_tools 
[10Aug2025 21:07:53.455] [main/DEBUG] [sophisticatedbackpacks/]: Started loading registry data from sophisticatedbackpacks:compat/pedestals/block_tools 
[10Aug2025 21:07:53.455] [main/DEBUG] [sophisticatedbackpacks/]: Started loading registry data from sophisticatedbackpacks:compat/platforms/block_tools 
[10Aug2025 21:07:53.455] [main/DEBUG] [sophisticatedbackpacks/]: Started loading registry data from sophisticatedbackpacks:compat/rftoolsutility/entity_tools 
[10Aug2025 21:07:53.455] [main/DEBUG] [sophisticatedbackpacks/]: Started loading registry data from sophisticatedbackpacks:compat/compactmachines/block_tools 
[10Aug2025 21:07:53.455] [main/DEBUG] [sophisticatedbackpacks/]: Started loading registry data from sophisticatedbackpacks:compat/mcwwindows/block_tools 
[10Aug2025 21:07:53.456] [main/DEBUG] [sophisticatedbackpacks/]: Finished loading registry data for sophisticatedbackpacks:compat/mcwwindows/block_tools
[10Aug2025 21:07:53.456] [main/DEBUG] [sophisticatedbackpacks/]: Started loading registry data from sophisticatedbackpacks:compat/integrateddynamics/block_tools 
[10Aug2025 21:07:53.456] [main/DEBUG] [sophisticatedbackpacks/]: Started loading registry data from sophisticatedbackpacks:entity_tools 
[10Aug2025 21:07:53.458] [main/DEBUG] [sophisticatedbackpacks/]: Finished loading registry data for sophisticatedbackpacks:entity_tools
[10Aug2025 21:07:53.458] [main/DEBUG] [sophisticatedbackpacks/]: Started loading registry data from sophisticatedbackpacks:compat/mekanism/block_tools 
[10Aug2025 21:07:53.458] [main/DEBUG] [sophisticatedbackpacks/]: Started loading registry data from sophisticatedbackpacks:compat/powah/block_tools 
[10Aug2025 21:07:53.458] [main/DEBUG] [sophisticatedbackpacks/]: Started loading registry data from sophisticatedbackpacks:compat/apotheosis/entity_tools 
[10Aug2025 21:07:53.458] [main/DEBUG] [sophisticatedbackpacks/]: Started loading registry data from sophisticatedbackpacks:compat/bloodmagic/block_tools 
[10Aug2025 21:07:53.458] [main/DEBUG] [sophisticatedbackpacks/]: Started loading registry data from sophisticatedbackpacks:compat/immersiveposts/block_tools 
[10Aug2025 21:07:53.458] [main/DEBUG] [sophisticatedbackpacks/]: Started loading registry data from sophisticatedbackpacks:compat/rats/entity_tools 
[10Aug2025 21:07:53.458] [main/DEBUG] [sophisticatedbackpacks/]: Started loading registry data from sophisticatedbackpacks:compat/framedcompactdrawers/block_tools 
[10Aug2025 21:07:53.458] [main/DEBUG] [sophisticatedbackpacks/]: Started loading registry data from sophisticatedbackpacks:compat/iceandfire/entity_tools 
[10Aug2025 21:07:53.458] [main/DEBUG] [sophisticatedbackpacks/]: Started loading registry data from sophisticatedbackpacks:compat/storagedrawers/block_tools 
[10Aug2025 21:07:53.458] [main/DEBUG] [sophisticatedbackpacks/]: Started loading registry data from sophisticatedbackpacks:compat/mcwroofs/block_tools 
[10Aug2025 21:07:53.458] [main/DEBUG] [sophisticatedbackpacks/]: Finished loading registry data for sophisticatedbackpacks:compat/mcwroofs/block_tools
[10Aug2025 21:07:53.458] [main/DEBUG] [sophisticatedbackpacks/]: Started loading registry data from sophisticatedbackpacks:compat/morphtool/block_tools 
[10Aug2025 21:07:53.458] [main/DEBUG] [sophisticatedbackpacks/]: Started loading registry data from sophisticatedbackpacks:compat/botania/block_tools 
[10Aug2025 21:07:53.458] [main/DEBUG] [sophisticatedbackpacks/]: Started loading registry data from sophisticatedbackpacks:compat/pneumaticraft/block_tools 
[10Aug2025 21:07:53.458] [main/DEBUG] [sophisticatedbackpacks/]: Started loading registry data from sophisticatedbackpacks:compat/shrink/entity_tools 
[10Aug2025 21:07:53.458] [main/DEBUG] [sophisticatedbackpacks/]: Started loading registry data from sophisticatedbackpacks:compat/blockcarpentry/block_tools 
[10Aug2025 21:07:53.458] [main/DEBUG] [sophisticatedbackpacks/]: Started loading registry data from sophisticatedbackpacks:compat/pipez/block_tools 
[10Aug2025 21:07:53.458] [main/DEBUG] [sophisticatedbackpacks/]: Started loading registry data from sophisticatedbackpacks:compat/transport/block_tools 
[10Aug2025 21:07:53.458] [main/DEBUG] [sophisticatedbackpacks/]: Started loading registry data from sophisticatedbackpacks:compat/thermal/block_tools 
[10Aug2025 21:07:53.458] [main/DEBUG] [sophisticatedbackpacks/]: Started loading registry data from sophisticatedbackpacks:block_tools 
[10Aug2025 21:07:53.458] [main/DEBUG] [sophisticatedbackpacks/]: Finished loading registry data for sophisticatedbackpacks:block_tools
[10Aug2025 21:07:53.458] [main/DEBUG] [sophisticatedbackpacks/]: Started loading registry data from sophisticatedbackpacks:compat/create/block_tools 
[10Aug2025 21:07:53.458] [main/DEBUG] [sophisticatedbackpacks/]: Started loading registry data from sophisticatedbackpacks:compat/farmersdelight/entity_tools 
[10Aug2025 21:07:53.459] [main/DEBUG] [sophisticatedbackpacks/]: Finished loading registry data for sophisticatedbackpacks:compat/farmersdelight/entity_tools
[10Aug2025 21:07:53.459] [main/DEBUG] [sophisticatedbackpacks/]: Started loading registry data from sophisticatedbackpacks:compat/refinedstorage/block_tools 
[10Aug2025 21:07:53.459] [main/DEBUG] [sophisticatedbackpacks/]: Started loading registry data from sophisticatedbackpacks:compat/chiselsandbits/block_tools 
[10Aug2025 21:07:53.459] [main/DEBUG] [sophisticatedbackpacks/]: Started loading registry data from sophisticatedbackpacks:compat/farmersdelight/block_tools 
[10Aug2025 21:07:53.459] [main/DEBUG] [sophisticatedbackpacks/]: Finished loading registry data for sophisticatedbackpacks:compat/farmersdelight/block_tools
[10Aug2025 21:07:53.459] [main/DEBUG] [sophisticatedbackpacks/]: Started loading registry data from sophisticatedbackpacks:compat/resourcefulbees/entity_tools 
[10Aug2025 21:07:53.459] [main/DEBUG] [sophisticatedbackpacks/]: Started loading registry data from sophisticatedbackpacks:compat/tetra/swords 
[10Aug2025 21:07:53.459] [main/DEBUG] [sophisticatedbackpacks/]: Started loading registry data from sophisticatedbackpacks:swords 
[10Aug2025 21:07:53.460] [main/DEBUG] [sophisticatedbackpacks/]: Finished loading registry data for sophisticatedbackpacks:swords
[10Aug2025 21:07:53.460] [main/DEBUG] [sophisticatedbackpacks/]: Started loading registry data from sophisticatedbackpacks:compat/mythicbotany/block_tools 
[10Aug2025 21:07:53.460] [main/DEBUG] [sophisticatedbackpacks/]: Started loading registry data from sophisticatedbackpacks:compat/resourcefulbees/block_tools 
[10Aug2025 21:07:53.460] [main/DEBUG] [sophisticatedbackpacks/]: Started loading registry data from sophisticatedbackpacks:compat/syp/entity_tools 
[10Aug2025 21:07:53.460] [main/DEBUG] [sophisticatedbackpacks/]: Started loading registry data from sophisticatedbackpacks:compat/eidolon/block_tools 
[10Aug2025 21:07:53.460] [main/DEBUG] [sophisticatedbackpacks/]: Started loading registry data from sophisticatedbackpacks:compat/rftoolsbase/block_tools 
[10Aug2025 21:07:53.465] [main/INFO] [Supplementaries/]: Loaded 27 flute songs
[10Aug2025 21:07:53.482] [main/INFO] [top.theillusivec4.curios.Curios/]: Loaded 13 curio slots
[10Aug2025 21:07:53.487] [main/INFO] [top.theillusivec4.curios.Curios/]: Loaded 11 curio entities
[10Aug2025 21:07:58.401] [main/DEBUG] [mixin/]: Mixing TreasureMapForEmeraldsMixin from supplementaries.mixins.json into net.minecraft.world.entity.npc.VillagerTrades$TreasureMapForEmeralds
[10Aug2025 21:07:58.409] [main/INFO] [Moonlight/]: Applied 7 data villager trades
[10Aug2025 21:07:58.535] [main/INFO] [Supplementaries/]: Finished additional setup in 0 ms
[10Aug2025 21:07:58.666] [main/DEBUG] [net.minecraftforge.common.ForgeHooks/WP]: Gathering id map for writing to world save world
[10Aug2025 21:07:58.749] [main/DEBUG] [net.minecraftforge.common.ForgeHooks/WP]: ID Map collection complete world
[10Aug2025 21:07:58.854] [Server thread/INFO] [net.minecraft.server.dedicated.DedicatedServer/]: Starting minecraft server version 1.20.1
[10Aug2025 21:07:58.854] [Server thread/INFO] [net.minecraft.server.dedicated.DedicatedServer/]: Loading properties
[10Aug2025 21:07:58.855] [Server thread/INFO] [net.minecraft.server.dedicated.DedicatedServer/]: Default game type: SURVIVAL
[10Aug2025 21:07:58.855] [Server thread/INFO] [net.minecraft.server.MinecraftServer/]: Generating keypair
[10Aug2025 21:07:59.042] [Server thread/INFO] [net.minecraft.server.dedicated.DedicatedServer/]: Starting Minecraft server on *:25565
[10Aug2025 21:07:59.042] [Server thread/DEBUG] [net.minecraftforge.network.DualStackUtils/]: Detected IPv6 address: "0:0:0:0:0:0:0:0"
[10Aug2025 21:07:59.051] [Server thread/DEBUG] [io.netty.util.internal.NativeLibraryLoader/]: -Dio.netty.native.workdir: /tmp (io.netty.tmpdir)
[10Aug2025 21:07:59.051] [Server thread/DEBUG] [io.netty.util.internal.NativeLibraryLoader/]: -Dio.netty.native.deleteLibAfterLoading: true
[10Aug2025 21:07:59.051] [Server thread/DEBUG] [io.netty.util.internal.NativeLibraryLoader/]: -Dio.netty.native.tryPatchShadedId: true
[10Aug2025 21:07:59.051] [Server thread/DEBUG] [io.netty.util.internal.NativeLibraryLoader/]: -Dio.netty.native.detectNativeLibraryDuplicates: true
[10Aug2025 21:07:59.059] [Server thread/DEBUG] [io.netty.util.internal.NativeLibraryLoader/]: Successfully loaded the library /tmp/libnetty_transport_native_epoll_x86_646945313681581466263.so
[10Aug2025 21:07:59.062] [Server thread/DEBUG] [io.netty.util.NetUtil/]: -Djava.net.preferIPv4Stack: false
[10Aug2025 21:07:59.062] [Server thread/DEBUG] [io.netty.util.NetUtil/]: -Djava.net.preferIPv6Addresses: true
[10Aug2025 21:07:59.064] [Server thread/DEBUG] [io.netty.util.NetUtilInitializations/]: Loopback interface: lo (lo, 0:0:0:0:0:0:0:1%lo)
[10Aug2025 21:07:59.065] [Server thread/DEBUG] [io.netty.util.NetUtil/]: /proc/sys/net/core/somaxconn: 4096
[10Aug2025 21:07:59.068] [Server thread/INFO] [net.minecraft.server.network.ServerConnectionListener/]: Using epoll channel type
[10Aug2025 21:07:59.082] [Server thread/DEBUG] [io.netty.channel.MultithreadEventLoopGroup/]: -Dio.netty.eventLoopThreads: 8
[10Aug2025 21:07:59.104] [Server thread/DEBUG] [io.netty.util.internal.PlatformDependent/]: org.jctools-core.MpscChunkedArrayQueue: available
[10Aug2025 21:07:59.113] [Server thread/DEBUG] [io.netty.channel.DefaultChannelId/]: -Dio.netty.processId: 3295 (auto-detected)
[10Aug2025 21:07:59.114] [Server thread/DEBUG] [io.netty.channel.DefaultChannelId/]: -Dio.netty.machineId: 60:45:bd:ff:fe:bc:84:8a (auto-detected)
[10Aug2025 21:07:59.143] [Server thread/DEBUG] [io.netty.buffer.PooledByteBufAllocator/]: -Dio.netty.allocator.numHeapArenas: 8
[10Aug2025 21:07:59.143] [Server thread/DEBUG] [io.netty.buffer.PooledByteBufAllocator/]: -Dio.netty.allocator.numDirectArenas: 8
[10Aug2025 21:07:59.143] [Server thread/DEBUG] [io.netty.buffer.PooledByteBufAllocator/]: -Dio.netty.allocator.pageSize: 8192
[10Aug2025 21:07:59.143] [Server thread/DEBUG] [io.netty.buffer.PooledByteBufAllocator/]: -Dio.netty.allocator.maxOrder: 9
[10Aug2025 21:07:59.143] [Server thread/DEBUG] [io.netty.buffer.PooledByteBufAllocator/]: -Dio.netty.allocator.chunkSize: 4194304
[10Aug2025 21:07:59.143] [Server thread/DEBUG] [io.netty.buffer.PooledByteBufAllocator/]: -Dio.netty.allocator.smallCacheSize: 256
[10Aug2025 21:07:59.143] [Server thread/DEBUG] [io.netty.buffer.PooledByteBufAllocator/]: -Dio.netty.allocator.normalCacheSize: 64
[10Aug2025 21:07:59.143] [Server thread/DEBUG] [io.netty.buffer.PooledByteBufAllocator/]: -Dio.netty.allocator.maxCachedBufferCapacity: 32768
[10Aug2025 21:07:59.143] [Server thread/DEBUG] [io.netty.buffer.PooledByteBufAllocator/]: -Dio.netty.allocator.cacheTrimInterval: 8192
[10Aug2025 21:07:59.144] [Server thread/DEBUG] [io.netty.buffer.PooledByteBufAllocator/]: -Dio.netty.allocator.cacheTrimIntervalMillis: 0
[10Aug2025 21:07:59.144] [Server thread/DEBUG] [io.netty.buffer.PooledByteBufAllocator/]: -Dio.netty.allocator.useCacheForAllThreads: false
[10Aug2025 21:07:59.144] [Server thread/DEBUG] [io.netty.buffer.PooledByteBufAllocator/]: -Dio.netty.allocator.maxCachedByteBuffersPerChunk: 1023
[10Aug2025 21:07:59.153] [Server thread/DEBUG] [io.netty.buffer.ByteBufUtil/]: -Dio.netty.allocator.type: pooled
[10Aug2025 21:07:59.153] [Server thread/DEBUG] [io.netty.buffer.ByteBufUtil/]: -Dio.netty.threadLocalDirectBufferSize: 0
[10Aug2025 21:07:59.153] [Server thread/DEBUG] [io.netty.buffer.ByteBufUtil/]: -Dio.netty.maxThreadLocalCharBufferSize: 16384
[10Aug2025 21:07:59.162] [Server thread/WARN] [net.minecraft.server.dedicated.DedicatedServer/]: **** SERVER IS RUNNING IN OFFLINE/INSECURE MODE!
[10Aug2025 21:07:59.162] [Server thread/WARN] [net.minecraft.server.dedicated.DedicatedServer/]: The server will make no attempt to authenticate usernames. Beware.
[10Aug2025 21:07:59.163] [Server thread/WARN] [net.minecraft.server.dedicated.DedicatedServer/]: While this makes the game possible to play without internet access, it also opens up the ability for hackers to connect with any username they choose.
[10Aug2025 21:07:59.163] [Server thread/WARN] [net.minecraft.server.dedicated.DedicatedServer/]: To change this, set "online-mode" to "true" in the server.properties file.
[10Aug2025 21:07:59.177] [Server thread/DEBUG] [net.minecraftforge.fml.config.ConfigTracker/CONFIG]: Loading configs type SERVER
[10Aug2025 21:07:59.180] [Server thread/DEBUG] [fuzs.puzzleslib.impl.config.core.ForgeConfigFileTypeHandler/CONFIG]: Built TOML config for /workspaces/Server/servidor_minecraft/config/easyanvils-server.toml
[10Aug2025 21:07:59.181] [Server thread/DEBUG] [fuzs.puzzleslib.impl.config.core.ForgeConfigFileTypeHandler/CONFIG]: Loaded TOML config file /workspaces/Server/servidor_minecraft/config/easyanvils-server.toml
[10Aug2025 21:07:59.183] [Server thread/DEBUG] [fuzs.puzzleslib.impl.config.core.ForgeConfigFileTypeHandler/CONFIG]: Watching TOML config file /workspaces/Server/servidor_minecraft/config/easyanvils-server.toml for changes
[10Aug2025 21:07:59.186] [Server thread/INFO] [Puzzles Lib/]: Loading server config for easyanvils
[10Aug2025 21:07:59.187] [Thread-2/DEBUG] [fuzs.puzzleslib.impl.config.core.ForgeConfigFileTypeHandler/CONFIG]: Config file easyanvils-server.toml changed, sending notifies
[10Aug2025 21:07:59.187] [Server thread/DEBUG] [fuzs.puzzleslib.impl.config.core.ForgeConfigFileTypeHandler/CONFIG]: Built TOML config for /workspaces/Server/servidor_minecraft/config/easymagic-server.toml
[10Aug2025 21:07:59.188] [Thread-2/INFO] [Puzzles Lib/]: Reloading server config for easyanvils
[10Aug2025 21:07:59.189] [Thread-2/DEBUG] [fuzs.puzzleslib.impl.config.core.ForgeConfigFileTypeHandler/CONFIG]: Config file easyanvils-server.toml changed, sending notifies
[10Aug2025 21:07:59.189] [Thread-2/INFO] [Puzzles Lib/]: Reloading server config for easyanvils
[10Aug2025 21:07:59.190] [Server thread/DEBUG] [fuzs.puzzleslib.impl.config.core.ForgeConfigFileTypeHandler/CONFIG]: Loaded TOML config file /workspaces/Server/servidor_minecraft/config/easymagic-server.toml
[10Aug2025 21:07:59.190] [Server thread/DEBUG] [fuzs.puzzleslib.impl.config.core.ForgeConfigFileTypeHandler/CONFIG]: Watching TOML config file /workspaces/Server/servidor_minecraft/config/easymagic-server.toml for changes
[10Aug2025 21:07:59.190] [Server thread/INFO] [Puzzles Lib/]: Loading server config for easymagic
[10Aug2025 21:07:59.191] [Thread-2/DEBUG] [fuzs.puzzleslib.impl.config.core.ForgeConfigFileTypeHandler/CONFIG]: Config file easymagic-server.toml changed, sending notifies
[10Aug2025 21:07:59.191] [Server thread/DEBUG] [net.minecraftforge.fml.config.ConfigFileTypeHandler/CONFIG]: Built TOML config for ./world/serverconfig/jei-server.toml
[10Aug2025 21:07:59.191] [Server thread/DEBUG] [net.minecraftforge.fml.config.ConfigFileTypeHandler/CONFIG]: Loaded TOML config file ./world/serverconfig/jei-server.toml
[10Aug2025 21:07:59.191] [Thread-2/INFO] [Puzzles Lib/]: Reloading server config for easymagic
[10Aug2025 21:07:59.192] [Thread-2/DEBUG] [fuzs.puzzleslib.impl.config.core.ForgeConfigFileTypeHandler/CONFIG]: Config file easymagic-server.toml changed, sending notifies
[10Aug2025 21:07:59.193] [Thread-2/INFO] [Puzzles Lib/]: Reloading server config for easymagic
[10Aug2025 21:07:59.195] [Server thread/DEBUG] [net.minecraftforge.fml.config.ConfigFileTypeHandler/CONFIG]: Watching TOML config file ./world/serverconfig/jei-server.toml for changes
[10Aug2025 21:07:59.195] [Server thread/DEBUG] [net.minecraftforge.fml.config.ConfigFileTypeHandler/CONFIG]: Built TOML config for ./world/serverconfig/journeymap-server.toml
[10Aug2025 21:07:59.196] [Thread-2/DEBUG] [net.minecraftforge.fml.config.ConfigFileTypeHandler/CONFIG]: Config file jei-server.toml changed, sending notifies
[10Aug2025 21:07:59.201] [Server thread/DEBUG] [net.minecraftforge.fml.config.ConfigFileTypeHandler/CONFIG]: Loaded TOML config file ./world/serverconfig/journeymap-server.toml
[10Aug2025 21:07:59.201] [Server thread/DEBUG] [net.minecraftforge.fml.config.ConfigFileTypeHandler/CONFIG]: Watching TOML config file ./world/serverconfig/journeymap-server.toml for changes
[10Aug2025 21:07:59.202] [Server thread/INFO] [journeymap/]: Loading JourneyMap Forge Configs
[10Aug2025 21:07:59.203] [Thread-2/DEBUG] [net.minecraftforge.fml.config.ConfigFileTypeHandler/CONFIG]: Config file journeymap-server.toml changed, sending notifies
[10Aug2025 21:07:59.203] [Server thread/DEBUG] [net.minecraftforge.fml.config.ConfigFileTypeHandler/CONFIG]: Built TOML config for ./world/serverconfig/travelersbackpack-server.toml
[10Aug2025 21:07:59.204] [Server thread/DEBUG] [net.minecraftforge.fml.config.ConfigFileTypeHandler/CONFIG]: Loaded TOML config file ./world/serverconfig/travelersbackpack-server.toml
[10Aug2025 21:07:59.204] [Server thread/DEBUG] [net.minecraftforge.fml.config.ConfigFileTypeHandler/CONFIG]: Watching TOML config file ./world/serverconfig/travelersbackpack-server.toml for changes
[10Aug2025 21:07:59.204] [Thread-2/INFO] [journeymap/]: Loading JourneyMap Forge Configs
[10Aug2025 21:07:59.205] [Thread-2/DEBUG] [net.minecraftforge.fml.config.ConfigFileTypeHandler/CONFIG]: Config file journeymap-server.toml changed, sending notifies
[10Aug2025 21:07:59.205] [Thread-2/INFO] [journeymap/]: Loading JourneyMap Forge Configs
[10Aug2025 21:07:59.214] [Thread-2/DEBUG] [net.minecraftforge.fml.config.ConfigFileTypeHandler/CONFIG]: Config file travelersbackpack-server.toml changed, sending notifies
[10Aug2025 21:07:59.215] [Server thread/DEBUG] [net.minecraftforge.fml.config.ConfigFileTypeHandler/CONFIG]: Built TOML config for ./world/serverconfig/sophisticatedbackpacks-server.toml
[10Aug2025 21:07:59.217] [Server thread/DEBUG] [net.minecraftforge.fml.config.ConfigFileTypeHandler/CONFIG]: Loaded TOML config file ./world/serverconfig/sophisticatedbackpacks-server.toml
[10Aug2025 21:07:59.217] [Server thread/DEBUG] [net.minecraftforge.fml.config.ConfigFileTypeHandler/CONFIG]: Watching TOML config file ./world/serverconfig/sophisticatedbackpacks-server.toml for changes
[10Aug2025 21:07:59.217] [Thread-2/DEBUG] [net.minecraftforge.fml.config.ConfigFileTypeHandler/CONFIG]: Config file travelersbackpack-server.toml changed, sending notifies
[10Aug2025 21:07:59.219] [Server thread/DEBUG] [net.minecraftforge.fml.config.ConfigFileTypeHandler/CONFIG]: Built TOML config for ./world/serverconfig/forge-server.toml
[10Aug2025 21:07:59.219] [Thread-2/DEBUG] [net.minecraftforge.fml.config.ConfigFileTypeHandler/CONFIG]: Config file sophisticatedbackpacks-server.toml changed, sending notifies
[10Aug2025 21:07:59.219] [Server thread/DEBUG] [net.minecraftforge.fml.config.ConfigFileTypeHandler/CONFIG]: Loaded TOML config file ./world/serverconfig/forge-server.toml
[10Aug2025 21:07:59.220] [Server thread/DEBUG] [net.minecraftforge.fml.config.ConfigFileTypeHandler/CONFIG]: Watching TOML config file ./world/serverconfig/forge-server.toml for changes
[10Aug2025 21:07:59.220] [Server thread/DEBUG] [net.minecraftforge.common.ForgeConfig/FORGEMOD]: Loaded forge config file forge-server.toml
[10Aug2025 21:07:59.220] [Thread-2/DEBUG] [net.minecraftforge.fml.config.ConfigFileTypeHandler/CONFIG]: Config file forge-server.toml changed, sending notifies
[10Aug2025 21:07:59.220] [Thread-2/DEBUG] [net.minecraftforge.common.ForgeConfig/FORGEMOD]: Forge config just got changed on the file system!
[10Aug2025 21:07:59.220] [Server thread/DEBUG] [net.minecraftforge.fml.config.ConfigFileTypeHandler/CONFIG]: Built TOML config for ./world/serverconfig/curios-server.toml
[10Aug2025 21:07:59.221] [Server thread/DEBUG] [net.minecraftforge.fml.config.ConfigFileTypeHandler/CONFIG]: Loaded TOML config file ./world/serverconfig/curios-server.toml
[10Aug2025 21:07:59.221] [Thread-2/DEBUG] [net.minecraftforge.fml.config.ConfigFileTypeHandler/CONFIG]: Config file forge-server.toml changed, sending notifies
[10Aug2025 21:07:59.221] [Server thread/DEBUG] [net.minecraftforge.fml.config.ConfigFileTypeHandler/CONFIG]: Watching TOML config file ./world/serverconfig/curios-server.toml for changes
[10Aug2025 21:07:59.221] [Thread-2/DEBUG] [net.minecraftforge.common.ForgeConfig/FORGEMOD]: Forge config just got changed on the file system!
[10Aug2025 21:07:59.221] [Server thread/DEBUG] [net.minecraftforge.fml.config.ConfigFileTypeHandler/CONFIG]: Built TOML config for ./world/serverconfig/securitycraft-server.toml
[10Aug2025 21:07:59.221] [Thread-2/DEBUG] [net.minecraftforge.fml.config.ConfigFileTypeHandler/CONFIG]: Config file curios-server.toml changed, sending notifies
[10Aug2025 21:07:59.222] [Server thread/DEBUG] [net.minecraftforge.fml.config.ConfigFileTypeHandler/CONFIG]: Loaded TOML config file ./world/serverconfig/securitycraft-server.toml
[10Aug2025 21:07:59.222] [Server thread/DEBUG] [net.minecraftforge.fml.config.ConfigFileTypeHandler/CONFIG]: Watching TOML config file ./world/serverconfig/securitycraft-server.toml for changes
[10Aug2025 21:07:59.226] [Thread-2/DEBUG] [net.minecraftforge.fml.config.ConfigFileTypeHandler/CONFIG]: Config file securitycraft-server.toml changed, sending notifies
[10Aug2025 21:07:59.226] [Server thread/DEBUG] [net.minecraftforge.fml.config.ConfigFileTypeHandler/CONFIG]: Built TOML config for /workspaces/Server/servidor_minecraft/config/tombstone-server.toml
[10Aug2025 21:07:59.227] [Server thread/DEBUG] [net.minecraftforge.fml.config.ConfigFileTypeHandler/CONFIG]: Loaded TOML config file /workspaces/Server/servidor_minecraft/config/tombstone-server.toml
[10Aug2025 21:07:59.227] [Server thread/DEBUG] [net.minecraftforge.fml.config.ConfigFileTypeHandler/CONFIG]: Watching TOML config file /workspaces/Server/servidor_minecraft/config/tombstone-server.toml for changes
[10Aug2025 21:07:59.228] [Thread-2/DEBUG] [net.minecraftforge.fml.config.ConfigFileTypeHandler/CONFIG]: Config file tombstone-server.toml changed, sending notifies
[10Aug2025 21:07:59.230] [Thread-2/DEBUG] [net.minecraftforge.fml.config.ConfigFileTypeHandler/CONFIG]: Config file tombstone-server.toml changed, sending notifies
[10Aug2025 21:07:59.231] [Server thread/DEBUG] [mixin/]: Mixing accessor.BiomeSpecialEffectsBuilderForgeAccessor from puzzleslib.forge.mixins.json into net.minecraft.world.level.biome.BiomeSpecialEffects$Builder
[10Aug2025 21:08:00.168] [Server thread/INFO] [terrablender/]: Initialized TerraBlender biomes for level stem minecraft:overworld
[10Aug2025 21:08:00.169] [Server thread/INFO] [terrablender/]: Initialized TerraBlender biomes for level stem minecraft:the_nether
[10Aug2025 21:08:00.170] [Server thread/INFO] [net.minecraft.server.dedicated.DedicatedServer/]: Preparing level "world"
[10Aug2025 21:08:00.179] [Server thread/DEBUG] [net.minecraftforge.coremod.transformer.CoreModBaseTransformer/COREMOD]: Transforming net/minecraft/world/level/levelgen/PhantomSpawner
[10Aug2025 21:08:00.188] [Server thread/DEBUG] [net.minecraftforge.coremod.transformer.CoreModBaseTransformer/COREMOD]: Transforming net/minecraft/world/level/levelgen/PatrolSpawner
[10Aug2025 21:08:00.196] [Server thread/DEBUG] [net.minecraftforge.coremod.transformer.CoreModBaseTransformer/COREMOD]: Transforming net/minecraft/world/entity/npc/CatSpawner
[10Aug2025 21:08:00.204] [Server thread/DEBUG] [net.minecraftforge.coremod.transformer.CoreModBaseTransformer/COREMOD]: Transforming net/minecraft/world/entity/ai/village/VillageSiege
[10Aug2025 21:08:00.215] [Server thread/DEBUG] [mixin/]: Mixing RedMerchantSpawnerMixin from supplementaries-common.mixins.json into net.minecraft.world.entity.npc.WanderingTraderSpawner
[10Aug2025 21:08:00.216] [Server thread/DEBUG] [mixin/]: Renaming synthetic method lambda$spawn$1(Lnet/minecraft/core/BlockPos;)Z to md81b027$lambda$spawn$1$0 in supplementaries-common.mixins.json:RedMerchantSpawnerMixin
[10Aug2025 21:08:00.216] [Server thread/DEBUG] [mixin/]: Renaming synthetic method lambda$spawn$0(Lnet/minecraft/core/Holder;)Z to md81b027$lambda$spawn$0$1 in supplementaries-common.mixins.json:RedMerchantSpawnerMixin
[10Aug2025 21:08:00.231] [Server thread/DEBUG] [mixin/]: Mixing DamageSourcesMixin from tombstone.mixins.json into net.minecraft.world.damagesource.DamageSources
[10Aug2025 21:08:00.272] [Server thread/DEBUG] [mixin/]: Mixing camera.ChunkMapMixin from securitycraft.mixins.json into net.minecraft.server.level.ChunkMap
[10Aug2025 21:08:00.273] [Server thread/DEBUG] [mixin/]: Renaming synthetic method lambda$securitycraft$onDropChunk$3(Lnet/minecraft/server/level/ServerPlayer;Lnet/minecraft/world/level/ChunkPos;Lnet/geforcemods/securitycraft/blockentities/SecurityCameraBlockEntity;)Z to md81b027$lambda$securitycraft$onDropChunk$3$0 in securitycraft.mixins.json:camera.ChunkMapMixin
[10Aug2025 21:08:00.273] [Server thread/DEBUG] [mixin/]: Renaming synthetic method lambda$securitycraft$sendChunksToCameras$2(Lnet/minecraft/server/level/ServerPlayer;Lnet/minecraft/world/level/ChunkPos;Lnet/geforcemods/securitycraft/blockentities/SecurityCameraBlockEntity;)Z to md81b027$lambda$securitycraft$sendChunksToCameras$2$1 in securitycraft.mixins.json:camera.ChunkMapMixin
[10Aug2025 21:08:00.273] [Server thread/DEBUG] [mixin/]: Renaming synthetic method lambda$securitycraft$trackCameraLoadedChunks$1(Lnet/minecraft/server/level/ServerPlayer;Lnet/minecraft/world/level/ChunkPos;Lnet/geforcemods/securitycraft/blockentities/SecurityCameraBlockEntity;)Z to md81b027$lambda$securitycraft$trackCameraLoadedChunks$1$2 in securitycraft.mixins.json:camera.ChunkMapMixin
[10Aug2025 21:08:00.273] [Server thread/DEBUG] [mixin/]: Renaming synthetic method lambda$securitycraft$trackCameraLoadedChunks$0(Lnet/minecraft/server/level/ServerPlayer;Lnet/geforcemods/securitycraft/blockentities/SecurityCameraBlockEntity;)Z to md81b027$lambda$securitycraft$trackCameraLoadedChunks$0$3 in securitycraft.mixins.json:camera.ChunkMapMixin
[10Aug2025 21:08:00.659] [Server thread/DEBUG] [mixin/]: Mixing reinforced.PortalForcerMixin from securitycraft.mixins.json into net.minecraft.world.level.portal.PortalForcer
[10Aug2025 21:08:00.678] [Server thread/DEBUG] [mixin/]: Mixing StructureManagerAccessor from cataclysm.mixins.json into net.minecraft.world.level.StructureManager
[10Aug2025 21:08:01.100] [Server thread/DEBUG] [mixin/]: Mixing GoalSelectorAccessor from mixins.animal_feeding_trough.json into net.minecraft.world.entity.ai.goal.GoalSelector
[10Aug2025 21:08:01.100] [Server thread/DEBUG] [mixin/]: mixins.animal_feeding_trough.json:GoalSelectorAccessor: Class version 61 required is higher than the class version supported by the current version of Mixin (JAVA_16 supports class version 60)
[10Aug2025 21:08:01.432] [Server thread/DEBUG] [mixin/]: Mixing MixinPiglinAi from curios.mixins.json into net.minecraft.world.entity.monster.piglin.PiglinAi
[10Aug2025 21:08:05.489] [Server thread/INFO] [net.regions_unexplored.RegionsUnexploredMod/]: Loading dimension "minecraft:the_nether" with biome source: "lionfishapi:modded".
[10Aug2025 21:08:05.490] [Server thread/INFO] [net.minecraft.server.MinecraftServer/]: Preparing start region for dimension minecraft:overworld
[10Aug2025 21:08:06.122] [Server thread/DEBUG] [mixin/]: Mixing MixinChunkSerializer from architectury.mixins.json into net.minecraft.world.level.chunk.storage.ChunkSerializer
[10Aug2025 21:08:06.634] [Worker-Main-1/INFO] [net.minecraft.server.level.progress.LoggerChunkProgressListener/]: Preparing spawn area: 0%
[10Aug2025 21:08:06.663] [Worker-Main-3/INFO] [net.minecraft.server.level.progress.LoggerChunkProgressListener/]: Preparing spawn area: 0%
[10Aug2025 21:08:06.664] [Worker-Main-3/INFO] [net.minecraft.server.level.progress.LoggerChunkProgressListener/]: Preparing spawn area: 0%
[10Aug2025 21:08:06.998] [Worker-Main-3/INFO] [net.minecraft.server.level.progress.LoggerChunkProgressListener/]: Preparing spawn area: 0%
[10Aug2025 21:08:07.094] [Server thread/DEBUG] [mixin/]: Mixing accessor.BoundingBoxAccessor from betterdungeons.mixins.json into net.minecraft.world.level.levelgen.structure.BoundingBox
[10Aug2025 21:08:07.094] [Server thread/DEBUG] [mixin/]: Mixing accessor.BoundingBoxAccessor from yungsapi.mixins.json into net.minecraft.world.level.levelgen.structure.BoundingBox
[10Aug2025 21:08:07.094] [Server thread/DEBUG] [mixin/]: Mixing accessor.BoundingBoxAccessor from cataclysm.mixins.json into net.minecraft.world.level.levelgen.structure.BoundingBox
[10Aug2025 21:08:07.095] [Server thread/DEBUG] [mixin/]: Unexpected: Registered method setMinX(I)V in net.minecraft.world.level.levelgen.structure.BoundingBox was not merged
[10Aug2025 21:08:07.095] [Server thread/DEBUG] [mixin/]: Unexpected: Registered method setMaxX(I)V in net.minecraft.world.level.levelgen.structure.BoundingBox was not merged
[10Aug2025 21:08:07.095] [Server thread/DEBUG] [mixin/]: Unexpected: Registered method setMinX(I)V in net.minecraft.world.level.levelgen.structure.BoundingBox was not merged
[10Aug2025 21:08:07.095] [Server thread/DEBUG] [mixin/]: Unexpected: Registered method setMinZ(I)V in net.minecraft.world.level.levelgen.structure.BoundingBox was not merged
[10Aug2025 21:08:07.095] [Server thread/DEBUG] [mixin/]: Unexpected: Registered method setMinY(I)V in net.minecraft.world.level.levelgen.structure.BoundingBox was not merged
[10Aug2025 21:08:07.095] [Server thread/DEBUG] [mixin/]: Unexpected: Registered method setMaxY(I)V in net.minecraft.world.level.levelgen.structure.BoundingBox was not merged
[10Aug2025 21:08:07.095] [Server thread/DEBUG] [mixin/]: Unexpected: Registered method setMinY(I)V in net.minecraft.world.level.levelgen.structure.BoundingBox was not merged
[10Aug2025 21:08:07.095] [Server thread/DEBUG] [mixin/]: Unexpected: Registered method setMinZ(I)V in net.minecraft.world.level.levelgen.structure.BoundingBox was not merged
[10Aug2025 21:08:07.095] [Server thread/DEBUG] [mixin/]: Unexpected: Registered method setMaxX(I)V in net.minecraft.world.level.levelgen.structure.BoundingBox was not merged
[10Aug2025 21:08:07.095] [Server thread/DEBUG] [mixin/]: Unexpected: Registered method setMaxY(I)V in net.minecraft.world.level.levelgen.structure.BoundingBox was not merged
[10Aug2025 21:08:07.095] [Server thread/DEBUG] [mixin/]: Unexpected: Registered method setMaxZ(I)V in net.minecraft.world.level.levelgen.structure.BoundingBox was not merged
[10Aug2025 21:08:07.095] [Server thread/DEBUG] [mixin/]: Unexpected: Registered method setMaxZ(I)V in net.minecraft.world.level.levelgen.structure.BoundingBox was not merged
[10Aug2025 21:08:07.099] [Server thread/DEBUG] [mixin/]: Mixing MineshaftPiecesMixin from supplementaries-common.mixins.json into net.minecraft.world.level.levelgen.structure.structures.MineshaftPieces
[10Aug2025 21:08:07.491] [Worker-Main-2/INFO] [net.minecraft.server.level.progress.LoggerChunkProgressListener/]: Preparing spawn area: 0%
[10Aug2025 21:08:07.991] [Worker-Main-1/INFO] [net.minecraft.server.level.progress.LoggerChunkProgressListener/]: Preparing spawn area: 0%
[10Aug2025 21:08:08.494] [Worker-Main-2/INFO] [net.minecraft.server.level.progress.LoggerChunkProgressListener/]: Preparing spawn area: 3%
[10Aug2025 21:08:08.993] [Worker-Main-1/INFO] [net.minecraft.server.level.progress.LoggerChunkProgressListener/]: Preparing spawn area: 4%
[10Aug2025 21:08:09.501] [Worker-Main-1/INFO] [net.minecraft.server.level.progress.LoggerChunkProgressListener/]: Preparing spawn area: 16%
[10Aug2025 21:08:09.947] [Server thread/DEBUG] [net.minecraftforge.coremod.transformer.CoreModBaseTransformer/COREMOD]: Transforming net/minecraft/world/level/levelgen/structure/templatesystem/StructureTemplate
[10Aug2025 21:08:09.974] [Server thread/DEBUG] [mixin/]: Mixing DungeonContextMixin from betterdungeons.mixins.json into net.minecraft.world.level.levelgen.structure.templatesystem.StructureTemplate
[10Aug2025 21:08:09.975] [Server thread/DEBUG] [mixin/]: Mixing StructureTemplateMixin from betterdungeons.mixins.json into net.minecraft.world.level.levelgen.structure.templatesystem.StructureTemplate
[10Aug2025 21:08:09.975] [Server thread/DEBUG] [mixin/]: Renaming synthetic method lambda$betterdungeons_preventAutoWaterlogging$0(Lnet/minecraft/world/level/levelgen/structure/templatesystem/StructureProcessor;)Z to md81b027$lambda$betterdungeons_preventAutoWaterlogging$0$0 in betterdungeons.mixins.json:StructureTemplateMixin
[10Aug2025 21:08:09.977] [Server thread/DEBUG] [mixin/]: Mixing StructureTemplateMixin from cataclysm.mixins.json into net.minecraft.world.level.levelgen.structure.templatesystem.StructureTemplate
[10Aug2025 21:08:09.977] [Server thread/DEBUG] [mixin/]: Renaming synthetic method lambda$repurposedstructures_preventAutoWaterlogging$0(Lnet/minecraft/world/level/levelgen/structure/templatesystem/StructureProcessor;)Z to md81b027$lambda$repurposedstructures_preventAutoWaterlogging$0$1 in cataclysm.mixins.json:StructureTemplateMixin
[10Aug2025 21:08:09.978] [Server thread/DEBUG] [mixin/]: Mixing passcode.StructureTemplateMixin from securitycraft.mixins.json into net.minecraft.world.level.levelgen.structure.templatesystem.StructureTemplate
[10Aug2025 21:08:09.998] [Worker-Main-3/INFO] [net.minecraft.server.level.progress.LoggerChunkProgressListener/]: Preparing spawn area: 21%
[10Aug2025 21:08:10.491] [Worker-Main-1/INFO] [net.minecraft.server.level.progress.LoggerChunkProgressListener/]: Preparing spawn area: 87%
[10Aug2025 21:08:10.634] [Server thread/INFO] [net.minecraft.server.level.progress.LoggerChunkProgressListener/]: Time elapsed: 5144 ms
[10Aug2025 21:08:10.635] [Server thread/INFO] [net.minecraft.server.dedicated.DedicatedServer/]: Done (11.458s)! For help, type "help"
[10Aug2025 21:08:10.645] [Server thread/DEBUG] [net.minecraftforge.network.DualStackUtils/]: Detected IPv6 address: "0:0:0:0:0:0:0:0"
[10Aug2025 21:08:10.704] [Server thread/DEBUG] [net.minecraftforge.common.ForgeI18n/CORE]: Loading I18N data entries: 16092
[10Aug2025 21:08:10.708] [Server thread/INFO] [net.minecraftforge.server.permission.PermissionAPI/]: Successfully initialized permission handler forge:default_handler
[10Aug2025 21:08:10.837] [Server thread/WARN] [net.minecraft.network.syncher.SynchedEntityData/]: defineId called for: class net.minecraft.world.entity.player.Player from class tschipp.carryon.common.carry.CarryOnDataManager
[10Aug2025 21:08:11.027] [Server thread/DEBUG] [io.netty.buffer.AbstractByteBuf/]: -Dio.netty.buffer.checkAccessible: true
[10Aug2025 21:08:11.029] [Server thread/DEBUG] [io.netty.buffer.AbstractByteBuf/]: -Dio.netty.buffer.checkBounds: true
[10Aug2025 21:08:11.030] [Server thread/DEBUG] [io.netty.util.ResourceLeakDetectorFactory/]: Loaded default ResourceLeakDetector: io.netty.util.ResourceLeakDetector@5322fe79
[10Aug2025 21:08:11.226] [Server thread/DEBUG] [net.minecraftforge.coremod.transformer.CoreModBaseTransformer/COREMOD]: Transforming net/minecraft/world/level/NaturalSpawner
[10Aug2025 21:08:11.322] [Server thread/DEBUG] [mixin/]: Mixing item.wearable.NaturalSpawnerMixin from mixins.artifacts.common.json into net.minecraft.world.level.NaturalSpawner
[10Aug2025 21:08:11.323] [Server thread/DEBUG] [mixin/]: Renaming synthetic method lambda$spawnCategoryForPosition$0(Lnet/minecraft/world/entity/Mob;Lnet/minecraft/world/item/ItemStack;)V to md81b027$lambda$spawnCategoryForPosition$0$0 in mixins.artifacts.common.json:item.wearable.NaturalSpawnerMixin
[10Aug2025 21:08:11.377] [Server thread/DEBUG] [mixin/]: Mixing camera.TrackedEntityMixin from securitycraft.mixins.json into net.minecraft.server.level.ChunkMap$TrackedEntity
[10Aug2025 21:08:11.584] [Server thread/DEBUG] [artifacts.Artifacts/]: Loaded artifacts.forge.platform.ForgePlatformHelper@4149c1a9 for service interface artifacts.platform.PlatformHelper
[10Aug2025 21:08:54.582] [Netty Epoll Server IO #1/DEBUG] [mixin/]: Mixing MapItemDataPacketMixin from moonlight-common.mixins.json into net.minecraft.network.protocol.game.ClientboundMapItemDataPacket
[10Aug2025 21:08:54.582] [Netty Epoll Server IO #1/DEBUG] [mixin/]: Renaming synthetic method lambda$moonlight$sendCustomDecorations$1(I)[Lnet/mehvahdjukaar/moonlight/api/map/CustomMapDecoration; to md81b027$lambda$moonlight$sendCustomDecorations$1$0 in moonlight-common.mixins.json:MapItemDataPacketMixin
[10Aug2025 21:08:54.583] [Netty Epoll Server IO #1/DEBUG] [mixin/]: Renaming synthetic method lambda$moonlight$sendCustomDecorations$0(Lnet/minecraft/network/FriendlyByteBuf;Lnet/mehvahdjukaar/moonlight/api/map/CustomMapDecoration;)Lnet/mehvahdjukaar/moonlight/api/map/CustomMapDecoration; to md81b027$lambda$moonlight$sendCustomDecorations$0$1 in moonlight-common.mixins.json:MapItemDataPacketMixin
[10Aug2025 21:08:54.693] [Netty Epoll Server IO #1/DEBUG] [io.netty.util.Recycler/]: -Dio.netty.recycler.maxCapacityPerThread: 4096
[10Aug2025 21:08:54.693] [Netty Epoll Server IO #1/DEBUG] [io.netty.util.Recycler/]: -Dio.netty.recycler.ratio: 8
[10Aug2025 21:08:54.693] [Netty Epoll Server IO #1/DEBUG] [io.netty.util.Recycler/]: -Dio.netty.recycler.chunkSize: 32
[10Aug2025 21:08:54.693] [Netty Epoll Server IO #1/DEBUG] [io.netty.util.Recycler/]: -Dio.netty.recycler.blocking: false
[10Aug2025 21:08:54.790] [Netty Epoll Server IO #2/DEBUG] [net.minecraftforge.network.HandshakeHandler/FMLHANDSHAKE]: Starting new modded impl connection. Found 32 messages to dispatch.
[10Aug2025 21:08:54.834] [Server thread/DEBUG] [net.minecraftforge.network.HandshakeHandler/FMLHANDSHAKE]: Sending ticking packet info 'net.minecraftforge.network.HandshakeMessages$S2CModData' to 'fml:handshake' sequence 0
[10Aug2025 21:08:54.883] [Server thread/DEBUG] [net.minecraftforge.network.HandshakeHandler/FMLHANDSHAKE]: Sending ticking packet info 'net.minecraftforge.network.HandshakeMessages$S2CModList' to 'fml:handshake' sequence 1
[10Aug2025 21:08:54.932] [Server thread/DEBUG] [net.minecraftforge.network.HandshakeHandler/FMLHANDSHAKE]: Sending ticking packet info 'Registry minecraft:command_argument_type' to 'fml:handshake' sequence 2
[10Aug2025 21:08:54.983] [Server thread/DEBUG] [net.minecraftforge.network.HandshakeHandler/FMLHANDSHAKE]: Sending ticking packet info 'Registry minecraft:recipe_serializer' to 'fml:handshake' sequence 3
[10Aug2025 21:08:55.032] [Server thread/DEBUG] [net.minecraftforge.network.HandshakeHandler/FMLHANDSHAKE]: Sending ticking packet info 'Registry minecraft:sound_event' to 'fml:handshake' sequence 4
[10Aug2025 21:08:55.083] [Server thread/DEBUG] [net.minecraftforge.network.HandshakeHandler/FMLHANDSHAKE]: Sending ticking packet info 'Registry minecraft:particle_type' to 'fml:handshake' sequence 5
[10Aug2025 21:08:55.133] [Server thread/DEBUG] [net.minecraftforge.network.HandshakeHandler/FMLHANDSHAKE]: Sending ticking packet info 'Registry minecraft:villager_profession' to 'fml:handshake' sequence 6
[10Aug2025 21:08:55.183] [Server thread/DEBUG] [net.minecraftforge.network.HandshakeHandler/FMLHANDSHAKE]: Sending ticking packet info 'Registry minecraft:item' to 'fml:handshake' sequence 7
[10Aug2025 21:08:55.233] [Server thread/DEBUG] [net.minecraftforge.network.HandshakeHandler/FMLHANDSHAKE]: Sending ticking packet info 'Registry minecraft:potion' to 'fml:handshake' sequence 8
[10Aug2025 21:08:55.283] [Server thread/DEBUG] [net.minecraftforge.network.HandshakeHandler/FMLHANDSHAKE]: Sending ticking packet info 'Registry minecraft:painting_variant' to 'fml:handshake' sequence 9
[10Aug2025 21:08:55.333] [Server thread/DEBUG] [net.minecraftforge.network.HandshakeHandler/FMLHANDSHAKE]: Sending ticking packet info 'Registry forge:fluid_type' to 'fml:handshake' sequence 10
[10Aug2025 21:08:55.382] [Server thread/DEBUG] [net.minecraftforge.network.HandshakeHandler/FMLHANDSHAKE]: Sending ticking packet info 'Registry minecraft:block_entity_type' to 'fml:handshake' sequence 11
[10Aug2025 21:08:55.431] [Server thread/DEBUG] [net.minecraftforge.network.HandshakeHandler/FMLHANDSHAKE]: Sending ticking packet info 'Registry forge:display_contexts' to 'fml:handshake' sequence 12
[10Aug2025 21:08:55.481] [Server thread/DEBUG] [net.minecraftforge.network.HandshakeHandler/FMLHANDSHAKE]: Sending ticking packet info 'Registry minecraft:block' to 'fml:handshake' sequence 13
[10Aug2025 21:08:55.531] [Server thread/DEBUG] [net.minecraftforge.network.HandshakeHandler/FMLHANDSHAKE]: Sending ticking packet info 'Registry forge:entity_data_serializers' to 'fml:handshake' sequence 14
[10Aug2025 21:08:55.582] [Server thread/DEBUG] [net.minecraftforge.network.HandshakeHandler/FMLHANDSHAKE]: Sending ticking packet info 'Registry minecraft:mob_effect' to 'fml:handshake' sequence 15
[10Aug2025 21:08:55.632] [Server thread/DEBUG] [net.minecraftforge.network.HandshakeHandler/FMLHANDSHAKE]: Sending ticking packet info 'Registry minecraft:stat_type' to 'fml:handshake' sequence 16
[10Aug2025 21:08:55.682] [Server thread/DEBUG] [net.minecraftforge.network.HandshakeHandler/FMLHANDSHAKE]: Sending ticking packet info 'Registry tombstone:perks' to 'fml:handshake' sequence 17
[10Aug2025 21:08:55.732] [Server thread/DEBUG] [net.minecraftforge.network.HandshakeHandler/FMLHANDSHAKE]: Sending ticking packet info 'Registry minecraft:menu' to 'fml:handshake' sequence 18
[10Aug2025 21:08:55.781] [Server thread/DEBUG] [net.minecraftforge.network.HandshakeHandler/FMLHANDSHAKE]: Sending ticking packet info 'Registry minecraft:enchantment' to 'fml:handshake' sequence 19
[10Aug2025 21:08:55.832] [Server thread/DEBUG] [net.minecraftforge.network.HandshakeHandler/FMLHANDSHAKE]: Sending ticking packet info 'Registry minecraft:fluid' to 'fml:handshake' sequence 20
[10Aug2025 21:08:55.883] [Server thread/DEBUG] [net.minecraftforge.network.HandshakeHandler/FMLHANDSHAKE]: Sending ticking packet info 'Registry minecraft:entity_type' to 'fml:handshake' sequence 21
[10Aug2025 21:08:55.932] [Server thread/DEBUG] [net.minecraftforge.network.HandshakeHandler/FMLHANDSHAKE]: Sending ticking packet info 'Config securitycraft-server.toml' to 'fml:handshake' sequence 22
[10Aug2025 21:08:55.981] [Server thread/DEBUG] [net.minecraftforge.network.HandshakeHandler/FMLHANDSHAKE]: Sending ticking packet info 'Config journeymap-server.toml' to 'fml:handshake' sequence 23
[10Aug2025 21:08:56.032] [Server thread/DEBUG] [net.minecraftforge.network.HandshakeHandler/FMLHANDSHAKE]: Sending ticking packet info 'Config curios-server.toml' to 'fml:handshake' sequence 24
[10Aug2025 21:08:56.081] [Server thread/DEBUG] [net.minecraftforge.network.HandshakeHandler/FMLHANDSHAKE]: Sending ticking packet info 'Config tombstone-server.toml' to 'fml:handshake' sequence 25
[10Aug2025 21:08:56.132] [Server thread/DEBUG] [net.minecraftforge.network.HandshakeHandler/FMLHANDSHAKE]: Sending ticking packet info 'Config travelersbackpack-server.toml' to 'fml:handshake' sequence 26
[10Aug2025 21:08:56.181] [Server thread/DEBUG] [net.minecraftforge.network.HandshakeHandler/FMLHANDSHAKE]: Sending ticking packet info 'Config sophisticatedbackpacks-server.toml' to 'fml:handshake' sequence 27
[10Aug2025 21:08:56.231] [Server thread/DEBUG] [net.minecraftforge.network.HandshakeHandler/FMLHANDSHAKE]: Sending ticking packet info 'Config easyanvils-server.toml' to 'fml:handshake' sequence 28
[10Aug2025 21:08:56.281] [Server thread/DEBUG] [net.minecraftforge.network.HandshakeHandler/FMLHANDSHAKE]: Sending ticking packet info 'Config easymagic-server.toml' to 'fml:handshake' sequence 29
[10Aug2025 21:08:56.331] [Server thread/DEBUG] [net.minecraftforge.network.HandshakeHandler/FMLHANDSHAKE]: Sending ticking packet info 'Config jei-server.toml' to 'fml:handshake' sequence 30
[10Aug2025 21:08:56.382] [Server thread/DEBUG] [net.minecraftforge.network.HandshakeHandler/FMLHANDSHAKE]: Sending ticking packet info 'Config forge-server.toml' to 'fml:handshake' sequence 31
[10Aug2025 21:09:24.586] [Server thread/INFO] [net.minecraft.server.network.ServerLoginPacketListenerImpl/]: com.mojang.authlib.GameProfile@3da178ed[id=<null>,name=Ent144,properties={},legacy=false] (/127.171.113.235:53775) lost connection: Disconnected
[10Aug2025 21:09:27.612] [Netty Epoll Server IO #3/DEBUG] [net.minecraftforge.network.HandshakeHandler/FMLHANDSHAKE]: Starting new modded impl connection. Found 32 messages to dispatch.
[10Aug2025 21:09:27.633] [Server thread/DEBUG] [net.minecraftforge.network.HandshakeHandler/FMLHANDSHAKE]: Sending ticking packet info 'net.minecraftforge.network.HandshakeMessages$S2CModData' to 'fml:handshake' sequence 0
[10Aug2025 21:09:27.683] [Server thread/DEBUG] [net.minecraftforge.network.HandshakeHandler/FMLHANDSHAKE]: Sending ticking packet info 'net.minecraftforge.network.HandshakeMessages$S2CModList' to 'fml:handshake' sequence 1
[10Aug2025 21:09:27.731] [Server thread/DEBUG] [net.minecraftforge.network.HandshakeHandler/FMLHANDSHAKE]: Sending ticking packet info 'Registry minecraft:command_argument_type' to 'fml:handshake' sequence 2
[10Aug2025 21:09:27.782] [Server thread/DEBUG] [net.minecraftforge.network.HandshakeHandler/FMLHANDSHAKE]: Sending ticking packet info 'Registry minecraft:recipe_serializer' to 'fml:handshake' sequence 3
[10Aug2025 21:09:27.831] [Server thread/DEBUG] [net.minecraftforge.network.HandshakeHandler/FMLHANDSHAKE]: Sending ticking packet info 'Registry minecraft:sound_event' to 'fml:handshake' sequence 4
[10Aug2025 21:09:27.863] [Netty Epoll Server IO #3/DEBUG] [net.minecraftforge.network.LoginWrapper/FMLHANDSHAKE]: Recieved login wrapper packet event for channel fml:handshake with index 1
[10Aug2025 21:09:27.865] [Netty Epoll Server IO #3/DEBUG] [net.minecraftforge.network.HandshakeHandler/FMLHANDSHAKE]: Received client indexed reply 1 of type net.minecraftforge.network.HandshakeMessages$C2SModListReply
[10Aug2025 21:09:27.865] [Netty Epoll Server IO #3/DEBUG] [net.minecraftforge.network.HandshakeHandler/FMLHANDSHAKE]: Received client connection with modlist [betterdungeons, mowziesmobs, kuma_api, easyanvils, amendments, geckolib, easymagic, jei, mcwwindows, dynamiclights, incendium, sophisticatedcore, waystones, mcwpaintings, journeymap, travelersbackpack, artifacts, yungsapi, mcwstairs, mixinextras, glitchcore, sophisticatedbackpacks, mcwdoors, balm, terralith, carryon, jeresources, puzzlesaccessapi, dungeons_arise_seven_seas, cloth_config, forge, stackrefill, supplementaries, mcwpaths, dungeons_arise, minecraft, ati_structuresv, mcwbridges, farmersdelight, trade_cycling, libipn, terrablender, moonlight, regions_unexplored, mixinsquared, jade, mcwtrpdoors, mcwfences, lionfishapi, kotlinforforge, mcwbiomesoplenty, biomesoplenty, cataclysm, curios, suppsquared, collective, securitycraft, mr_dungeons_andtaverns, tombstone, mcwroofs, inventoryprofilesnext, architectury, animal_feeding_trough, mcwfurnitures, puzzleslib, addonslib, jadeaddons, expandability, mcwlights, everycomp]
[10Aug2025 21:09:27.866] [Netty Epoll Server IO #3/DEBUG] [net.minecraftforge.network.NetworkRegistry/NETREGISTRY]: Channel 'supplementaries:channel' : Version test of '0' from client : ACCEPTED
[10Aug2025 21:09:27.866] [Netty Epoll Server IO #3/DEBUG] [net.minecraftforge.network.NetworkRegistry/NETREGISTRY]: Channel 'architectury:network' : Version test of '1' from client : ACCEPTED
[10Aug2025 21:09:27.866] [Netty Epoll Server IO #3/DEBUG] [net.minecraftforge.network.NetworkRegistry/NETREGISTRY]: Channel 'jei:channel' : Version test of '1.0.0' from client : ACCEPTED
[10Aug2025 21:09:27.866] [Netty Epoll Server IO #3/DEBUG] [net.minecraftforge.network.NetworkRegistry/NETREGISTRY]: Channel 'carryon:carryonpackets' : Version test of '1.0' from client : ACCEPTED
[10Aug2025 21:09:27.866] [Netty Epoll Server IO #3/DEBUG] [net.minecraftforge.network.NetworkRegistry/NETREGISTRY]: Channel 'minecraft:unregister' : Version test of 'FML3' from client : ACCEPTED
[10Aug2025 21:09:27.866] [Netty Epoll Server IO #3/DEBUG] [net.minecraftforge.network.NetworkRegistry/NETREGISTRY]: Channel 'sophisticatedbackpacks:channel' : Version test of '1' from client : ACCEPTED
[10Aug2025 21:09:27.866] [Netty Epoll Server IO #3/DEBUG] [net.minecraftforge.network.NetworkRegistry/NETREGISTRY]: Channel 'puzzleslib:1' : Version test of '1' from client : ACCEPTED
[10Aug2025 21:09:27.867] [Netty Epoll Server IO #3/DEBUG] [net.minecraftforge.network.NetworkRegistry/NETREGISTRY]: Channel 'easymagic:1' : Version test of '1' from client : ACCEPTED
[10Aug2025 21:09:27.867] [Netty Epoll Server IO #3/DEBUG] [net.minecraftforge.network.NetworkRegistry/NETREGISTRY]: Channel 'securitycraft:securitycraft' : Version test of 'v1.10.0.1' from client : ACCEPTED
[10Aug2025 21:09:27.867] [Netty Epoll Server IO #3/DEBUG] [net.minecraftforge.network.NetworkRegistry/NETREGISTRY]: Channel 'journeymap:version' : Version test of '1' from client : ACCEPTED
[10Aug2025 21:09:27.867] [Netty Epoll Server IO #3/DEBUG] [net.minecraftforge.network.NetworkRegistry/NETREGISTRY]: Channel 'trade_cycling:cycle_trades' : Version test of 'ALLOWVANILLA 💓💓💓' from client : ACCEPTED
[10Aug2025 21:09:27.867] [Netty Epoll Server IO #3/DEBUG] [net.minecraftforge.network.NetworkRegistry/NETREGISTRY]: Channel 'travelersbackpack:network' : Version test of 'travelersbackpack:1' from client : ACCEPTED
[10Aug2025 21:09:27.867] [Netty Epoll Server IO #3/DEBUG] [net.minecraftforge.network.NetworkRegistry/NETREGISTRY]: Channel 'amendments:channel' : Version test of '0' from client : ACCEPTED
[10Aug2025 21:09:27.867] [Netty Epoll Server IO #3/DEBUG] [net.minecraftforge.network.NetworkRegistry/NETREGISTRY]: Channel 'curios:main' : Version test of '1' from client : ACCEPTED
[10Aug2025 21:09:27.867] [Netty Epoll Server IO #3/DEBUG] [net.minecraftforge.network.NetworkRegistry/NETREGISTRY]: Channel 'everycomp:channel' : Version test of '0' from client : ACCEPTED
[10Aug2025 21:09:27.867] [Netty Epoll Server IO #3/DEBUG] [net.minecraftforge.network.NetworkRegistry/NETREGISTRY]: Channel 'worldinfo:world_id' : Version test of '1' from client : ACCEPTED
[10Aug2025 21:09:27.867] [Netty Epoll Server IO #3/DEBUG] [net.minecraftforge.network.NetworkRegistry/NETREGISTRY]: Channel 'balm:network' : Version test of '1.0' from client : ACCEPTED
[10Aug2025 21:09:27.867] [Netty Epoll Server IO #3/DEBUG] [net.minecraftforge.network.NetworkRegistry/NETREGISTRY]: Channel 'journeymap:admin_req' : Version test of '1' from client : ACCEPTED
[10Aug2025 21:09:27.867] [Netty Epoll Server IO #3/DEBUG] [net.minecraftforge.network.NetworkRegistry/NETREGISTRY]: Channel 'cataclysm:main_channel' : Version test of '1' from client : ACCEPTED
[10Aug2025 21:09:27.867] [Netty Epoll Server IO #3/DEBUG] [net.minecraftforge.network.NetworkRegistry/NETREGISTRY]: Channel 'journeymap:mp_options_req' : Version test of '1' from client : ACCEPTED
[10Aug2025 21:09:27.867] [Netty Epoll Server IO #3/DEBUG] [net.minecraftforge.network.NetworkRegistry/NETREGISTRY]: Channel 'journeymap:waypoint' : Version test of '1' from client : ACCEPTED
[10Aug2025 21:09:27.867] [Netty Epoll Server IO #3/DEBUG] [net.minecraftforge.network.NetworkRegistry/NETREGISTRY]: Channel 'lionfishapi:main_channel' : Version test of '1' from client : ACCEPTED
[10Aug2025 21:09:27.867] [Netty Epoll Server IO #3/DEBUG] [net.minecraftforge.network.NetworkRegistry/NETREGISTRY]: Channel 'fml:loginwrapper' : Version test of 'FML3' from client : ACCEPTED
[10Aug2025 21:09:27.868] [Netty Epoll Server IO #3/DEBUG] [net.minecraftforge.network.NetworkRegistry/NETREGISTRY]: Channel 'forge:tier_sorting' : Version test of '1.0' from client : ACCEPTED
[10Aug2025 21:09:27.868] [Netty Epoll Server IO #3/DEBUG] [net.minecraftforge.network.NetworkRegistry/NETREGISTRY]: Channel 'tombstone:tombstone_channel' : Version test of 'tombstone-8.9.8' from client : ACCEPTED
[10Aug2025 21:09:27.868] [Netty Epoll Server IO #3/DEBUG] [net.minecraftforge.network.NetworkRegistry/NETREGISTRY]: Channel 'mowziesmobs:net' : Version test of '1' from client : ACCEPTED
[10Aug2025 21:09:27.868] [Netty Epoll Server IO #3/DEBUG] [net.minecraftforge.network.NetworkRegistry/NETREGISTRY]: Channel 'ati_structuresv:ati_structuresv' : Version test of '1' from client : ACCEPTED
[10Aug2025 21:09:27.868] [Netty Epoll Server IO #3/DEBUG] [net.minecraftforge.network.NetworkRegistry/NETREGISTRY]: Channel 'fml:play' : Version test of 'FML3' from client : ACCEPTED
[10Aug2025 21:09:27.868] [Netty Epoll Server IO #3/DEBUG] [net.minecraftforge.network.NetworkRegistry/NETREGISTRY]: Channel 'journeymap:player_loc' : Version test of '1' from client : ACCEPTED
[10Aug2025 21:09:27.868] [Netty Epoll Server IO #3/DEBUG] [net.minecraftforge.network.NetworkRegistry/NETREGISTRY]: Channel 'journeymap:admin_save' : Version test of '1' from client : ACCEPTED
[10Aug2025 21:09:27.868] [Netty Epoll Server IO #3/DEBUG] [net.minecraftforge.network.NetworkRegistry/NETREGISTRY]: Channel 'sophisticatedcore:channel' : Version test of '1' from client : ACCEPTED
[10Aug2025 21:09:27.868] [Netty Epoll Server IO #3/DEBUG] [net.minecraftforge.network.NetworkRegistry/NETREGISTRY]: Channel 'journeymap:teleport_req' : Version test of '1' from client : ACCEPTED
[10Aug2025 21:09:27.868] [Netty Epoll Server IO #3/DEBUG] [net.minecraftforge.network.NetworkRegistry/NETREGISTRY]: Channel 'fml:handshake' : Version test of 'FML3' from client : ACCEPTED
[10Aug2025 21:09:27.868] [Netty Epoll Server IO #3/DEBUG] [net.minecraftforge.network.NetworkRegistry/NETREGISTRY]: Channel 'easyanvils:1' : Version test of '1' from client : ACCEPTED
[10Aug2025 21:09:27.868] [Netty Epoll Server IO #3/DEBUG] [net.minecraftforge.network.NetworkRegistry/NETREGISTRY]: Channel 'journeymap:common' : Version test of '1' from client : ACCEPTED
[10Aug2025 21:09:27.868] [Netty Epoll Server IO #3/DEBUG] [net.minecraftforge.network.NetworkRegistry/NETREGISTRY]: Channel 'minecraft:register' : Version test of 'FML3' from client : ACCEPTED
[10Aug2025 21:09:27.868] [Netty Epoll Server IO #3/DEBUG] [net.minecraftforge.network.NetworkRegistry/NETREGISTRY]: Channel 'forge:split' : Version test of '1.1' from client : ACCEPTED
[10Aug2025 21:09:27.868] [Netty Epoll Server IO #3/DEBUG] [net.minecraftforge.network.NetworkRegistry/NETREGISTRY]: Channel 'journeymap:perm_req' : Version test of '1' from client : ACCEPTED
[10Aug2025 21:09:27.868] [Netty Epoll Server IO #3/DEBUG] [net.minecraftforge.network.NetworkRegistry/NETREGISTRY]: Channel 'geckolib:main' : Version test of '1' from client : ACCEPTED
[10Aug2025 21:09:27.868] [Netty Epoll Server IO #3/DEBUG] [net.minecraftforge.network.NetworkRegistry/NETREGISTRY]: Channel 'waystones:network' : Version test of '1.0' from client : ACCEPTED
[10Aug2025 21:09:27.868] [Netty Epoll Server IO #3/DEBUG] [net.minecraftforge.network.NetworkRegistry/NETREGISTRY]: Channel 'moonlight:channel' : Version test of '0' from client : ACCEPTED
[10Aug2025 21:09:27.869] [Netty Epoll Server IO #3/DEBUG] [net.minecraftforge.network.NetworkRegistry/NETREGISTRY]: Channel 'jade:networking' : Version test of '2' from client : ACCEPTED
[10Aug2025 21:09:27.869] [Netty Epoll Server IO #3/DEBUG] [net.minecraftforge.network.NetworkRegistry/NETREGISTRY]: Accepting channel list from client
[10Aug2025 21:09:27.869] [Netty Epoll Server IO #3/DEBUG] [net.minecraftforge.network.HandshakeHandler/FMLHANDSHAKE]: Accepted client connection mod list
[10Aug2025 21:09:27.882] [Server thread/DEBUG] [net.minecraftforge.network.HandshakeHandler/FMLHANDSHAKE]: Sending ticking packet info 'Registry minecraft:particle_type' to 'fml:handshake' sequence 5
[10Aug2025 21:09:27.912] [Netty Epoll Server IO #3/DEBUG] [net.minecraftforge.network.LoginWrapper/FMLHANDSHAKE]: Recieved login wrapper packet event for channel fml:handshake with index 2
[10Aug2025 21:09:27.913] [Netty Epoll Server IO #3/DEBUG] [net.minecraftforge.network.HandshakeHandler/FMLHANDSHAKE]: Received client indexed reply 2 of type net.minecraftforge.network.HandshakeMessages$C2SAcknowledge
[10Aug2025 21:09:27.913] [Netty Epoll Server IO #3/DEBUG] [net.minecraftforge.network.HandshakeHandler/FMLHANDSHAKE]: Received acknowledgement from client
[10Aug2025 21:09:27.931] [Server thread/DEBUG] [net.minecraftforge.network.HandshakeHandler/FMLHANDSHAKE]: Sending ticking packet info 'Registry minecraft:villager_profession' to 'fml:handshake' sequence 6
[10Aug2025 21:09:27.976] [Netty Epoll Server IO #3/DEBUG] [net.minecraftforge.network.LoginWrapper/FMLHANDSHAKE]: Recieved login wrapper packet event for channel fml:handshake with index 3
[10Aug2025 21:09:27.976] [Netty Epoll Server IO #3/DEBUG] [net.minecraftforge.network.HandshakeHandler/FMLHANDSHAKE]: Received client indexed reply 3 of type net.minecraftforge.network.HandshakeMessages$C2SAcknowledge
[10Aug2025 21:09:27.976] [Netty Epoll Server IO #3/DEBUG] [net.minecraftforge.network.HandshakeHandler/FMLHANDSHAKE]: Received acknowledgement from client
[10Aug2025 21:09:27.982] [Server thread/DEBUG] [net.minecraftforge.network.HandshakeHandler/FMLHANDSHAKE]: Sending ticking packet info 'Registry minecraft:item' to 'fml:handshake' sequence 7
[10Aug2025 21:09:28.032] [Server thread/DEBUG] [net.minecraftforge.network.HandshakeHandler/FMLHANDSHAKE]: Sending ticking packet info 'Registry minecraft:potion' to 'fml:handshake' sequence 8
[10Aug2025 21:09:28.082] [Server thread/DEBUG] [net.minecraftforge.network.HandshakeHandler/FMLHANDSHAKE]: Sending ticking packet info 'Registry minecraft:painting_variant' to 'fml:handshake' sequence 9
[10Aug2025 21:09:28.131] [Server thread/DEBUG] [net.minecraftforge.network.HandshakeHandler/FMLHANDSHAKE]: Sending ticking packet info 'Registry forge:fluid_type' to 'fml:handshake' sequence 10
[10Aug2025 21:09:28.182] [Server thread/DEBUG] [net.minecraftforge.network.HandshakeHandler/FMLHANDSHAKE]: Sending ticking packet info 'Registry minecraft:block_entity_type' to 'fml:handshake' sequence 11
[10Aug2025 21:09:28.231] [Server thread/DEBUG] [net.minecraftforge.network.HandshakeHandler/FMLHANDSHAKE]: Sending ticking packet info 'Registry forge:display_contexts' to 'fml:handshake' sequence 12
[10Aug2025 21:09:28.252] [Netty Epoll Server IO #3/DEBUG] [net.minecraftforge.network.LoginWrapper/FMLHANDSHAKE]: Recieved login wrapper packet event for channel fml:handshake with index 4
[10Aug2025 21:09:28.252] [Netty Epoll Server IO #3/DEBUG] [net.minecraftforge.network.HandshakeHandler/FMLHANDSHAKE]: Received client indexed reply 4 of type net.minecraftforge.network.HandshakeMessages$C2SAcknowledge
[10Aug2025 21:09:28.252] [Netty Epoll Server IO #3/DEBUG] [net.minecraftforge.network.HandshakeHandler/FMLHANDSHAKE]: Received acknowledgement from client
[10Aug2025 21:09:28.252] [Netty Epoll Server IO #3/DEBUG] [net.minecraftforge.network.LoginWrapper/FMLHANDSHAKE]: Recieved login wrapper packet event for channel fml:handshake with index 5
[10Aug2025 21:09:28.252] [Netty Epoll Server IO #3/DEBUG] [net.minecraftforge.network.HandshakeHandler/FMLHANDSHAKE]: Received client indexed reply 5 of type net.minecraftforge.network.HandshakeMessages$C2SAcknowledge
[10Aug2025 21:09:28.252] [Netty Epoll Server IO #3/DEBUG] [net.minecraftforge.network.HandshakeHandler/FMLHANDSHAKE]: Received acknowledgement from client
[10Aug2025 21:09:28.253] [Netty Epoll Server IO #3/DEBUG] [net.minecraftforge.network.LoginWrapper/FMLHANDSHAKE]: Recieved login wrapper packet event for channel fml:handshake with index 6
[10Aug2025 21:09:28.253] [Netty Epoll Server IO #3/DEBUG] [net.minecraftforge.network.HandshakeHandler/FMLHANDSHAKE]: Received client indexed reply 6 of type net.minecraftforge.network.HandshakeMessages$C2SAcknowledge
[10Aug2025 21:09:28.253] [Netty Epoll Server IO #3/DEBUG] [net.minecraftforge.network.HandshakeHandler/FMLHANDSHAKE]: Received acknowledgement from client
[10Aug2025 21:09:28.281] [Server thread/DEBUG] [net.minecraftforge.network.HandshakeHandler/FMLHANDSHAKE]: Sending ticking packet info 'Registry minecraft:block' to 'fml:handshake' sequence 13
[10Aug2025 21:09:28.331] [Server thread/DEBUG] [net.minecraftforge.network.HandshakeHandler/FMLHANDSHAKE]: Sending ticking packet info 'Registry forge:entity_data_serializers' to 'fml:handshake' sequence 14
[10Aug2025 21:09:28.381] [Server thread/DEBUG] [net.minecraftforge.network.HandshakeHandler/FMLHANDSHAKE]: Sending ticking packet info 'Registry minecraft:mob_effect' to 'fml:handshake' sequence 15
[10Aug2025 21:09:28.431] [Server thread/DEBUG] [net.minecraftforge.network.HandshakeHandler/FMLHANDSHAKE]: Sending ticking packet info 'Registry minecraft:stat_type' to 'fml:handshake' sequence 16
[10Aug2025 21:09:28.481] [Server thread/DEBUG] [net.minecraftforge.network.HandshakeHandler/FMLHANDSHAKE]: Sending ticking packet info 'Registry tombstone:perks' to 'fml:handshake' sequence 17
[10Aug2025 21:09:28.531] [Server thread/DEBUG] [net.minecraftforge.network.HandshakeHandler/FMLHANDSHAKE]: Sending ticking packet info 'Registry minecraft:menu' to 'fml:handshake' sequence 18
[10Aug2025 21:09:28.582] [Server thread/DEBUG] [net.minecraftforge.network.HandshakeHandler/FMLHANDSHAKE]: Sending ticking packet info 'Registry minecraft:enchantment' to 'fml:handshake' sequence 19
[10Aug2025 21:09:28.632] [Server thread/DEBUG] [net.minecraftforge.network.HandshakeHandler/FMLHANDSHAKE]: Sending ticking packet info 'Registry minecraft:fluid' to 'fml:handshake' sequence 20
[10Aug2025 21:09:28.682] [Server thread/DEBUG] [net.minecraftforge.network.HandshakeHandler/FMLHANDSHAKE]: Sending ticking packet info 'Registry minecraft:entity_type' to 'fml:handshake' sequence 21
[10Aug2025 21:09:28.732] [Server thread/DEBUG] [net.minecraftforge.network.HandshakeHandler/FMLHANDSHAKE]: Sending ticking packet info 'Config securitycraft-server.toml' to 'fml:handshake' sequence 22
[10Aug2025 21:09:28.781] [Server thread/DEBUG] [net.minecraftforge.network.HandshakeHandler/FMLHANDSHAKE]: Sending ticking packet info 'Config journeymap-server.toml' to 'fml:handshake' sequence 23
[10Aug2025 21:09:28.831] [Server thread/DEBUG] [net.minecraftforge.network.HandshakeHandler/FMLHANDSHAKE]: Sending ticking packet info 'Config curios-server.toml' to 'fml:handshake' sequence 24
[10Aug2025 21:09:28.881] [Server thread/DEBUG] [net.minecraftforge.network.HandshakeHandler/FMLHANDSHAKE]: Sending ticking packet info 'Config tombstone-server.toml' to 'fml:handshake' sequence 25
[10Aug2025 21:09:28.918] [Netty Epoll Server IO #3/DEBUG] [net.minecraftforge.network.LoginWrapper/FMLHANDSHAKE]: Recieved login wrapper packet event for channel fml:handshake with index 7
[10Aug2025 21:09:28.918] [Netty Epoll Server IO #3/DEBUG] [net.minecraftforge.network.HandshakeHandler/FMLHANDSHAKE]: Received client indexed reply 7 of type net.minecraftforge.network.HandshakeMessages$C2SAcknowledge
[10Aug2025 21:09:28.918] [Netty Epoll Server IO #3/DEBUG] [net.minecraftforge.network.HandshakeHandler/FMLHANDSHAKE]: Received acknowledgement from client
[10Aug2025 21:09:28.919] [Netty Epoll Server IO #3/DEBUG] [net.minecraftforge.network.LoginWrapper/FMLHANDSHAKE]: Recieved login wrapper packet event for channel fml:handshake with index 8
[10Aug2025 21:09:28.919] [Netty Epoll Server IO #3/DEBUG] [net.minecraftforge.network.HandshakeHandler/FMLHANDSHAKE]: Received client indexed reply 8 of type net.minecraftforge.network.HandshakeMessages$C2SAcknowledge
[10Aug2025 21:09:28.919] [Netty Epoll Server IO #3/DEBUG] [net.minecraftforge.network.HandshakeHandler/FMLHANDSHAKE]: Received acknowledgement from client
[10Aug2025 21:09:28.919] [Netty Epoll Server IO #3/DEBUG] [net.minecraftforge.network.LoginWrapper/FMLHANDSHAKE]: Recieved login wrapper packet event for channel fml:handshake with index 9
[10Aug2025 21:09:28.919] [Netty Epoll Server IO #3/DEBUG] [net.minecraftforge.network.HandshakeHandler/FMLHANDSHAKE]: Received client indexed reply 9 of type net.minecraftforge.network.HandshakeMessages$C2SAcknowledge
[10Aug2025 21:09:28.919] [Netty Epoll Server IO #3/DEBUG] [net.minecraftforge.network.HandshakeHandler/FMLHANDSHAKE]: Received acknowledgement from client
[10Aug2025 21:09:28.919] [Netty Epoll Server IO #3/DEBUG] [net.minecraftforge.network.LoginWrapper/FMLHANDSHAKE]: Recieved login wrapper packet event for channel fml:handshake with index 10
[10Aug2025 21:09:28.920] [Netty Epoll Server IO #3/DEBUG] [net.minecraftforge.network.HandshakeHandler/FMLHANDSHAKE]: Received client indexed reply 10 of type net.minecraftforge.network.HandshakeMessages$C2SAcknowledge
[10Aug2025 21:09:28.920] [Netty Epoll Server IO #3/DEBUG] [net.minecraftforge.network.HandshakeHandler/FMLHANDSHAKE]: Received acknowledgement from client
[10Aug2025 21:09:28.931] [Netty Epoll Server IO #3/DEBUG] [net.minecraftforge.network.LoginWrapper/FMLHANDSHAKE]: Recieved login wrapper packet event for channel fml:handshake with index 11
[10Aug2025 21:09:28.931] [Netty Epoll Server IO #3/DEBUG] [net.minecraftforge.network.HandshakeHandler/FMLHANDSHAKE]: Received client indexed reply 11 of type net.minecraftforge.network.HandshakeMessages$C2SAcknowledge
[10Aug2025 21:09:28.931] [Netty Epoll Server IO #3/DEBUG] [net.minecraftforge.network.HandshakeHandler/FMLHANDSHAKE]: Received acknowledgement from client
[10Aug2025 21:09:28.931] [Netty Epoll Server IO #3/DEBUG] [net.minecraftforge.network.LoginWrapper/FMLHANDSHAKE]: Recieved login wrapper packet event for channel fml:handshake with index 12
[10Aug2025 21:09:28.931] [Netty Epoll Server IO #3/DEBUG] [net.minecraftforge.network.HandshakeHandler/FMLHANDSHAKE]: Received client indexed reply 12 of type net.minecraftforge.network.HandshakeMessages$C2SAcknowledge
[10Aug2025 21:09:28.931] [Netty Epoll Server IO #3/DEBUG] [net.minecraftforge.network.HandshakeHandler/FMLHANDSHAKE]: Received acknowledgement from client
[10Aug2025 21:09:28.932] [Server thread/DEBUG] [net.minecraftforge.network.HandshakeHandler/FMLHANDSHAKE]: Sending ticking packet info 'Config travelersbackpack-server.toml' to 'fml:handshake' sequence 26
[10Aug2025 21:09:28.981] [Server thread/DEBUG] [net.minecraftforge.network.HandshakeHandler/FMLHANDSHAKE]: Sending ticking packet info 'Config sophisticatedbackpacks-server.toml' to 'fml:handshake' sequence 27
[10Aug2025 21:09:29.031] [Server thread/DEBUG] [net.minecraftforge.network.HandshakeHandler/FMLHANDSHAKE]: Sending ticking packet info 'Config easyanvils-server.toml' to 'fml:handshake' sequence 28
[10Aug2025 21:09:29.081] [Server thread/DEBUG] [net.minecraftforge.network.HandshakeHandler/FMLHANDSHAKE]: Sending ticking packet info 'Config easymagic-server.toml' to 'fml:handshake' sequence 29
[10Aug2025 21:09:29.131] [Server thread/DEBUG] [net.minecraftforge.network.HandshakeHandler/FMLHANDSHAKE]: Sending ticking packet info 'Config jei-server.toml' to 'fml:handshake' sequence 30
[10Aug2025 21:09:29.181] [Server thread/DEBUG] [net.minecraftforge.network.HandshakeHandler/FMLHANDSHAKE]: Sending ticking packet info 'Config forge-server.toml' to 'fml:handshake' sequence 31
[10Aug2025 21:09:29.450] [Netty Epoll Server IO #3/DEBUG] [net.minecraftforge.network.LoginWrapper/FMLHANDSHAKE]: Recieved login wrapper packet event for channel fml:handshake with index 13
[10Aug2025 21:09:29.450] [Netty Epoll Server IO #3/DEBUG] [net.minecraftforge.network.HandshakeHandler/FMLHANDSHAKE]: Received client indexed reply 13 of type net.minecraftforge.network.HandshakeMessages$C2SAcknowledge
[10Aug2025 21:09:29.450] [Netty Epoll Server IO #3/DEBUG] [net.minecraftforge.network.HandshakeHandler/FMLHANDSHAKE]: Received acknowledgement from client
[10Aug2025 21:09:29.450] [Netty Epoll Server IO #3/DEBUG] [net.minecraftforge.network.LoginWrapper/FMLHANDSHAKE]: Recieved login wrapper packet event for channel fml:handshake with index 14
[10Aug2025 21:09:29.451] [Netty Epoll Server IO #3/DEBUG] [net.minecraftforge.network.HandshakeHandler/FMLHANDSHAKE]: Received client indexed reply 14 of type net.minecraftforge.network.HandshakeMessages$C2SAcknowledge
[10Aug2025 21:09:29.451] [Netty Epoll Server IO #3/DEBUG] [net.minecraftforge.network.HandshakeHandler/FMLHANDSHAKE]: Received acknowledgement from client
[10Aug2025 21:09:29.451] [Netty Epoll Server IO #3/DEBUG] [net.minecraftforge.network.LoginWrapper/FMLHANDSHAKE]: Recieved login wrapper packet event for channel fml:handshake with index 15
[10Aug2025 21:09:29.451] [Netty Epoll Server IO #3/DEBUG] [net.minecraftforge.network.HandshakeHandler/FMLHANDSHAKE]: Received client indexed reply 15 of type net.minecraftforge.network.HandshakeMessages$C2SAcknowledge
[10Aug2025 21:09:29.451] [Netty Epoll Server IO #3/DEBUG] [net.minecraftforge.network.HandshakeHandler/FMLHANDSHAKE]: Received acknowledgement from client
[10Aug2025 21:09:29.451] [Netty Epoll Server IO #3/DEBUG] [net.minecraftforge.network.LoginWrapper/FMLHANDSHAKE]: Recieved login wrapper packet event for channel fml:handshake with index 16
[10Aug2025 21:09:29.451] [Netty Epoll Server IO #3/DEBUG] [net.minecraftforge.network.HandshakeHandler/FMLHANDSHAKE]: Received client indexed reply 16 of type net.minecraftforge.network.HandshakeMessages$C2SAcknowledge
[10Aug2025 21:09:29.452] [Netty Epoll Server IO #3/DEBUG] [net.minecraftforge.network.HandshakeHandler/FMLHANDSHAKE]: Received acknowledgement from client
[10Aug2025 21:09:29.452] [Netty Epoll Server IO #3/DEBUG] [net.minecraftforge.network.LoginWrapper/FMLHANDSHAKE]: Recieved login wrapper packet event for channel fml:handshake with index 17
[10Aug2025 21:09:29.452] [Netty Epoll Server IO #3/DEBUG] [net.minecraftforge.network.HandshakeHandler/FMLHANDSHAKE]: Received client indexed reply 17 of type net.minecraftforge.network.HandshakeMessages$C2SAcknowledge
[10Aug2025 21:09:29.452] [Netty Epoll Server IO #3/DEBUG] [net.minecraftforge.network.HandshakeHandler/FMLHANDSHAKE]: Received acknowledgement from client
[10Aug2025 21:09:29.452] [Netty Epoll Server IO #3/DEBUG] [net.minecraftforge.network.LoginWrapper/FMLHANDSHAKE]: Recieved login wrapper packet event for channel fml:handshake with index 18
[10Aug2025 21:09:29.452] [Netty Epoll Server IO #3/DEBUG] [net.minecraftforge.network.HandshakeHandler/FMLHANDSHAKE]: Received client indexed reply 18 of type net.minecraftforge.network.HandshakeMessages$C2SAcknowledge
[10Aug2025 21:09:29.452] [Netty Epoll Server IO #3/DEBUG] [net.minecraftforge.network.HandshakeHandler/FMLHANDSHAKE]: Received acknowledgement from client
[10Aug2025 21:09:29.453] [Netty Epoll Server IO #3/DEBUG] [net.minecraftforge.network.LoginWrapper/FMLHANDSHAKE]: Recieved login wrapper packet event for channel fml:handshake with index 19
[10Aug2025 21:09:29.453] [Netty Epoll Server IO #3/DEBUG] [net.minecraftforge.network.HandshakeHandler/FMLHANDSHAKE]: Received client indexed reply 19 of type net.minecraftforge.network.HandshakeMessages$C2SAcknowledge
[10Aug2025 21:09:29.453] [Netty Epoll Server IO #3/DEBUG] [net.minecraftforge.network.HandshakeHandler/FMLHANDSHAKE]: Received acknowledgement from client
[10Aug2025 21:09:29.453] [Netty Epoll Server IO #3/DEBUG] [net.minecraftforge.network.LoginWrapper/FMLHANDSHAKE]: Recieved login wrapper packet event for channel fml:handshake with index 20
[10Aug2025 21:09:29.453] [Netty Epoll Server IO #3/DEBUG] [net.minecraftforge.network.HandshakeHandler/FMLHANDSHAKE]: Received client indexed reply 20 of type net.minecraftforge.network.HandshakeMessages$C2SAcknowledge
[10Aug2025 21:09:29.453] [Netty Epoll Server IO #3/DEBUG] [net.minecraftforge.network.HandshakeHandler/FMLHANDSHAKE]: Received acknowledgement from client
[10Aug2025 21:09:35.544] [Netty Epoll Server IO #3/DEBUG] [net.minecraftforge.network.LoginWrapper/FMLHANDSHAKE]: Recieved login wrapper packet event for channel fml:handshake with index 21
[10Aug2025 21:09:35.544] [Netty Epoll Server IO #3/DEBUG] [net.minecraftforge.network.HandshakeHandler/FMLHANDSHAKE]: Received client indexed reply 21 of type net.minecraftforge.network.HandshakeMessages$C2SAcknowledge
[10Aug2025 21:09:35.545] [Netty Epoll Server IO #3/DEBUG] [net.minecraftforge.network.HandshakeHandler/FMLHANDSHAKE]: Received acknowledgement from client
[10Aug2025 21:09:35.551] [Netty Epoll Server IO #3/DEBUG] [net.minecraftforge.network.LoginWrapper/FMLHANDSHAKE]: Recieved login wrapper packet event for channel fml:handshake with index 22
[10Aug2025 21:09:35.551] [Netty Epoll Server IO #3/DEBUG] [net.minecraftforge.network.HandshakeHandler/FMLHANDSHAKE]: Received client indexed reply 22 of type net.minecraftforge.network.HandshakeMessages$C2SAcknowledge
[10Aug2025 21:09:35.552] [Netty Epoll Server IO #3/DEBUG] [net.minecraftforge.network.HandshakeHandler/FMLHANDSHAKE]: Received acknowledgement from client
[10Aug2025 21:09:35.554] [Netty Epoll Server IO #3/DEBUG] [net.minecraftforge.network.LoginWrapper/FMLHANDSHAKE]: Recieved login wrapper packet event for channel fml:handshake with index 23
[10Aug2025 21:09:35.554] [Netty Epoll Server IO #3/DEBUG] [net.minecraftforge.network.HandshakeHandler/FMLHANDSHAKE]: Received client indexed reply 23 of type net.minecraftforge.network.HandshakeMessages$C2SAcknowledge
[10Aug2025 21:09:35.554] [Netty Epoll Server IO #3/DEBUG] [net.minecraftforge.network.HandshakeHandler/FMLHANDSHAKE]: Received acknowledgement from client
[10Aug2025 21:09:35.554] [Netty Epoll Server IO #3/DEBUG] [net.minecraftforge.network.LoginWrapper/FMLHANDSHAKE]: Recieved login wrapper packet event for channel fml:handshake with index 24
[10Aug2025 21:09:35.554] [Netty Epoll Server IO #3/DEBUG] [net.minecraftforge.network.HandshakeHandler/FMLHANDSHAKE]: Received client indexed reply 24 of type net.minecraftforge.network.HandshakeMessages$C2SAcknowledge
[10Aug2025 21:09:35.554] [Netty Epoll Server IO #3/DEBUG] [net.minecraftforge.network.HandshakeHandler/FMLHANDSHAKE]: Received acknowledgement from client
[10Aug2025 21:09:35.556] [Netty Epoll Server IO #3/DEBUG] [net.minecraftforge.network.LoginWrapper/FMLHANDSHAKE]: Recieved login wrapper packet event for channel fml:handshake with index 25
[10Aug2025 21:09:35.556] [Netty Epoll Server IO #3/DEBUG] [net.minecraftforge.network.HandshakeHandler/FMLHANDSHAKE]: Received client indexed reply 25 of type net.minecraftforge.network.HandshakeMessages$C2SAcknowledge
[10Aug2025 21:09:35.556] [Netty Epoll Server IO #3/DEBUG] [net.minecraftforge.network.HandshakeHandler/FMLHANDSHAKE]: Received acknowledgement from client
[10Aug2025 21:09:35.569] [Netty Epoll Server IO #3/DEBUG] [net.minecraftforge.network.LoginWrapper/FMLHANDSHAKE]: Recieved login wrapper packet event for channel fml:handshake with index 26
[10Aug2025 21:09:35.569] [Netty Epoll Server IO #3/DEBUG] [net.minecraftforge.network.HandshakeHandler/FMLHANDSHAKE]: Received client indexed reply 26 of type net.minecraftforge.network.HandshakeMessages$C2SAcknowledge
[10Aug2025 21:09:35.569] [Netty Epoll Server IO #3/DEBUG] [net.minecraftforge.network.HandshakeHandler/FMLHANDSHAKE]: Received acknowledgement from client
[10Aug2025 21:09:35.571] [Netty Epoll Server IO #3/DEBUG] [net.minecraftforge.network.LoginWrapper/FMLHANDSHAKE]: Recieved login wrapper packet event for channel fml:handshake with index 27
[10Aug2025 21:09:35.572] [Netty Epoll Server IO #3/DEBUG] [net.minecraftforge.network.HandshakeHandler/FMLHANDSHAKE]: Received client indexed reply 27 of type net.minecraftforge.network.HandshakeMessages$C2SAcknowledge
[10Aug2025 21:09:35.572] [Netty Epoll Server IO #3/DEBUG] [net.minecraftforge.network.HandshakeHandler/FMLHANDSHAKE]: Received acknowledgement from client
[10Aug2025 21:09:35.575] [Netty Epoll Server IO #3/DEBUG] [net.minecraftforge.network.LoginWrapper/FMLHANDSHAKE]: Recieved login wrapper packet event for channel fml:handshake with index 28
[10Aug2025 21:09:35.575] [Netty Epoll Server IO #3/DEBUG] [net.minecraftforge.network.HandshakeHandler/FMLHANDSHAKE]: Received client indexed reply 28 of type net.minecraftforge.network.HandshakeMessages$C2SAcknowledge
[10Aug2025 21:09:35.575] [Netty Epoll Server IO #3/DEBUG] [net.minecraftforge.network.HandshakeHandler/FMLHANDSHAKE]: Received acknowledgement from client
[10Aug2025 21:09:35.576] [Netty Epoll Server IO #3/DEBUG] [net.minecraftforge.network.LoginWrapper/FMLHANDSHAKE]: Recieved login wrapper packet event for channel fml:handshake with index 29
[10Aug2025 21:09:35.576] [Netty Epoll Server IO #3/DEBUG] [net.minecraftforge.network.HandshakeHandler/FMLHANDSHAKE]: Received client indexed reply 29 of type net.minecraftforge.network.HandshakeMessages$C2SAcknowledge
[10Aug2025 21:09:35.576] [Netty Epoll Server IO #3/DEBUG] [net.minecraftforge.network.HandshakeHandler/FMLHANDSHAKE]: Received acknowledgement from client
[10Aug2025 21:09:35.576] [Netty Epoll Server IO #3/DEBUG] [net.minecraftforge.network.LoginWrapper/FMLHANDSHAKE]: Recieved login wrapper packet event for channel fml:handshake with index 30
[10Aug2025 21:09:35.576] [Netty Epoll Server IO #3/DEBUG] [net.minecraftforge.network.HandshakeHandler/FMLHANDSHAKE]: Received client indexed reply 30 of type net.minecraftforge.network.HandshakeMessages$C2SAcknowledge
[10Aug2025 21:09:35.576] [Netty Epoll Server IO #3/DEBUG] [net.minecraftforge.network.HandshakeHandler/FMLHANDSHAKE]: Received acknowledgement from client
[10Aug2025 21:09:35.577] [Netty Epoll Server IO #3/DEBUG] [net.minecraftforge.network.LoginWrapper/FMLHANDSHAKE]: Recieved login wrapper packet event for channel fml:handshake with index 31
[10Aug2025 21:09:35.577] [Netty Epoll Server IO #3/DEBUG] [net.minecraftforge.network.HandshakeHandler/FMLHANDSHAKE]: Received client indexed reply 31 of type net.minecraftforge.network.HandshakeMessages$C2SAcknowledge
[10Aug2025 21:09:35.577] [Netty Epoll Server IO #3/DEBUG] [net.minecraftforge.network.HandshakeHandler/FMLHANDSHAKE]: Received acknowledgement from client
[10Aug2025 21:09:35.581] [Server thread/DEBUG] [net.minecraftforge.network.HandshakeHandler/FMLHANDSHAKE]: Handshake complete!
[10Aug2025 21:09:35.825] [Server thread/INFO] [net.minecraft.server.players.PlayerList/]: Ent144[/127.171.113.235:34233] logged in with entity id 437 at (602.7641844208757, 63.0, -775.1616609617325)
[10Aug2025 21:09:35.830] [Server thread/DEBUG] [net.minecraftforge.network.filters.NetworkFilters/]: Injected net.minecraftforge.network.filters.ForgeConnectionNetworkFilter@1e4e02d into net.minecraft.network.Connection@5b4d9c3
[10Aug2025 21:09:35.873] [Server thread/DEBUG] [mixin/]: Mixing PacketDistributorHackMixin from moonlight.mixins.json into net.minecraftforge.network.PacketDistributor
[10Aug2025 21:09:35.958] [Server thread/INFO] [net.minecraft.server.MinecraftServer/]: Ent144 joined the game
[10Aug2025 21:09:36.234] [Server thread/INFO] [Jade/]: Syncing config to Ent144 (603fd958-990c-3eb8-8818-c70b4f6cb9aa)
[10Aug2025 21:09:41.522] [Server thread/WARN] [net.minecraft.server.MinecraftServer/]: Can't keep up! Is the server overloaded? Running 5792ms or 115 ticks behind
[10Aug2025 21:09:41.566] [Netty Epoll Server IO #3/DEBUG] [mixin/]: Mixing ChunkHolderMixin from supplementaries.mixins.json into net.minecraft.network.protocol.game.ClientboundLevelChunkPacketData$BlockEntityInfo
[10Aug2025 21:09:41.566] [Netty Epoll Server IO #3/DEBUG] [mixin/]: Renaming synthetic method lambda$sendBlockEntityCaps$2(Lnet/minecraft/world/level/block/entity/BlockEntity;Lnet/minecraft/server/level/ServerLevel;Lnet/minecraft/core/BlockPos;)V to md81b027$lambda$sendBlockEntityCaps$2$0 in supplementaries.mixins.json:ChunkHolderMixin
[10Aug2025 21:09:41.566] [Netty Epoll Server IO #3/DEBUG] [mixin/]: Renaming synthetic method lambda$sendBlockEntityCaps$1(Lnet/minecraft/server/level/ServerLevel;Lnet/minecraft/core/BlockPos;Lnet/mehvahdjukaar/supplementaries/api/IAntiqueTextProvider;)V to md81b027$lambda$sendBlockEntityCaps$1$1 in supplementaries.mixins.json:ChunkHolderMixin
[10Aug2025 21:09:41.566] [Netty Epoll Server IO #3/DEBUG] [mixin/]: Renaming synthetic method lambda$sendBlockEntityCaps$0(Lnet/minecraft/core/BlockPos;Lnet/mehvahdjukaar/supplementaries/api/IAntiqueTextProvider;Lnet/minecraft/server/level/ServerPlayer;)V to md81b027$lambda$sendBlockEntityCaps$0$2 in supplementaries.mixins.json:ChunkHolderMixin
[10Aug2025 21:09:53.172] [Server thread/DEBUG] [mixin/]: Mixing swimming.FallLocationMixin from expandability-common.mixins.json into net.minecraft.world.damagesource.FallLocation
[10Aug2025 21:10:30.788] [Server thread/DEBUG] [mixin/]: Mixing boat.VanillaInventoryCodeHooksMixin from securitycraft.mixins.json into net.minecraftforge.items.VanillaInventoryCodeHooks
[10Aug2025 21:10:30.788] [Server thread/DEBUG] [mixin/]: Renaming synthetic method lambda$securitycraft$callGetCapabilityForSecuritySeaBoat$0(Lnet/geforcemods/securitycraft/entity/SecuritySeaBoat;Lnet/minecraftforge/items/IItemHandler;)Lorg/apache/commons/lang3/tuple/Pair; to md81b027$lambda$securitycraft$callGetCapabilityForSecuritySeaBoat$0$0 in securitycraft.mixins.json:boat.VanillaInventoryCodeHooksMixin
[10Aug2025 21:11:25.459] [Server thread/DEBUG] [sophisticatedcore/]: Compacting shapes not found in cache for "minecraft:emerald" - querying recipes to get these
[10Aug2025 21:13:17.120] [Server thread/DEBUG] [net.minecraftforge.common.ForgeHooks/WP]: Gathering id map for writing to world save world
[10Aug2025 21:13:17.161] [Server thread/DEBUG] [net.minecraftforge.common.ForgeHooks/WP]: ID Map collection complete world
[10Aug2025 21:13:50.454] [Server thread/DEBUG] [sophisticatedcore/]: Compacting shapes not found in cache for "minecraft:iron_ingot" - querying recipes to get these
[10Aug2025 21:16:16.953] [Server thread/DEBUG] [sophisticatedcore/]: Compacting shapes not found in cache for "minecraft:redstone" - querying recipes to get these
[10Aug2025 21:16:18.956] [Server thread/DEBUG] [sophisticatedcore/]: Compacting shapes not found in cache for "minecraft:lapis_lazuli" - querying recipes to get these
